Workbook
Name EntId: '1) Artists list'!$I$1
Name CompContributor: '7) Comp ContributorPublisher li'!$A$5:$A$995
Name TrackProperties: 'Reference info'!$R$3:$R$10
Name ReleaseType: 'Reference info'!$G$3:$G$7
Name Language: 'Reference info'!$K$3:$K$418
Name Publishing: 'Reference info'!$O$3:$O$5
Name ArtistRole: 'Reference info'!$J$3:$J$430
Name CompositionRole: 'Reference info'!$Q$3:$Q$14
Name Label: '2) Labels list'!$A$5:$A$998
Name Genre: 'Reference info'!$H$3:$H$419
Name Publisher: '7) Comp ContributorPublisher li'!$D$5:$D$995
Name Artist: '1) Artists list'!$A$5:$A$944
Name TenantId: '1) Artists list'!$I$2

Sheet Introduction
B1: INTRODUCTION
A2: 1) | B2: Please make a copy of the master document in order to start filling it out. Make a copy by going to: File > Make a copy
A3: 2) | B3: Rename this document by replacing "MASTER" with your company name.
A4: 3) | B4: Share it with kenny@revelator.com, milan@revelator.com and nicolas.g@revelator.com and provide FULL Edit permissions across the worksheet:
B5: go to Data>Protected sheets and ranges>Show all protected ranges>Change permissions to full editing across ALL protected ranges from tabs 1 to 8
B7: You can also add anyone else from your team as needed.
B9: • Please fill out the catalog insert tabs enumerated in this spreadsheet by following the instructions in the corresponding fields and reading any applicable notes throughout
B10: • A black triangle in the top right corner of a cell means that there is a note — mouse over it to read it
B11: • If you are importing catalog metadata for reporting purposes only, then you only need to complete fields marked as REQUIRED as well as any UPC/ISRC or ID fields through tab 6
B13: Use the 'Sample Data' tab for additional guidance
B15: NOTE: Batch importing new catalog from the worksheet is generally not available on an ongoing basis so be sure all releases and tracks for import are included in the worksheet beforehand.
B16: After the initial import, adding catalog is meant to be done from the frontend of your account (or with the API if you are on an API plan). There are liable to be additional fees if the worksheet is to be used for new catalog after the initial import.
B18: • We DO NOT support importing files from Google Drive
B21: NO DSP sale reports should be uploaded and reporting feeds should NOT be set up until the account's catalog has been finalized, which includes the following steps:
B22: • ALL EXISTING catalog content has been imported
B23: • ALL catalog Delivery/Ingestion FEEDS have been DISABLED
... B30: • Delete ALL error matching rules

Sheet 1) Artists list
A1: =IFERROR(__xludf.DUMMYFUNCTION("COUNTUNIQUE(A5:A944)-if(COUNTIF('4) Release_Artist(s)'!E:E, ""Various Artists"")>0,0,1)"),2.0) -> 2 | B1: List all Artists to Import | C1: =IFERROR(__xludf.DUMMYFUNCTION("COUNTUNIQUE(C5:C944)"),2.0) -> 2 | D1: =IFERROR(__xludf.DUMMYFUNCTION("COUNTUNIQUE(D5:D944)"),2.0) -> 2 | E1: =IFERROR(__xludf.DUMMYFUNCTION("COUNTUNIQUE(E5:E944)"),2.0) -> 2 | F1: =IFERROR(__xludf.DUMMYFUNCTION("COUNTUNIQUE(F5:F944)"),0.0) -> 0 | G1: =IFERROR(__xludf.DUMMYFUNCTION("COUNTUNIQUE(B5:B944)"),2.0) -> 2 | H1: EnterpriseId= | I1: 414849 | J1: ="SELECT * FROM Artists where EntId="&EntId -> SELECT * FROM Artists where EntId=414849
A2: = REQUIRED FIELD | B2: = OPTIONAL FIELD | D2: = READ NOTES / INSTRUCTIONS | F2: = OPTIONAL FIELD | G2: =countif(B5:B944,"<>""")-countif(B5:B944,"") -> 2 | H2: TenantId= | I2: 332920
A3: Artist Name | B3: Artist Image url | C3: Apple ArtistId | D3: Spotify Artist URI | E3: Meta ArtistId | F3: SoundCloud ProfileId | H3: Duplicate Names
A4: Written EXACTLY as per label copy | B4: public URL triggering DIRECT DOWNLOAD of file | C4: Enter Artist's AppleId or 'NEW'=new AppleId | D4: Enter Artist's Spotify URI link or 'NEW'=new Spotify URI link | E4: Facebook Audio Library & Rights Manager ArtistId | F4: SoundCloud Artist Username | H4: =IFERROR(__xludf.DUMMYFUNCTION("counta(A5:A944)-COUNTUNIQUE(A5:A944)"),0.0) -> 0
A5: JKZ | B5: https://www.dropbox.com/scl/fi/7safoetk4p2k4vwi29k4c/Receba-789294845633-UPC.jpg?rlkey=3vty6hb78ol10iv3y6h4md8h3&st=m30ox0p4&dl=1 | C5: 1532352644 | D5: spotify:artist:1Gn8eEXtOWHA7XU8wEWXOb | E5: 697315585919469 | I5: =IFERROR(__xludf.DUMMYFUNCTION("""Insert into Artists VALUES(N'""&SUBSTITUTE(trim(A5),""'"",""''"")&""', (select CreatedBy from Enterprises where EnterpriseId=""&EntId&""), (select ImageId from Images where Filename='""&REGEXREPLACE(A5,""[^[:alnum:]]"","""")&EntId&G5&""'), null, null, g"&"etdate(), null, null, null, null, ""&EntId&"", null, null, null, null, 0, null, null, ""&TenantId&"", null, null, null, null, null, null, 0, 0)"""),"Insert into Artists VALUES(N'JKZ', (select CreatedBy from Enterprises where EnterpriseId=414849), (select ImageId from Images where Filename='JKZ414849'), null, null, getdate(), null, null, null, null, 414849, null, null, null, null, 0, null, null, 332920"&", null, null, null, null, null, null, 0, 0)") -> Insert into Artists VALUES(N'JKZ', (select CreatedBy from Enterprises where EnterpriseId=414849), (select ImageId from Images where Filename='JKZ414849'), null, null, getdate(), null, null, null, null, 414849, null, null, null, null, 0, null, null, 332920, null, null, null, null, null, null, 0, 0) | J5: =if(C5="","","insert into Artists_ExternalIds values ( (select ArtistId from Artists where Name=N'"&SUBSTITUTE(trim($A5),"'","''")&"' and EnterpriseId="&EntId&"), "&if(trim(C5)="new","null","'"&trim(C5)&"'")&", 1)") -> insert into Artists_ExternalIds values ( (select ArtistId from Artists where Name=N'JKZ' and EnterpriseId=414849), '1532352644', 1) | K5: =if(D5="","","insert into Artists_ExternalIds values ( (select ArtistId from Artists where Name=N'"&SUBSTITUTE(trim($A5),"'","''")&"' and EnterpriseId="&EntId&"), "&if(trim(D5)="new","null","'"&right(trim(D5),22)&"'")&", 9)") -> insert into Artists_ExternalIds values ( (select ArtistId from Artists where Name=N'JKZ' and EnterpriseId=414849), '1Gn8eEXtOWHA7XU8wEWXOb', 9)
A6: Flash Beats Manow | B6: https://www.dropbox.com/scl/fi/wky0ryb739s0xs3wo5qop/A-Cl-usula-do-Contrato-789294962088-UPC.jpg?rlkey=91bp85llgb8ho5lnfcs56105s&st=dn12pxrd&dl=1 | C6: 1601139620 | D6: spotify:artist:0ZIlwtVZkqtMZUpbHrz8TL | E6: 697315585919468 | I6: =IFERROR(__xludf.DUMMYFUNCTION("""Insert into Artists VALUES(N'""&SUBSTITUTE(trim(A6),""'"",""''"")&""', (select CreatedBy from Enterprises where EnterpriseId=""&EntId&""), (select ImageId from Images where Filename='""&REGEXREPLACE(A6,""[^[:alnum:]]"","""")&EntId&G6&""'), null, null, g"&"etdate(), null, null, null, null, ""&EntId&"", null, null, null, null, 0, null, null, ""&TenantId&"", null, null, null, null, null, null, 0, 0)"""),"Insert into Artists VALUES(N'Flash Beats Manow', (select CreatedBy from Enterprises where EnterpriseId=414849), (select ImageId from Images where Filename='FlashBeatsManow414849'), null, null, getdate(), null, null, null, null, 414849, null, null, null, n"&"ull, 0, null, null, 332920, null, null, null, null, null, null, 0, 0)") -> Insert into Artists VALUES(N'Flash Beats Manow', (select CreatedBy from Enterprises where EnterpriseId=414849), (select ImageId from Images where Filename='FlashBeatsManow414849'), null, null, getdate(), null, null, null, null, 414849, null, null, null, null, 0, null, null, 332920, null, null, null, null, null, null, 0, 0) | J6: =if(C6="","","insert into Artists_ExternalIds values ( (select ArtistId from Artists where Name=N'"&SUBSTITUTE(trim($A6),"'","''")&"' and EnterpriseId="&EntId&"), "&if(trim(C6)="new","null","'"&trim(C6)&"'")&", 1)") -> insert into Artists_ExternalIds values ( (select ArtistId from Artists where Name=N'Flash Beats Manow' and EnterpriseId=414849), '1601139620', 1) | K6: =if(D6="","","insert into Artists_ExternalIds values ( (select ArtistId from Artists where Name=N'"&SUBSTITUTE(trim($A6),"'","''")&"' and EnterpriseId="&EntId&"), "&if(trim(D6)="new","null","'"&right(trim(D6),22)&"'")&", 9)") -> insert into Artists_ExternalIds values ( (select ArtistId from Artists where Name=N'Flash Beats Manow' and EnterpriseId=414849), '0ZIlwtVZkqtMZUpbHrz8TL', 9)
A944: Various Artists

Sheet 2) Labels list
A1: List all Labels to Import | B1: =IFERROR(__xludf.DUMMYFUNCTION("COUNTUNIQUE(A5:A998)"),2.0) -> 2
A2: = REQUIRED FIELD | B2: Duplicate Names
A3: Label Name | B3: =IFERROR(__xludf.DUMMYFUNCTION("counta(A5:A998)-COUNTUNIQUE(A5:A998)"),0.0) -> 0
A4: Written EXACTLY as per label copy
A5: TokyoRecords | C5: ="Insert into Labels VALUES(N'"&SUBSTITUTE(trim(A5),"'","''")&"', (select CreatedBy from Enterprises where EnterpriseId="&EntId&"), null, null, null, null, null, getdate(), null, null, "&EntId&", null, null, null, null, null, null, "&TenantId&")" -> Insert into Labels VALUES(N'TokyoRecords', (select CreatedBy from Enterprises where EnterpriseId=414849), null, null, null, null, null, getdate(), null, null, 414849, null, null, null, null, null, null, 332920)
A6: PEJOTA10* | C6: ="Insert into Labels VALUES(N'"&SUBSTITUTE(trim(A6),"'","''")&"', (select CreatedBy from Enterprises where EnterpriseId="&EntId&"), null, null, null, null, null, getdate(), null, null, "&EntId&", null, null, null, null, null, null, "&TenantId&")" -> Insert into Labels VALUES(N'PEJOTA10*', (select CreatedBy from Enterprises where EnterpriseId=414849), null, null, null, null, null, getdate(), null, null, 414849, null, null, null, null, null, null, 332920)

Sheet 3) Release_Label
A1: =IFERROR(__xludf.DUMMYFUNCTION("COUNTUNIQUE(A5:A624)"),2.0) -> 2 | B1: = REQUIRED FIELD | C1: =IFERROR(__xludf.DUMMYFUNCTION("COUNTUNIQUE(B5:B624)"),2.0) -> 2 | D1: =IFERROR(__xludf.DUMMYFUNCTION("COUNTUNIQUE(D5:D624)"),2.0) -> 2 | E1: =IFERROR(__xludf.DUMMYFUNCTION("COUNTUNIQUE(E5:E624)"),0.0) -> 0 | F1: = READ NOTES / INSTRUCTIONS | G1: =COUNTA(F5:F624) -> 2 | H1: = OPTIONAL | I1: =countif(I5:I624,"Video")+countif(I5:I624,"Ringtone") -> 0 | M1: = REQUIRED FIELD | N1: = OPTIONAL | R1: ="SELECT count(distinct (ReleaseId)) FROM v_kr_catalog where EnterpriseId="&EntId -> SELECT count(distinct (ReleaseId)) FROM v_kr_catalog where EnterpriseId=414849
A2: RELEASE LEVEL - Label<>UPC/ID | R2: ="SELECT count(*) FROM Releases where CreatedBy=(select CreatedBy from Enterprises where EnterpriseId="&EntId&")" -> SELECT count(*) FROM Releases where CreatedBy=(select CreatedBy from Enterprises where EnterpriseId=414849)
A3: LABEL | B3: COVER IMAGE URL | C3: IMAGE TYPE | D3: UPC / EAN / JAN | E3: CATALOG RELEASE ID | F3: RELEASE TITLE | G3: TITLE LANGUAGE | H3: RELEASE VERSION | I3: RELEASE TYPE | J3: (P) Copyright | L3: (C) Copyright | N3: ORIGINAL RELEASE DATE | O3: GENRE 1 | P3: GENRE 2
A4: (select from Labels list, start typing or drag) | B4: public URL triggering DIRECT DOWNLOAD of file (10 MB max) required if distributing content | C4: jpeg / jpg ONLY | D4: UPC: 12 digits EAN: 13 digits blank if no code yet | E4: Internal Ref. ID required if no code yet | F4: Written EXACTLY as per label copy (no version, type or contributor info) | G4: (select from list, start typing or drag) | H4: If applicable | I4: (select from list, start typing or drag) | J4: Year | K4: Holder | L4: Year | M4: Holder | N4: YYYY-MM-DD | O4: (select from list, start typing or drag) | P4: (select from list, start typing or drag) | Q4: Existing UPCs/ Catalog IDs | T4: Genre Dup
A5: TokyoRecords | B5: https://www.dropbox.com/scl/fi/7safoetk4p2k4vwi29k4c/Receba-789294845633-UPC.jpg?rlkey=3vty6hb78ol10iv3y6h4md8h3&st=m30ox0p4&dl=1 | C5: jpg | D5: 789294845633 | F5: Receba | G5: Portuguese | H5: Extended | I5: Single | J5: 2022 | K5: TokyoRecords | L5: 2022 | M5: TokyoRecords | N5: 44886 | O5: Hip Hop/Rap | P5: African Reggae | R5: =if(B5="","","insert into Images VALUES (NEWID(),'"&if(D5="",trim(E5)&"."&C5,D5&"."&C5)&"', '."&C5&"', getdate(), 0, null, '"&SUBSTITUTE(trim(B5),"'","''")&"', 0, getdate(), null, null)") -> insert into Images VALUES (NEWID(),'789294845633.jpg', '.jpg', getdate(), 0, null, 'https://www.dropbox.com/scl/fi/7safoetk4p2k4vwi29k4c/Receba-789294845633-UPC.jpg?rlkey=3vty6hb78ol10iv3y6h4md8h3&st=m30ox0p4&dl=1', 0, getdate(), null, null) | S5: ="Insert into Releases VALUES((select ReleaseTypeId from ReleaseTypes where Title='"&I5&"'), N'"&SUBSTITUTE(trim(F5),"'","''")&"', null, (select LabelId from Labels where Name=N'"&SUBSTITUTE(trim(A5),"'","''")&"' and EnterpriseId="&EntId&"), "&IF(D5="","null",D5)&", null, null, "&IF(H5="","null","N'"&SUBSTITUTE(trim(H5),"'","''")&"'")&", N'"&J5&" "&SUBSTITUTE(trim(K5),"'","''")&"', N'"&L5&" "&SUBSTITUTE(trim(M5),"'","''")&"', "&IF(N5="","null","'"&TEXT(N5,"yyyy-mm-dd")&"'")&", "&IF(E5="","null","'"&SUBSTITUTE(trim(E5),"'","''")&"'")&", "&if(B5="","null",if(D5="","(select ImageId from Images where Filename='"&E5&"."&C5&"' and ExternalUrl='"&SUBSTITUTE(trim(B5),"'","''")&"')","(select ImageId from Images where Filename='"&D5&"."&C5&"' and ExternalUrl='"&SUBSTITUTE(trim(B5),"'","''")&"')"))&", null, null, null, (select min(LanguageId) from Languages where LanguageName='"&G5&"' and IsValidMetadataLanguage=1), getdate(), (select CreatedBy from Enterprises where EnterpriseId="&EntId&"), null, '34F4C88E-B410-461E-AD75-6C01536FDCD3', null, null, null, null, null, null, null, null, null, 1, null, null, null, "&VLOOKUP(O5,'Reference info'!H:I,2,FALSE)&", "&IF(P5="","null",VLOOKUP(P5,'Reference info'!H:I,2,FALSE))&", 0, null, null, null,"&IF(N5="",0,1)&", 1, null, null, null, null, null, null, null, null, null, 1, null, (NEXT VALUE FOR [AssetIdSequence]), null, null, null, "&TenantId&", "&EntId&", null, "&if(D5<>"",countif('5) Release_Track'!A:A,D5),countif('5) Release_Track'!B:B,E5))&")" -> Insert into Releases VALUES((select ReleaseTypeId from ReleaseTypes where Title='Single'), N'Receba', null, (select LabelId from Labels where Name=N'TokyoRecords' and EnterpriseId=414849), 789294845633, null, null, N'Extended', N'2022 TokyoRecords', N'2022 TokyoRecords', '2022-11-21', null, (select ImageId from Images where Filename='789294845633.jpg' and ExternalUrl='https://www.dropbox.com/scl/fi/7safoetk4p2k4vwi29k4c/Receba-789294845633-UPC.jpg?rlkey=3vty6hb78ol10iv3y6h4md8h3&st=m30ox0p4&dl=1'), null, null, null, (select min(LanguageId) from Languages where LanguageName='Portuguese' and IsValidMetadataLanguage=1), getdate(), (select CreatedBy from Enterprises where EnterpriseId=414849), null, '34F4C88E-B410-461E-AD75-6C01536FDCD3', null, null, null, null, null, null, null, null, null, 1, null, null, null, 41, 555, 0, null, null, null,1, 1, null, null, null, null, null, null, null, null, null, 1, null, (NEXT VALUE FOR [AssetIdSequence]), null, null, null, 332920, 414849, null, 1) | T5: ="update Releases set RevelatorExternalUsageReleaseId=AssetId where ReleaseId=(select max(ReleaseId) from Releases where "&IF(D5="","Catalog='"&E5&"'","UPC="&D5)&" and EnterpriseId="&EntId&")" -> update Releases set RevelatorExternalUsageReleaseId=AssetId where ReleaseId=(select max(ReleaseId) from Releases where UPC=789294845633 and EnterpriseId=414849) | V5: =VLOOKUP(D5,'4) Release_Artist(s)'!A:A,1,0) -> 789294845633
A6: PEJOTA10* | B6: https://www.dropbox.com/scl/fi/wky0ryb739s0xs3wo5qop/A-Cl-usula-do-Contrato-789294962088-UPC.jpg?rlkey=91bp85llgb8ho5lnfcs56105s&st=dn12pxrd&dl=1 | C6: jpg | D6: 789294962088 | F6: A Cláusula do Contrato | G6: Portuguese | I6: Single | J6: 2022 | K6: TokyoRecords | L6: 2022 | M6: TokyoRecords | N6: 44889 | O6: Hip Hop/Rap | P6: African Reggae | R6: =if(B6="","","insert into Images VALUES (NEWID(),'"&if(D6="",trim(E6)&"."&C6,D6&"."&C6)&"', '."&C6&"', getdate(), 0, null, '"&SUBSTITUTE(trim(B6),"'","''")&"', 0, getdate(), null, null)") -> insert into Images VALUES (NEWID(),'789294962088.jpg', '.jpg', getdate(), 0, null, 'https://www.dropbox.com/scl/fi/wky0ryb739s0xs3wo5qop/A-Cl-usula-do-Contrato-789294962088-UPC.jpg?rlkey=91bp85llgb8ho5lnfcs56105s&st=dn12pxrd&dl=1', 0, getdate(), null, null) | S6: ="Insert into Releases VALUES((select ReleaseTypeId from ReleaseTypes where Title='"&I6&"'), N'"&SUBSTITUTE(trim(F6),"'","''")&"', null, (select LabelId from Labels where Name=N'"&SUBSTITUTE(trim(A6),"'","''")&"' and EnterpriseId="&EntId&"), "&IF(D6="","null",D6)&", null, null, "&IF(H6="","null","N'"&SUBSTITUTE(trim(H6),"'","''")&"'")&", N'"&J6&" "&SUBSTITUTE(trim(K6),"'","''")&"', N'"&L6&" "&SUBSTITUTE(trim(M6),"'","''")&"', "&IF(N6="","null","'"&TEXT(N6,"yyyy-mm-dd")&"'")&", "&IF(E6="","null","'"&SUBSTITUTE(trim(E6),"'","''")&"'")&", "&if(B6="","null",if(D6="","(select ImageId from Images where Filename='"&E6&"."&C6&"' and ExternalUrl='"&SUBSTITUTE(trim(B6),"'","''")&"')","(select ImageId from Images where Filename='"&D6&"."&C6&"' and ExternalUrl='"&SUBSTITUTE(trim(B6),"'","''")&"')"))&", null, null, null, (select min(LanguageId) from Languages where LanguageName='"&G6&"' and IsValidMetadataLanguage=1), getdate(), (select CreatedBy from Enterprises where EnterpriseId="&EntId&"), null, '34F4C88E-B410-461E-AD75-6C01536FDCD3', null, null, null, null, null, null, null, null, null, 1, null, null, null, "&VLOOKUP(O6,'Reference info'!H:I,2,FALSE)&", "&IF(P6="","null",VLOOKUP(P6,'Reference info'!H:I,2,FALSE))&", 0, null, null, null,"&IF(N6="",0,1)&", 1, null, null, null, null, null, null, null, null, null, 1, null, (NEXT VALUE FOR [AssetIdSequence]), null, null, null, "&TenantId&", "&EntId&", null, "&if(D6<>"",countif('5) Release_Track'!A:A,D6),countif('5) Release_Track'!B:B,E6))&")" -> Insert into Releases VALUES((select ReleaseTypeId from ReleaseTypes where Title='Single'), N'A Cláusula do Contrato', null, (select LabelId from Labels where Name=N'PEJOTA10*' and EnterpriseId=414849), 789294962088, null, null, null, N'2022 TokyoRecords', N'2022 TokyoRecords', '2022-11-24', null, (select ImageId from Images where Filename='789294962088.jpg' and ExternalUrl='https://www.dropbox.com/scl/fi/wky0ryb739s0xs3wo5qop/A-Cl-usula-do-Contrato-789294962088-UPC.jpg?rlkey=91bp85llgb8ho5lnfcs56105s&st=dn12pxrd&dl=1'), null, null, null, (select min(LanguageId) from Languages where LanguageName='Portuguese' and IsValidMetadataLanguage=1), getdate(), (select CreatedBy from Enterprises where EnterpriseId=414849), null, '34F4C88E-B410-461E-AD75-6C01536FDCD3', null, null, null, null, null, null, null, null, null, 1, null, null, null, 41, 555, 0, null, null, null,1, 1, null, null, null, null, null, null, null, null, null, 1, null, (NEXT VALUE FOR [AssetIdSequence]), null, null, null, 332920, 414849, null, 1) | T6: ="update Releases set RevelatorExternalUsageReleaseId=AssetId where ReleaseId=(select max(ReleaseId) from Releases where "&IF(D6="","Catalog='"&E6&"'","UPC="&D6)&" and EnterpriseId="&EntId&")" -> update Releases set RevelatorExternalUsageReleaseId=AssetId where ReleaseId=(select max(ReleaseId) from Releases where UPC=789294962088 and EnterpriseId=414849) | V6: =VLOOKUP(D6,'4) Release_Artist(s)'!A:A,1,0) -> 789294962088

Sheet 4) Release_Artist(s)
A1: =IFERROR(__xludf.DUMMYFUNCTION("COUNTUNIQUE(A5:A520)-'3) Release_Label'!D1"),0.0) -> 0 | B1: =IFERROR(__xludf.DUMMYFUNCTION("COUNTUNIQUE(B5:B520)-'3) Release_Label'!E1"),0.0) -> 0 | C1: = FILLED AUTOMATICALLY IF CODES/IDS MATCH | E1: =IFERROR(__xludf.DUMMYFUNCTION("COUNTUNIQUE(E5:E520)"),2.0) -> 2 | F1: = REQUIRED FIELD | G1: =countif(F:F,"Main Primary Artist")-'3) Release_Label'!G1 -> 0 | H1: = READ NOTES / INSTRUCTIONS
A2: RELEASE LEVEL - Artist<>UPC/ID : One Arist per row. If a Release has multiple Artists, add the same Release Code/ID to a new row for each Artist.
A3: UPC / EAN / JAN | B3: CATALOG RELEASE ID | C3: RELEASE TITLE | D3: RELEASE VERSION | E3: ARTIST | F3: ARTIST ROLE | G3: ARTIST ROLE CATEGORY | H3: =IFERROR(__xludf.DUMMYFUNCTION("if(iserror(filter(A:B,G:G=""Producer & Engineer"")),0, countunique(filter(A:B,G:G=""Producer & Engineer"")))-'3) Release_Label'!G1"),0.0) -> 0
A4: from Release_Label tab | B4: from Release_Label tab | C4: auto-fills if Release Code/Id matches Code/Id in Release_Label tab | E4: ONE ARTIST PER ROW select from Artists list, start typing or drag If compilation: Various Artists | F4: (select from list, start typing or drag) | G4: artist category auto-fills based on artist role
A5: 789294845633 | C5: {=ifs(and(isblank($A5),isblank($B5)),"", not(iserror(vlookup($A5&$B5,'3) Release_Label'!$D:$D&'3) Release_Label'!$E:$E,1,0))),vlookup($A5&$B5,{'3) Release_Label'!$D:$D&'3) Release_Label'!$E:$E,'3) Release_Label'!$F:$F},2,0), or(and(not(isblank($B5)),$B5=$B4,$A5<>$A4),and(not(isblank($A5)),$A5=$A4,$B5<>$B4)),"ID LISTS UNALIGNED",and($A5<>"",countif('3) Release_Label'!$D:$D,$A5)=0),"NO UPC MATCH in Release_Label",and($B5<>"",countif('3) Release_Label'!$E:$E,$B5)=0),"NO CATALOG ID MATCH in Release_Label",iserror(vlookup($A5&$B5,'3) Release_Label'!$D:$D&'3) Release_Label'!$E:$E,1,0)),"NO UPC-CATALOG ID pair MATCH in Release_Label" )} -> Receba | D5: {=ifs(and(isblank($A5),isblank($B5)),"", not(iserror(vlookup($A5&$B5,'3) Release_Label'!$D:$D&'3) Release_Label'!$E:$E,1,0))),vlookup($A5&$B5,{'3) Release_Label'!$D:$D&'3) Release_Label'!$E:$E,'3) Release_Label'!$H:$H},2,0), or(and(not(isblank($B5)),$B5=$B4,$A5<>$A4),and(not(isblank($A5)),$A5=$A4,$B5<>$B4)),"ID LISTS UNALIGNED",and($A5<>"",countif('3) Release_Label'!$D:$D,$A5)=0),"NO UPC MATCH in Release_Label",and($B5<>"",countif('3) Release_Label'!$E:$E,$B5)=0),"NO CATALOG ID MATCH in Release_Label",iserror(vlookup($A5&$B5,'3) Release_Label'!$D:$D&'3) Release_Label'!$E:$E,1,0)),"NO UPC-CATALOG ID pair MATCH in Release_Label" )} -> Extended | E5: JKZ | F5: Main Primary Artist | G5: {=ifs(or($F5="",$F5="Main Primary Artist"),$F5,not(iserror(vlookup($F5,'Reference info'!$J$5:$J$8,1,0))),"Key Artist",not(iserror(vlookup($F5,'Reference info'!$J$38:$J$405,1,0))),"Performer",not(iserror(vlookup($F5,'Reference info'!$J$10:$J$36,1,0))),"Producer & Engineer")} -> Main Primary Artist | I5: =IF(AND(F5="Main Primary Artist",SUBSTITUTE(E5," ","")<>"VariousArtists",SUBSTITUTE(E5," ","")<>"VariousArtist",E5<>"Various",SUBSTITUTE(E5," ","")<>"AssortedArtists",SUBSTITUTE(E5," ","")<>"AssortedArtist",E5<>"Assorted",SUBSTITUTE(E5," ","")<>"AsortedArtists",SUBSTITUTE(E5," ","")<>"AsortedArtist",E5<>"Asorted",E5<>"Other",,SUBSTITUTE(E5," ","")<>"MiscellaneousArtists",SUBSTITUTE(E5," ","")<>"MiscellaneousArtist",E5<>"Miscellaneous",SUBSTITUTE(E5," ","")<>"MiscelaneousArtists",SUBSTITUTE(E5," ","")<>"MiscelaneousArtist",E5<>"Miscelaneous"),"update Releases set ArtistId=(select ArtistId from Artists where Name=N'"&SUBSTITUTE(trim(E5),"'","''")&"' and EnterpriseId="&EntId&"), SearchKeywords=concat_ws(' ', Name, N'"&SUBSTITUTE(trim(E5),"'","''")&"',(select Name from Labels where LabelId=Releases.LabelId), ReleaseId, UPC, Catalog) where "&IF(A5<>"","UPC="&A5,"Catalog='"&SUBSTITUTE(trim(B5),"'","''")&"'")&" and EnterpriseId="&EntId,IF(and(F5<>"Main Primary Artist",SUBSTITUTE(E5," ","")<>"VariousArtists",SUBSTITUTE(E5," ","")<>"VariousArtist",E5<>"Various",SUBSTITUTE(E5," ","")<>"AssortedArtists",SUBSTITUTE(E5," ","")<>"AssortedArtist",E5<>"Assorted",SUBSTITUTE(E5," ","")<>"AsortedArtists",SUBSTITUTE(E5," ","")<>"AsortedArtist",E5<>"Asorted",E5<>"Other",,SUBSTITUTE(E5," ","")<>"MiscellaneousArtists",SUBSTITUTE(E5," ","")<>"MiscellaneousArtist",E5<>"Miscellaneous",SUBSTITUTE(E5," ","")<>"MiscelaneousArtists",SUBSTITUTE(E5," ","")<>"MiscelaneousArtist",E5<>"Miscelaneous"),"INSERT into Contributors VALUES (newid(), "&IF(F5<>"Primary Artist", "(select RoleId from ContributorRoles where Name='"&F5&"'), 0", "49, 1")& ", null, (select max(ReleaseId) from Releases where "&IF(A5<>"","UPC="&A5,"Catalog='"&SUBSTITUTE(trim(B5),"'","''")&"'")&" and EnterpriseId="&EntId&"), (select ArtistId from Artists where Name=N'"&SUBSTITUTE(trim(E5),"'","''")&"' and EnterpriseId="&EntId&"), null)","")) -> update Releases set ArtistId=(select ArtistId from Artists where Name=N'JKZ' and EnterpriseId=414849), SearchKeywords=concat_ws(' ', Name, N'JKZ',(select Name from Labels where LabelId=Releases.LabelId), ReleaseId, UPC, Catalog) where UPC=789294845633 and EnterpriseId=414849
A6: 789294845633 | C6: {=ifs(and(isblank($A6),isblank($B6)),"", not(iserror(vlookup($A6&$B6,'3) Release_Label'!$D:$D&'3) Release_Label'!$E:$E,1,0))),vlookup($A6&$B6,{'3) Release_Label'!$D:$D&'3) Release_Label'!$E:$E,'3) Release_Label'!$F:$F},2,0), or(and(not(isblank($B6)),$B6=$B5,$A6<>$A5),and(not(isblank($A6)),$A6=$A5,$B6<>$B5)),"ID LISTS UNALIGNED",and($A6<>"",countif('3) Release_Label'!$D:$D,$A6)=0),"NO UPC MATCH in Release_Label",and($B6<>"",countif('3) Release_Label'!$E:$E,$B6)=0),"NO CATALOG ID MATCH in Release_Label",iserror(vlookup($A6&$B6,'3) Release_Label'!$D:$D&'3) Release_Label'!$E:$E,1,0)),"NO UPC-CATALOG ID pair MATCH in Release_Label" )} -> Receba | D6: {=ifs(and(isblank($A6),isblank($B6)),"", not(iserror(vlookup($A6&$B6,'3) Release_Label'!$D:$D&'3) Release_Label'!$E:$E,1,0))),vlookup($A6&$B6,{'3) Release_Label'!$D:$D&'3) Release_Label'!$E:$E,'3) Release_Label'!$H:$H},2,0), or(and(not(isblank($B6)),$B6=$B5,$A6<>$A5),and(not(isblank($A6)),$A6=$A5,$B6<>$B5)),"ID LISTS UNALIGNED",and($A6<>"",countif('3) Release_Label'!$D:$D,$A6)=0),"NO UPC MATCH in Release_Label",and($B6<>"",countif('3) Release_Label'!$E:$E,$B6)=0),"NO CATALOG ID MATCH in Release_Label",iserror(vlookup($A6&$B6,'3) Release_Label'!$D:$D&'3) Release_Label'!$E:$E,1,0)),"NO UPC-CATALOG ID pair MATCH in Release_Label" )} -> Extended | E6: JKZ | F6: Producer | G6: {=ifs(or($F6="",$F6="Main Primary Artist"),$F6,not(iserror(vlookup($F6,'Reference info'!$J$5:$J$8,1,0))),"Key Artist",not(iserror(vlookup($F6,'Reference info'!$J$38:$J$405,1,0))),"Performer",not(iserror(vlookup($F6,'Reference info'!$J$10:$J$36,1,0))),"Producer & Engineer")} -> Producer & Engineer | H6: sort(if(countif($A$5:$A&$B$5:$B,'3) Release_Label'!$D$5:$D&'3) Release_Label'!$E$5:$E)=0,'3) Release_Label'!$D$5:$D&" "&'3) Release_Label'!$E$5:$E,)) | I6: =IF(AND(F6="Main Primary Artist",SUBSTITUTE(E6," ","")<>"VariousArtists",SUBSTITUTE(E6," ","")<>"VariousArtist",E6<>"Various",SUBSTITUTE(E6," ","")<>"AssortedArtists",SUBSTITUTE(E6," ","")<>"AssortedArtist",E6<>"Assorted",SUBSTITUTE(E6," ","")<>"AsortedArtists",SUBSTITUTE(E6," ","")<>"AsortedArtist",E6<>"Asorted",E6<>"Other",,SUBSTITUTE(E6," ","")<>"MiscellaneousArtists",SUBSTITUTE(E6," ","")<>"MiscellaneousArtist",E6<>"Miscellaneous",SUBSTITUTE(E6," ","")<>"MiscelaneousArtists",SUBSTITUTE(E6," ","")<>"MiscelaneousArtist",E6<>"Miscelaneous"),"update Releases set ArtistId=(select ArtistId from Artists where Name=N'"&SUBSTITUTE(trim(E6),"'","''")&"' and EnterpriseId="&EntId&"), SearchKeywords=concat_ws(' ', Name, N'"&SUBSTITUTE(trim(E6),"'","''")&"',(select Name from Labels where LabelId=Releases.LabelId), ReleaseId, UPC, Catalog) where "&IF(A6<>"","UPC="&A6,"Catalog='"&SUBSTITUTE(trim(B6),"'","''")&"'")&" and EnterpriseId="&EntId,IF(and(F6<>"Main Primary Artist",SUBSTITUTE(E6," ","")<>"VariousArtists",SUBSTITUTE(E6," ","")<>"VariousArtist",E6<>"Various",SUBSTITUTE(E6," ","")<>"AssortedArtists",SUBSTITUTE(E6," ","")<>"AssortedArtist",E6<>"Assorted",SUBSTITUTE(E6," ","")<>"AsortedArtists",SUBSTITUTE(E6," ","")<>"AsortedArtist",E6<>"Asorted",E6<>"Other",,SUBSTITUTE(E6," ","")<>"MiscellaneousArtists",SUBSTITUTE(E6," ","")<>"MiscellaneousArtist",E6<>"Miscellaneous",SUBSTITUTE(E6," ","")<>"MiscelaneousArtists",SUBSTITUTE(E6," ","")<>"MiscelaneousArtist",E6<>"Miscelaneous"),"INSERT into Contributors VALUES (newid(), "&IF(F6<>"Primary Artist", "(select RoleId from ContributorRoles where Name='"&F6&"'), 0", "49, 1")& ", null, (select max(ReleaseId) from Releases where "&IF(A6<>"","UPC="&A6,"Catalog='"&SUBSTITUTE(trim(B6),"'","''")&"'")&" and EnterpriseId="&EntId&"), (select ArtistId from Artists where Name=N'"&SUBSTITUTE(trim(E6),"'","''")&"' and EnterpriseId="&EntId&"), null)","")) -> INSERT into Contributors VALUES (newid(), (select RoleId from ContributorRoles where Name='Producer'), 0, null, (select max(ReleaseId) from Releases where UPC=789294845633 and EnterpriseId=414849), (select ArtistId from Artists where Name=N'JKZ' and EnterpriseId=414849), null)
A7: 789294845633 | C7: {=ifs(and(isblank($A7),isblank($B7)),"", not(iserror(vlookup($A7&$B7,'3) Release_Label'!$D:$D&'3) Release_Label'!$E:$E,1,0))),vlookup($A7&$B7,{'3) Release_Label'!$D:$D&'3) Release_Label'!$E:$E,'3) Release_Label'!$F:$F},2,0), or(and(not(isblank($B7)),$B7=$B6,$A7<>$A6),and(not(isblank($A7)),$A7=$A6,$B7<>$B6)),"ID LISTS UNALIGNED",and($A7<>"",countif('3) Release_Label'!$D:$D,$A7)=0),"NO UPC MATCH in Release_Label",and($B7<>"",countif('3) Release_Label'!$E:$E,$B7)=0),"NO CATALOG ID MATCH in Release_Label",iserror(vlookup($A7&$B7,'3) Release_Label'!$D:$D&'3) Release_Label'!$E:$E,1,0)),"NO UPC-CATALOG ID pair MATCH in Release_Label" )} -> Receba | D7: {=ifs(and(isblank($A7),isblank($B7)),"", not(iserror(vlookup($A7&$B7,'3) Release_Label'!$D:$D&'3) Release_Label'!$E:$E,1,0))),vlookup($A7&$B7,{'3) Release_Label'!$D:$D&'3) Release_Label'!$E:$E,'3) Release_Label'!$H:$H},2,0), or(and(not(isblank($B7)),$B7=$B6,$A7<>$A6),and(not(isblank($A7)),$A7=$A6,$B7<>$B6)),"ID LISTS UNALIGNED",and($A7<>"",countif('3) Release_Label'!$D:$D,$A7)=0),"NO UPC MATCH in Release_Label",and($B7<>"",countif('3) Release_Label'!$E:$E,$B7)=0),"NO CATALOG ID MATCH in Release_Label",iserror(vlookup($A7&$B7,'3) Release_Label'!$D:$D&'3) Release_Label'!$E:$E,1,0)),"NO UPC-CATALOG ID pair MATCH in Release_Label" )} -> Extended | E7: JKZ | F7: Engineer | G7: {=ifs(or($F7="",$F7="Main Primary Artist"),$F7,not(iserror(vlookup($F7,'Reference info'!$J$5:$J$8,1,0))),"Key Artist",not(iserror(vlookup($F7,'Reference info'!$J$38:$J$405,1,0))),"Performer",not(iserror(vlookup($F7,'Reference info'!$J$10:$J$36,1,0))),"Producer & Engineer")} -> Producer & Engineer | H7: sort(if(countif({A5:A,B5:B},{'3) Release_Label'!D5:D,'3) Release_Label'!E5:E})=0,{'3) Release_Label'!D5:D,'3) Release_Label'!E5:E},)) | I7: =IF(AND(F7="Main Primary Artist",SUBSTITUTE(E7," ","")<>"VariousArtists",SUBSTITUTE(E7," ","")<>"VariousArtist",E7<>"Various",SUBSTITUTE(E7," ","")<>"AssortedArtists",SUBSTITUTE(E7," ","")<>"AssortedArtist",E7<>"Assorted",SUBSTITUTE(E7," ","")<>"AsortedArtists",SUBSTITUTE(E7," ","")<>"AsortedArtist",E7<>"Asorted",E7<>"Other",,SUBSTITUTE(E7," ","")<>"MiscellaneousArtists",SUBSTITUTE(E7," ","")<>"MiscellaneousArtist",E7<>"Miscellaneous",SUBSTITUTE(E7," ","")<>"MiscelaneousArtists",SUBSTITUTE(E7," ","")<>"MiscelaneousArtist",E7<>"Miscelaneous"),"update Releases set ArtistId=(select ArtistId from Artists where Name=N'"&SUBSTITUTE(trim(E7),"'","''")&"' and EnterpriseId="&EntId&"), SearchKeywords=concat_ws(' ', Name, N'"&SUBSTITUTE(trim(E7),"'","''")&"',(select Name from Labels where LabelId=Releases.LabelId), ReleaseId, UPC, Catalog) where "&IF(A7<>"","UPC="&A7,"Catalog='"&SUBSTITUTE(trim(B7),"'","''")&"'")&" and EnterpriseId="&EntId,IF(and(F7<>"Main Primary Artist",SUBSTITUTE(E7," ","")<>"VariousArtists",SUBSTITUTE(E7," ","")<>"VariousArtist",E7<>"Various",SUBSTITUTE(E7," ","")<>"AssortedArtists",SUBSTITUTE(E7," ","")<>"AssortedArtist",E7<>"Assorted",SUBSTITUTE(E7," ","")<>"AsortedArtists",SUBSTITUTE(E7," ","")<>"AsortedArtist",E7<>"Asorted",E7<>"Other",,SUBSTITUTE(E7," ","")<>"MiscellaneousArtists",SUBSTITUTE(E7," ","")<>"MiscellaneousArtist",E7<>"Miscellaneous",SUBSTITUTE(E7," ","")<>"MiscelaneousArtists",SUBSTITUTE(E7," ","")<>"MiscelaneousArtist",E7<>"Miscelaneous"),"INSERT into Contributors VALUES (newid(), "&IF(F7<>"Primary Artist", "(select RoleId from ContributorRoles where Name='"&F7&"'), 0", "49, 1")& ", null, (select max(ReleaseId) from Releases where "&IF(A7<>"","UPC="&A7,"Catalog='"&SUBSTITUTE(trim(B7),"'","''")&"'")&" and EnterpriseId="&EntId&"), (select ArtistId from Artists where Name=N'"&SUBSTITUTE(trim(E7),"'","''")&"' and EnterpriseId="&EntId&"), null)","")) -> INSERT into Contributors VALUES (newid(), (select RoleId from ContributorRoles where Name='Engineer'), 0, null, (select max(ReleaseId) from Releases where UPC=789294845633 and EnterpriseId=414849), (select ArtistId from Artists where Name=N'JKZ' and EnterpriseId=414849), null)
A8: 789294962088 | C8: {=ifs(and(isblank($A8),isblank($B8)),"", not(iserror(vlookup($A8&$B8,'3) Release_Label'!$D:$D&'3) Release_Label'!$E:$E,1,0))),vlookup($A8&$B8,{'3) Release_Label'!$D:$D&'3) Release_Label'!$E:$E,'3) Release_Label'!$F:$F},2,0), or(and(not(isblank($B8)),$B8=$B7,$A8<>$A7),and(not(isblank($A8)),$A8=$A7,$B8<>$B7)),"ID LISTS UNALIGNED",and($A8<>"",countif('3) Release_Label'!$D:$D,$A8)=0),"NO UPC MATCH in Release_Label",and($B8<>"",countif('3) Release_Label'!$E:$E,$B8)=0),"NO CATALOG ID MATCH in Release_Label",iserror(vlookup($A8&$B8,'3) Release_Label'!$D:$D&'3) Release_Label'!$E:$E,1,0)),"NO UPC-CATALOG ID pair MATCH in Release_Label" )} -> A Cláusula do Contrato | D8: {=ifs(and(isblank($A8),isblank($B8)),"", not(iserror(vlookup($A8&$B8,'3) Release_Label'!$D:$D&'3) Release_Label'!$E:$E,1,0))),vlookup($A8&$B8,{'3) Release_Label'!$D:$D&'3) Release_Label'!$E:$E,'3) Release_Label'!$H:$H},2,0), or(and(not(isblank($B8)),$B8=$B7,$A8<>$A7),and(not(isblank($A8)),$A8=$A7,$B8<>$B7)),"ID LISTS UNALIGNED",and($A8<>"",countif('3) Release_Label'!$D:$D,$A8)=0),"NO UPC MATCH in Release_Label",and($B8<>"",countif('3) Release_Label'!$E:$E,$B8)=0),"NO CATALOG ID MATCH in Release_Label",iserror(vlookup($A8&$B8,'3) Release_Label'!$D:$D&'3) Release_Label'!$E:$E,1,0)),"NO UPC-CATALOG ID pair MATCH in Release_Label" )} | E8: Flash Beats Manow | F8: Main Primary Artist | G8: {=ifs(or($F8="",$F8="Main Primary Artist"),$F8,not(iserror(vlookup($F8,'Reference info'!$J$5:$J$8,1,0))),"Key Artist",not(iserror(vlookup($F8,'Reference info'!$J$38:$J$405,1,0))),"Performer",not(iserror(vlookup($F8,'Reference info'!$J$10:$J$36,1,0))),"Producer & Engineer")} -> Main Primary Artist | H8: =IFERROR(__xludf.DUMMYFUNCTION("sort(if(countif(filter($A:$B,$F:$F=""Main Primary Artist""),'3) Release_Label'!$D$5:$E520)=0,'3) Release_Label'!$D$5:$E520,))"),"#REF!") -> #REF! | I8: =IF(AND(F8="Main Primary Artist",SUBSTITUTE(E8," ","")<>"VariousArtists",SUBSTITUTE(E8," ","")<>"VariousArtist",E8<>"Various",SUBSTITUTE(E8," ","")<>"AssortedArtists",SUBSTITUTE(E8," ","")<>"AssortedArtist",E8<>"Assorted",SUBSTITUTE(E8," ","")<>"AsortedArtists",SUBSTITUTE(E8," ","")<>"AsortedArtist",E8<>"Asorted",E8<>"Other",,SUBSTITUTE(E8," ","")<>"MiscellaneousArtists",SUBSTITUTE(E8," ","")<>"MiscellaneousArtist",E8<>"Miscellaneous",SUBSTITUTE(E8," ","")<>"MiscelaneousArtists",SUBSTITUTE(E8," ","")<>"MiscelaneousArtist",E8<>"Miscelaneous"),"update Releases set ArtistId=(select ArtistId from Artists where Name=N'"&SUBSTITUTE(trim(E8),"'","''")&"' and EnterpriseId="&EntId&"), SearchKeywords=concat_ws(' ', Name, N'"&SUBSTITUTE(trim(E8),"'","''")&"',(select Name from Labels where LabelId=Releases.LabelId), ReleaseId, UPC, Catalog) where "&IF(A8<>"","UPC="&A8,"Catalog='"&SUBSTITUTE(trim(B8),"'","''")&"'")&" and EnterpriseId="&EntId,IF(and(F8<>"Main Primary Artist",SUBSTITUTE(E8," ","")<>"VariousArtists",SUBSTITUTE(E8," ","")<>"VariousArtist",E8<>"Various",SUBSTITUTE(E8," ","")<>"AssortedArtists",SUBSTITUTE(E8," ","")<>"AssortedArtist",E8<>"Assorted",SUBSTITUTE(E8," ","")<>"AsortedArtists",SUBSTITUTE(E8," ","")<>"AsortedArtist",E8<>"Asorted",E8<>"Other",,SUBSTITUTE(E8," ","")<>"MiscellaneousArtists",SUBSTITUTE(E8," ","")<>"MiscellaneousArtist",E8<>"Miscellaneous",SUBSTITUTE(E8," ","")<>"MiscelaneousArtists",SUBSTITUTE(E8," ","")<>"MiscelaneousArtist",E8<>"Miscelaneous"),"INSERT into Contributors VALUES (newid(), "&IF(F8<>"Primary Artist", "(select RoleId from ContributorRoles where Name='"&F8&"'), 0", "49, 1")& ", null, (select max(ReleaseId) from Releases where "&IF(A8<>"","UPC="&A8,"Catalog='"&SUBSTITUTE(trim(B8),"'","''")&"'")&" and EnterpriseId="&EntId&"), (select ArtistId from Artists where Name=N'"&SUBSTITUTE(trim(E8),"'","''")&"' and EnterpriseId="&EntId&"), null)","")) -> update Releases set ArtistId=(select ArtistId from Artists where Name=N'Flash Beats Manow' and EnterpriseId=414849), SearchKeywords=concat_ws(' ', Name, N'Flash Beats Manow',(select Name from Labels where LabelId=Releases.LabelId), ReleaseId, UPC, Catalog) where UPC=789294962088 and EnterpriseId=414849
A9: 789294962088 | C9: {=ifs(and(isblank($A9),isblank($B9)),"", not(iserror(vlookup($A9&$B9,'3) Release_Label'!$D:$D&'3) Release_Label'!$E:$E,1,0))),vlookup($A9&$B9,{'3) Release_Label'!$D:$D&'3) Release_Label'!$E:$E,'3) Release_Label'!$F:$F},2,0), or(and(not(isblank($B9)),$B9=$B8,$A9<>$A8),and(not(isblank($A9)),$A9=$A8,$B9<>$B8)),"ID LISTS UNALIGNED",and($A9<>"",countif('3) Release_Label'!$D:$D,$A9)=0),"NO UPC MATCH in Release_Label",and($B9<>"",countif('3) Release_Label'!$E:$E,$B9)=0),"NO CATALOG ID MATCH in Release_Label",iserror(vlookup($A9&$B9,'3) Release_Label'!$D:$D&'3) Release_Label'!$E:$E,1,0)),"NO UPC-CATALOG ID pair MATCH in Release_Label" )} -> A Cláusula do Contrato | D9: {=ifs(and(isblank($A9),isblank($B9)),"", not(iserror(vlookup($A9&$B9,'3) Release_Label'!$D:$D&'3) Release_Label'!$E:$E,1,0))),vlookup($A9&$B9,{'3) Release_Label'!$D:$D&'3) Release_Label'!$E:$E,'3) Release_Label'!$H:$H},2,0), or(and(not(isblank($B9)),$B9=$B8,$A9<>$A8),and(not(isblank($A9)),$A9=$A8,$B9<>$B8)),"ID LISTS UNALIGNED",and($A9<>"",countif('3) Release_Label'!$D:$D,$A9)=0),"NO UPC MATCH in Release_Label",and($B9<>"",countif('3) Release_Label'!$E:$E,$B9)=0),"NO CATALOG ID MATCH in Release_Label",iserror(vlookup($A9&$B9,'3) Release_Label'!$D:$D&'3) Release_Label'!$E:$E,1,0)),"NO UPC-CATALOG ID pair MATCH in Release_Label" )} | E9: Flash Beats Manow | F9: Producer | G9: {=ifs(or($F9="",$F9="Main Primary Artist"),$F9,not(iserror(vlookup($F9,'Reference info'!$J$5:$J$8,1,0))),"Key Artist",not(iserror(vlookup($F9,'Reference info'!$J$38:$J$405,1,0))),"Performer",not(iserror(vlookup($F9,'Reference info'!$J$10:$J$36,1,0))),"Producer & Engineer")} -> Producer & Engineer | I9: =IF(AND(F9="Main Primary Artist",SUBSTITUTE(E9," ","")<>"VariousArtists",SUBSTITUTE(E9," ","")<>"VariousArtist",E9<>"Various",SUBSTITUTE(E9," ","")<>"AssortedArtists",SUBSTITUTE(E9," ","")<>"AssortedArtist",E9<>"Assorted",SUBSTITUTE(E9," ","")<>"AsortedArtists",SUBSTITUTE(E9," ","")<>"AsortedArtist",E9<>"Asorted",E9<>"Other",,SUBSTITUTE(E9," ","")<>"MiscellaneousArtists",SUBSTITUTE(E9," ","")<>"MiscellaneousArtist",E9<>"Miscellaneous",SUBSTITUTE(E9," ","")<>"MiscelaneousArtists",SUBSTITUTE(E9," ","")<>"MiscelaneousArtist",E9<>"Miscelaneous"),"update Releases set ArtistId=(select ArtistId from Artists where Name=N'"&SUBSTITUTE(trim(E9),"'","''")&"' and EnterpriseId="&EntId&"), SearchKeywords=concat_ws(' ', Name, N'"&SUBSTITUTE(trim(E9),"'","''")&"',(select Name from Labels where LabelId=Releases.LabelId), ReleaseId, UPC, Catalog) where "&IF(A9<>"","UPC="&A9,"Catalog='"&SUBSTITUTE(trim(B9),"'","''")&"'")&" and EnterpriseId="&EntId,IF(and(F9<>"Main Primary Artist",SUBSTITUTE(E9," ","")<>"VariousArtists",SUBSTITUTE(E9," ","")<>"VariousArtist",E9<>"Various",SUBSTITUTE(E9," ","")<>"AssortedArtists",SUBSTITUTE(E9," ","")<>"AssortedArtist",E9<>"Assorted",SUBSTITUTE(E9," ","")<>"AsortedArtists",SUBSTITUTE(E9," ","")<>"AsortedArtist",E9<>"Asorted",E9<>"Other",,SUBSTITUTE(E9," ","")<>"MiscellaneousArtists",SUBSTITUTE(E9," ","")<>"MiscellaneousArtist",E9<>"Miscellaneous",SUBSTITUTE(E9," ","")<>"MiscelaneousArtists",SUBSTITUTE(E9," ","")<>"MiscelaneousArtist",E9<>"Miscelaneous"),"INSERT into Contributors VALUES (newid(), "&IF(F9<>"Primary Artist", "(select RoleId from ContributorRoles where Name='"&F9&"'), 0", "49, 1")& ", null, (select max(ReleaseId) from Releases where "&IF(A9<>"","UPC="&A9,"Catalog='"&SUBSTITUTE(trim(B9),"'","''")&"'")&" and EnterpriseId="&EntId&"), (select ArtistId from Artists where Name=N'"&SUBSTITUTE(trim(E9),"'","''")&"' and EnterpriseId="&EntId&"), null)","")) -> INSERT into Contributors VALUES (newid(), (select RoleId from ContributorRoles where Name='Producer'), 0, null, (select max(ReleaseId) from Releases where UPC=789294962088 and EnterpriseId=414849), (select ArtistId from Artists where Name=N'Flash Beats Manow' and EnterpriseId=414849), null)
A10: 789294962088 | C10: {=ifs(and(isblank($A10),isblank($B10)),"", not(iserror(vlookup($A10&$B10,'3) Release_Label'!$D:$D&'3) Release_Label'!$E:$E,1,0))),vlookup($A10&$B10,{'3) Release_Label'!$D:$D&'3) Release_Label'!$E:$E,'3) Release_Label'!$F:$F},2,0), or(and(not(isblank($B10)),$B10=$B9,$A10<>$A9),and(not(isblank($A10)),$A10=$A9,$B10<>$B9)),"ID LISTS UNALIGNED",and($A10<>"",countif('3) Release_Label'!$D:$D,$A10)=0),"NO UPC MATCH in Release_Label",and($B10<>"",countif('3) Release_Label'!$E:$E,$B10)=0),"NO CATALOG ID MATCH in Release_Label",iserror(vlookup($A10&$B10,'3) Release_Label'!$D:$D&'3) Release_Label'!$E:$E,1,0)),"NO UPC-CATALOG ID pair MATCH in Release_Label" )} -> A Cláusula do Contrato | D10: {=ifs(and(isblank($A10),isblank($B10)),"", not(iserror(vlookup($A10&$B10,'3) Release_Label'!$D:$D&'3) Release_Label'!$E:$E,1,0))),vlookup($A10&$B10,{'3) Release_Label'!$D:$D&'3) Release_Label'!$E:$E,'3) Release_Label'!$H:$H},2,0), or(and(not(isblank($B10)),$B10=$B9,$A10<>$A9),and(not(isblank($A10)),$A10=$A9,$B10<>$B9)),"ID LISTS UNALIGNED",and($A10<>"",countif('3) Release_Label'!$D:$D,$A10)=0),"NO UPC MATCH in Release_Label",and($B10<>"",countif('3) Release_Label'!$E:$E,$B10)=0),"NO CATALOG ID MATCH in Release_Label",iserror(vlookup($A10&$B10,'3) Release_Label'!$D:$D&'3) Release_Label'!$E:$E,1,0)),"NO UPC-CATALOG ID pair MATCH in Release_Label" )} | E10: Flash Beats Manow | F10: Engineer | G10: {=ifs(or($F10="",$F10="Main Primary Artist"),$F10,not(iserror(vlookup($F10,'Reference info'!$J$5:$J$8,1,0))),"Key Artist",not(iserror(vlookup($F10,'Reference info'!$J$38:$J$405,1,0))),"Performer",not(iserror(vlookup($F10,'Reference info'!$J$10:$J$36,1,0))),"Producer & Engineer")} -> Producer & Engineer | I10: =IF(AND(F10="Main Primary Artist",SUBSTITUTE(E10," ","")<>"VariousArtists",SUBSTITUTE(E10," ","")<>"VariousArtist",E10<>"Various",SUBSTITUTE(E10," ","")<>"AssortedArtists",SUBSTITUTE(E10," ","")<>"AssortedArtist",E10<>"Assorted",SUBSTITUTE(E10," ","")<>"AsortedArtists",SUBSTITUTE(E10," ","")<>"AsortedArtist",E10<>"Asorted",E10<>"Other",,SUBSTITUTE(E10," ","")<>"MiscellaneousArtists",SUBSTITUTE(E10," ","")<>"MiscellaneousArtist",E10<>"Miscellaneous",SUBSTITUTE(E10," ","")<>"MiscelaneousArtists",SUBSTITUTE(E10," ","")<>"MiscelaneousArtist",E10<>"Miscelaneous"),"update Releases set ArtistId=(select ArtistId from Artists where Name=N'"&SUBSTITUTE(trim(E10),"'","''")&"' and EnterpriseId="&EntId&"), SearchKeywords=concat_ws(' ', Name, N'"&SUBSTITUTE(trim(E10),"'","''")&"',(select Name from Labels where LabelId=Releases.LabelId), ReleaseId, UPC, Catalog) where "&IF(A10<>"","UPC="&A10,"Catalog='"&SUBSTITUTE(trim(B10),"'","''")&"'")&" and EnterpriseId="&EntId,IF(and(F10<>"Main Primary Artist",SUBSTITUTE(E10," ","")<>"VariousArtists",SUBSTITUTE(E10," ","")<>"VariousArtist",E10<>"Various",SUBSTITUTE(E10," ","")<>"AssortedArtists",SUBSTITUTE(E10," ","")<>"AssortedArtist",E10<>"Assorted",SUBSTITUTE(E10," ","")<>"AsortedArtists",SUBSTITUTE(E10," ","")<>"AsortedArtist",E10<>"Asorted",E10<>"Other",,SUBSTITUTE(E10," ","")<>"MiscellaneousArtists",SUBSTITUTE(E10," ","")<>"MiscellaneousArtist",E10<>"Miscellaneous",SUBSTITUTE(E10," ","")<>"MiscelaneousArtists",SUBSTITUTE(E10," ","")<>"MiscelaneousArtist",E10<>"Miscelaneous"),"INSERT into Contributors VALUES (newid(), "&IF(F10<>"Primary Artist", "(select RoleId from ContributorRoles where Name='"&F10&"'), 0", "49, 1")& ", null, (select max(ReleaseId) from Releases where "&IF(A10<>"","UPC="&A10,"Catalog='"&SUBSTITUTE(trim(B10),"'","''")&"'")&" and EnterpriseId="&EntId&"), (select ArtistId from Artists where Name=N'"&SUBSTITUTE(trim(E10),"'","''")&"' and EnterpriseId="&EntId&"), null)","")) -> INSERT into Contributors VALUES (newid(), (select RoleId from ContributorRoles where Name='Engineer'), 0, null, (select max(ReleaseId) from Releases where UPC=789294962088 and EnterpriseId=414849), (select ArtistId from Artists where Name=N'Flash Beats Manow' and EnterpriseId=414849), null)
G11: {=ifs(or($F11="",$F11="Main Primary Artist"),$F11,not(iserror(vlookup($F11,'Reference info'!$J$5:$J$8,1,0))),"Key Artist",not(iserror(vlookup($F11,'Reference info'!$J$38:$J$405,1,0))),"Performer",not(iserror(vlookup($F11,'Reference info'!$J$10:$J$36,1,0))),"Producer & Engineer")}
G12: {=ifs(or($F12="",$F12="Main Primary Artist"),$F12,not(iserror(vlookup($F12,'Reference info'!$J$5:$J$8,1,0))),"Key Artist",not(iserror(vlookup($F12,'Reference info'!$J$38:$J$405,1,0))),"Performer",not(iserror(vlookup($F12,'Reference info'!$J$10:$J$36,1,0))),"Producer & Engineer")}
G13: {=ifs(or($F13="",$F13="Main Primary Artist"),$F13,not(iserror(vlookup($F13,'Reference info'!$J$5:$J$8,1,0))),"Key Artist",not(iserror(vlookup($F13,'Reference info'!$J$38:$J$405,1,0))),"Performer",not(iserror(vlookup($F13,'Reference info'!$J$10:$J$36,1,0))),"Producer & Engineer")}
G14: {=ifs(or($F14="",$F14="Main Primary Artist"),$F14,not(iserror(vlookup($F14,'Reference info'!$J$5:$J$8,1,0))),"Key Artist",not(iserror(vlookup($F14,'Reference info'!$J$38:$J$405,1,0))),"Performer",not(iserror(vlookup($F14,'Reference info'!$J$10:$J$36,1,0))),"Producer & Engineer")}
G15: {=ifs(or($F15="",$F15="Main Primary Artist"),$F15,not(iserror(vlookup($F15,'Reference info'!$J$5:$J$8,1,0))),"Key Artist",not(iserror(vlookup($F15,'Reference info'!$J$38:$J$405,1,0))),"Performer",not(iserror(vlookup($F15,'Reference info'!$J$10:$J$36,1,0))),"Producer & Engineer")}
G16: {=ifs(or($F16="",$F16="Main Primary Artist"),$F16,not(iserror(vlookup($F16,'Reference info'!$J$5:$J$8,1,0))),"Key Artist",not(iserror(vlookup($F16,'Reference info'!$J$38:$J$405,1,0))),"Performer",not(iserror(vlookup($F16,'Reference info'!$J$10:$J$36,1,0))),"Producer & Engineer")}
G17: {=ifs(or($F17="",$F17="Main Primary Artist"),$F17,not(iserror(vlookup($F17,'Reference info'!$J$5:$J$8,1,0))),"Key Artist",not(iserror(vlookup($F17,'Reference info'!$J$38:$J$405,1,0))),"Performer",not(iserror(vlookup($F17,'Reference info'!$J$10:$J$36,1,0))),"Producer & Engineer")}
G18: {=ifs(or($F18="",$F18="Main Primary Artist"),$F18,not(iserror(vlookup($F18,'Reference info'!$J$5:$J$8,1,0))),"Key Artist",not(iserror(vlookup($F18,'Reference info'!$J$38:$J$405,1,0))),"Performer",not(iserror(vlookup($F18,'Reference info'!$J$10:$J$36,1,0))),"Producer & Engineer")}
G19: {=ifs(or($F19="",$F19="Main Primary Artist"),$F19,not(iserror(vlookup($F19,'Reference info'!$J$5:$J$8,1,0))),"Key Artist",not(iserror(vlookup($F19,'Reference info'!$J$38:$J$405,1,0))),"Performer",not(iserror(vlookup($F19,'Reference info'!$J$10:$J$36,1,0))),"Producer & Engineer")}
G20: {=ifs(or($F20="",$F20="Main Primary Artist"),$F20,not(iserror(vlookup($F20,'Reference info'!$J$5:$J$8,1,0))),"Key Artist",not(iserror(vlookup($F20,'Reference info'!$J$38:$J$405,1,0))),"Performer",not(iserror(vlookup($F20,'Reference info'!$J$10:$J$36,1,0))),"Producer & Engineer")}
G21: {=ifs(or($F21="",$F21="Main Primary Artist"),$F21,not(iserror(vlookup($F21,'Reference info'!$J$5:$J$8,1,0))),"Key Artist",not(iserror(vlookup($F21,'Reference info'!$J$38:$J$405,1,0))),"Performer",not(iserror(vlookup($F21,'Reference info'!$J$10:$J$36,1,0))),"Producer & Engineer")}
G22: {=ifs(or($F22="",$F22="Main Primary Artist"),$F22,not(iserror(vlookup($F22,'Reference info'!$J$5:$J$8,1,0))),"Key Artist",not(iserror(vlookup($F22,'Reference info'!$J$38:$J$405,1,0))),"Performer",not(iserror(vlookup($F22,'Reference info'!$J$10:$J$36,1,0))),"Producer & Engineer")}
... G89: {=ifs(or($F89="",$F89="Main Primary Artist"),$F89,not(iserror(vlookup($F89,'Reference info'!$J$5:$J$8,1,0))),"Key Artist",not(iserror(vlookup($F89,'Reference info'!$J$38:$J$405,1,0))),"Performer",not(iserror(vlookup($F89,'Reference info'!$J$10:$J$36,1,0))),"Producer & Engineer")}

Sheet 5) Release_Track
A1: =IFERROR(__xludf.DUMMYFUNCTION("COUNTUNIQUE(A5:A617)-'3) Release_Label'!D1"),0.0) -> 0 | B1: =IFERROR(__xludf.DUMMYFUNCTION("COUNTUNIQUE(B5:B617)-'3) Release_Label'!E1"),0.0) -> 0 | C1: = FILLED AUTOMATICALLY IF CODES/IDS MATCH | E1: =count(E5:E617) -> 2 | F1: =IFERROR(__xludf.DUMMYFUNCTION("COUNTUNIQUE(F5:F617)"),2.0) -> 2 | G1: =IFERROR(__xludf.DUMMYFUNCTION("COUNTUNIQUE(G5:G617)"),0.0) -> 0 | H1: = READ NOTES / INSTRUCTIONS | I1: = OPTIONAL | J1: = REQUIRED FIELD | M1: =IFERROR(__xludf.DUMMYFUNCTION("COUNTUNIQUE(M5:M617)"),2.0) -> 2 | N1: =COUNTA(N5:N617) -> 2
A2: TRACK LEVEL - UPC/ID<>ISRC/ID
A3: UPC / EAN / JAN | B3: CATALOG RELEASE ID | C3: RELEASE TITLE | D3: RELEASE VERSION | E3: TRACK | F3: ISRC/vISRC | G3: CATALOG TRACK ID | H3: TRACK TITLE | I3: TRACK VERSION | J3: LANGUAGE OF LYRICS | K3: EXPLICIT | L3: TYPE | M3: AUDIO FILE URL | N3: AUDIO TYPE | O3: TRACK PREVIEW | P3: COMPOSITION ISWC
A4: from Release_Label tab | B4: from Release_Label tab | C4: auto-fills if Release Code/Id matches Code/Id in Release_Label tab | E4: NUMBER | F4: CCXXXYY##### blank if no ISRC yet | G4: Internal Ref. ID required if no ISRC/vISRC | H4: Written EXACTLY as per label copy (no version, type or contributor info) | I4: If applicable | J4: (select from list, start typing or drag) If no lyrics, select Instrumental | K4: YES / NO | L4: Original / Public Domain | M4: public URL MUST trigger audio file DOWNLOAD | N4: wav / flac ONLY | O4: Preview Start Time (in seconds)
A5: 789294845633 | C5: {=ifs(and(isblank($A5),isblank($B5)),"", not(iserror(vlookup($A5&$B5,'3) Release_Label'!$D:$D&'3) Release_Label'!$E:$E,1,0))),vlookup($A5&$B5,{'3) Release_Label'!$D:$D&'3) Release_Label'!$E:$E,'3) Release_Label'!$F:$F},2,0), or(and(not(isblank($B5)),$B5=#REF!,$A5<>#REF!),and(not(isblank($A5)),$A5=#REF!,$B5<>#REF!)),"ID LISTS UNALIGNED",and($A5<>"",countif('3) Release_Label'!$D:$D,$A5)=0),"NO UPC MATCH in Release_Label",and($B5<>"",countif('3) Release_Label'!$E:$E,$B5)=0),"NO CATALOG ID MATCH in Release_Label",iserror(vlookup($A5&$B5,'3) Release_Label'!$D:$D&'3) Release_Label'!$E:$E,1,0)),"NO UPC-CATALOG ID pair MATCH in Release_Label" )} -> Receba | D5: {=ifs(and(isblank($A5),isblank($B5)),"", not(iserror(vlookup($A5&$B5,'3) Release_Label'!$D:$D&'3) Release_Label'!$E:$E,1,0))),vlookup($A5&$B5,{'3) Release_Label'!$D:$D&'3) Release_Label'!$E:$E,'3) Release_Label'!$H:$H},2,0), or(and(not(isblank($B5)),$B5=#REF!,$A5<>#REF!),and(not(isblank($A5)),$A5=#REF!,$B5<>#REF!)),"ID LISTS UNALIGNED",and($A5<>"",countif('3) Release_Label'!$D:$D,$A5)=0),"NO UPC MATCH in Release_Label",and($B5<>"",countif('3) Release_Label'!$E:$E,$B5)=0),"NO CATALOG ID MATCH in Release_Label",iserror(vlookup($A5&$B5,'3) Release_Label'!$D:$D&'3) Release_Label'!$E:$E,1,0)),"NO UPC-CATALOG ID pair MATCH in Release_Label" )} -> Extended | E5: =if(and(isblank($A5),isblank($B5)),"",if(not(iserror(find("MATCH in ",D5))),D5,if(or(and(not(isblank($B5)),$B5=$B4,$A5<>$A4),and(not(isblank($A5)),$A5=$A4,$B5<>$B4)),"ID LISTS UNALIGNED",if(not(isblank($A5)),if($A5=$A4,1+E4,1),if($B5=$B4,1+E4,1))))) -> 1 | F5: QZW9M2221000 | H5: Receba | I5: Extended | J5: Portuguese | K5: NO | L5: Original | M5: https://www.dropbox.com/scl/fi/sjv55c5eqq0utzgy15ojq/Joy-Mejia-Amarte-Es-Mi-Pasatiempo.wav?rlkey=6j5ruxil4gc3vxonuf8ownxvi&st=8kysye3f&dl=1 | N5: flac | O5: 140 | P5: 12345 | R5: =if(OR(M5="",Q5>1),"","insert into AudioFiles VALUES (NEWID(),'"&if(G5="",F5&"."&N5,G5&"."&N5)&"', '."&N5&"', getdate(), null, 0, null, '"&SUBSTITUTE(trim(M5),"'","''")&"', 0, null, null, null, null)") -> insert into AudioFiles VALUES (NEWID(),'QZW9M2221000.flac', '.flac', getdate(), null, 0, null, 'https://www.dropbox.com/scl/fi/sjv55c5eqq0utzgy15ojq/Joy-Mejia-Amarte-Es-Mi-Pasatiempo.wav?rlkey=6j5ruxil4gc3vxonuf8ownxvi&st=8kysye3f&dl=1', 0, null, null, null, null) | S5: ="Insert into Tracks VALUES(N'"&SUBSTITUTE(trim(H5),"'","''")&"', 371631, "&if(not(ISBLANK(A5)),"(select LabelId from Releases where UPC="&A5&" and EnterpriseId="&EntId&")","(select LabelId from Releases where Catalog='"&SUBSTITUTE(trim(B5),"'","''")&"' and EnterpriseId="&EntId&")")&", "&if(F5="", "null", "'"&F5&"'")&", "&if(I5="", "null","N'"&SUBSTITUTE(trim(I5),"'","''")&"'")&", null, null, "&if(G5="", "null","'"&SUBSTITUTE(trim(G5),"'","''")&"'")&", null, null, null, "&if(M5="","null",if(G5="","(select AudioId from AudioFiles where Filename='"&F5&".wav' and ExternalUrl='"&SUBSTITUTE(trim(M5),"'","''")&"' and IsDownloadedFromExternalUrl=0)","(select AudioId from AudioFiles where Filename='"&G5&".wav' and ExternalUrl='"&SUBSTITUTE(trim(M5),"'","''")&"' and IsDownloadedFromExternalUrl=0)"))&", null, null, null, (select min(LanguageId) from Languages where LanguageName='"&J5&"' and IsValidMetadataLanguage=1), null, "&if(K5="YES", 1,0)&", getdate(), (select CreatedBy from Enterprises where EnterpriseId="&EntId&"), null, '34F4C88E-B410-461E-AD75-6C01536FDCD3', null, 0, null, null, null, null, "&if(M5="","null",if(G5="","(select AudioId from AudioFiles where Filename='"&F5&".flac' and ExternalUrl='"&SUBSTITUTE(trim(M5),"'","''")&"' and IsDownloadedFromExternalUrl=0)","(select AudioId from AudioFiles where Filename='"&G5&".flac' and ExternalUrl='"&SUBSTITUTE(trim(M5),"'","''")&"' and IsDownloadedFromExternalUrl=0)"))&", null, null, null, null, null, "&if(not(ISBLANK(A5)),"(select PrimaryMusicStyleId from Releases where UPC="&A5&" and EnterpriseId="&EntId&")","(select PrimaryMusicStyleId from Releases where Catalog='"&SUBSTITUTE(trim(B5),"'","''")&"' and EnterpriseId="&EntId&")")&", "&if(not(ISBLANK(A5)),"(select SecondaryMusicStyleId from Releases where UPC="&A5&" and EnterpriseId="&EntId&")","(select SecondaryMusicStyleId from Releases where Catalog='"&SUBSTITUTE(trim(B5),"'","''")&"' and EnterpriseId="&EntId&")")&", "&IF(O5="","null",O5)&", 0, null, (select id from internal_TrackTypes where description='"&L5&"'), null, null, null, null, (NEXT VALUE FOR [AssetIdSequence]), null, "&TenantId&", "&EntId&", "&if(F5<>"",countif(F$5:F5,F5),countif(G$5:G5,G5))&"); insert into Releases_Tracks values ( (select ReleaseId from Releases where "&if(not(ISBLANK(A5)),"UPC="&A5,"Catalog='"&SUBSTITUTE(trim(B5),"'","''")&"'")&" and EnterpriseId="&EntId&"), (select max(TrackId) from Tracks where "&if(trim(G5)="","ISRC='"&F5&"'","TrackVendorId='"&SUBSTITUTE(trim(G5),"'","''")&"'") &" and EnterpriseId="&EntId&"), "&E5&", (NEXT VALUE FOR [AssetIdSequence]), null); update Releases_Tracks set RevelatorExternalUsageTrackId=AssetId where TrackId=(select max(TrackId) from Tracks where "&IF(F5="","TrackVendorId='"&G5&"'","ISRC='"&F5&"'")&" and EnterpriseId="&EntId&"); Insert into TrackRecordingVersions values ((select max(TrackId) from Tracks where "&IF(F5="","TrackVendorId='"&G5&"'","ISRC='"&F5&"'")&" and EnterpriseId="&EntId&"), "&IF(F5="","null","'"&F5&"'")&", 1, getdate()); Insert into TrackRecordingVersionsAudioFiles values ((select max(TrackRecordingVersionId) from TrackRecordingVersions where TrackId in (select max(TrackId) from Tracks where "&IF(F5="","TrackVendorId='"&G5&"'","ISRC='"&F5&"'")&" and EnterpriseId="&EntId&")), "&if(M5="","null",if(G5="","(select AudioId from AudioFiles where Filename='"&F5&"."&N5&"' and ExternalUrl='"&SUBSTITUTE(trim(M5),"'","''")&"' and IsDownloadedFromExternalUrl=0)","(select AudioId from AudioFiles where Filename='"&G5&"."&N5&"' and ExternalUrl='"&SUBSTITUTE(trim(M5),"'","''")&"' and IsDownloadedFromExternalUrl=0)"))&", "&IFS(N5="","null",N5="wav","1",N5="flac","2")&"); Insert into Track_TrackProperties values ((select max(TrackId) from Tracks where "&IF(F5="","TrackVendorId='"&G5&"'","ISRC='"&F5&"'")&" and EnterpriseId="&EntId&"),1);" -> Insert into Tracks VALUES(N'Receba', 371631, (select LabelId from Releases where UPC=789294845633 and EnterpriseId=414849), 'QZW9M2221000', N'Extended', null, null, null, null, null, null, (select AudioId from AudioFiles where Filename='QZW9M2221000.wav' and ExternalUrl='https://www.dropbox.com/scl/fi/sjv55c5eqq0utzgy15ojq/Joy-Mejia-Amarte-Es-Mi-Pasatiempo.wav?rlkey=6j5ruxil4gc3vxonuf8ownxvi&st=8kysye3f&dl=1' and IsDownloadedFromExternalUrl=0), null, null, null, (select min(LanguageId) from Languages where LanguageName='Portuguese' and IsValidMetadataLanguage=1), null, 0, getdate(), (select CreatedBy from Enterprises where EnterpriseId=414849), null, '34F4C88E-B410-461E-AD75-6C01536FDCD3', null, 0, null, null, null, null, (select AudioId from AudioFiles where Filename='QZW9M2221000.flac' and ExternalUrl='https://www.dropbox.com/scl/fi/sjv55c5eqq0utzgy15ojq/Joy-Mejia-Amarte-Es-Mi-Pasatiempo.wav?rlkey=6j5ruxil4gc3vxonuf8ownxvi&st=8kysye3f&dl=1' and IsDownloadedFromExternalUrl=0), null, null, null, null, null, (select PrimaryMusicStyleId from Releases where UPC=789294845633 and EnterpriseId=414849), (select SecondaryMusicStyleId from Releases where UPC=789294845633 and EnterpriseId=414849), 140, 0, null, (select id from internal_TrackTypes where description='Original'), null, null, null, null, (NEXT VALUE FOR [AssetIdSequence]), null, 332920, 414849, 1); insert into Releases_Tracks values ( (select ReleaseId from Releases where UPC=789294845633 and EnterpriseId=414849), (select max(TrackId) from Tracks where ISRC='QZW9M2221000' and EnterpriseId=414849), 1, (NEXT VALUE FOR [AssetIdSequence]), null); update Releases_Tracks set RevelatorExternalUsageTrackId=AssetId where TrackId=(select max(TrackId) from Tracks where ISRC='QZW9M2221000' and EnterpriseId=414849); Insert into TrackRecordingVersions values ((select max(TrackId) from Tracks where ISRC='QZW9M2221000' and EnterpriseId=414849), 'QZW9M2221000', 1, getdate()); Insert into TrackRecordingVersionsAudioFiles values ((select max(TrackRecordingVersionId) from TrackRecordingVersions where TrackId in (select max(TrackId) from Tracks where ISRC='QZW9M2221000' and EnterpriseId=414849)), (select AudioId from AudioFiles where Filename='QZW9M2221000.flac' and ExternalUrl='https://www.dropbox.com/scl/fi/sjv55c5eqq0utzgy15ojq/Joy-Mejia-Amarte-Es-Mi-Pasatiempo.wav?rlkey=6j5ruxil4gc3vxonuf8ownxvi&st=8kysye3f&dl=1' and IsDownloadedFromExternalUrl=0), 2); Insert into Track_TrackProperties values ((select max(TrackId) from Tracks where ISRC='QZW9M2221000' and EnterpriseId=414849),1); | U5: =VLOOKUP(F5,'6) Track_Artist(s)'!A:A,1,0) -> QZW9M2221000
A6: 789294962088 | C6: {=ifs(and(isblank($A6),isblank($B6)),"", not(iserror(vlookup($A6&$B6,'3) Release_Label'!$D:$D&'3) Release_Label'!$E:$E,1,0))),vlookup($A6&$B6,{'3) Release_Label'!$D:$D&'3) Release_Label'!$E:$E,'3) Release_Label'!$F:$F},2,0), or(and(not(isblank($B6)),$B6=$B5,$A6<>$A5),and(not(isblank($A6)),$A6=$A5,$B6<>$B5)),"ID LISTS UNALIGNED",and($A6<>"",countif('3) Release_Label'!$D:$D,$A6)=0),"NO UPC MATCH in Release_Label",and($B6<>"",countif('3) Release_Label'!$E:$E,$B6)=0),"NO CATALOG ID MATCH in Release_Label",iserror(vlookup($A6&$B6,'3) Release_Label'!$D:$D&'3) Release_Label'!$E:$E,1,0)),"NO UPC-CATALOG ID pair MATCH in Release_Label" )} -> A Cláusula do Contrato | D6: {=ifs(and(isblank($A6),isblank($B6)),"", not(iserror(vlookup($A6&$B6,'3) Release_Label'!$D:$D&'3) Release_Label'!$E:$E,1,0))),vlookup($A6&$B6,{'3) Release_Label'!$D:$D&'3) Release_Label'!$E:$E,'3) Release_Label'!$H:$H},2,0), or(and(not(isblank($B6)),$B6=$B5,$A6<>$A5),and(not(isblank($A6)),$A6=$A5,$B6<>$B5)),"ID LISTS UNALIGNED",and($A6<>"",countif('3) Release_Label'!$D:$D,$A6)=0),"NO UPC MATCH in Release_Label",and($B6<>"",countif('3) Release_Label'!$E:$E,$B6)=0),"NO CATALOG ID MATCH in Release_Label",iserror(vlookup($A6&$B6,'3) Release_Label'!$D:$D&'3) Release_Label'!$E:$E,1,0)),"NO UPC-CATALOG ID pair MATCH in Release_Label" )} | E6: =if(and(isblank($A6),isblank($B6)),"",if(not(iserror(find("MATCH in ",D6))),D6,if(or(and(not(isblank($B6)),$B6=$B5,$A6<>$A5),and(not(isblank($A6)),$A6=$A5,$B6<>$B5)),"ID LISTS UNALIGNED",if(not(isblank($A6)),if($A6=$A5,1+E5,1),if($B6=$B5,1+E5,1))))) -> 1 | F6: QZW9M2236571 | H6: A Cláusula do Contrato | J6: Portuguese | K6: NO | L6: Original | M6: https://www.dropbox.com/scl/fi/ncgo2nf5srfafm0odhequ/Joy-Mejia-Te-Fall.wav?rlkey=6jl64vr3v0w4tn6km1sbhlxux&st=um08pokf&dl=1 | N6: flac | O6: 200 | P6: 67890 | R6: =if(OR(M6="",Q6>1),"","insert into AudioFiles VALUES (NEWID(),'"&if(G6="",F6&"."&N6,G6&"."&N6)&"', '."&N6&"', getdate(), null, 0, null, '"&SUBSTITUTE(trim(M6),"'","''")&"', 0, null, null, null, null)") -> insert into AudioFiles VALUES (NEWID(),'QZW9M2236571.flac', '.flac', getdate(), null, 0, null, 'https://www.dropbox.com/scl/fi/ncgo2nf5srfafm0odhequ/Joy-Mejia-Te-Fall.wav?rlkey=6jl64vr3v0w4tn6km1sbhlxux&st=um08pokf&dl=1', 0, null, null, null, null) | S6: ="Insert into Tracks VALUES(N'"&SUBSTITUTE(trim(H6),"'","''")&"', 371631, "&if(not(ISBLANK(A6)),"(select LabelId from Releases where UPC="&A6&" and EnterpriseId="&EntId&")","(select LabelId from Releases where Catalog='"&SUBSTITUTE(trim(B6),"'","''")&"' and EnterpriseId="&EntId&")")&", "&if(F6="", "null", "'"&F6&"'")&", "&if(I6="", "null","N'"&SUBSTITUTE(trim(I6),"'","''")&"'")&", null, null, "&if(G6="", "null","'"&SUBSTITUTE(trim(G6),"'","''")&"'")&", null, null, null, "&if(M6="","null",if(G6="","(select AudioId from AudioFiles where Filename='"&F6&".wav' and ExternalUrl='"&SUBSTITUTE(trim(M6),"'","''")&"' and IsDownloadedFromExternalUrl=0)","(select AudioId from AudioFiles where Filename='"&G6&".wav' and ExternalUrl='"&SUBSTITUTE(trim(M6),"'","''")&"' and IsDownloadedFromExternalUrl=0)"))&", null, null, null, (select min(LanguageId) from Languages where LanguageName='"&J6&"' and IsValidMetadataLanguage=1), null, "&if(K6="YES", 1,0)&", getdate(), (select CreatedBy from Enterprises where EnterpriseId="&EntId&"), null, '34F4C88E-B410-461E-AD75-6C01536FDCD3', null, 0, null, null, null, null, "&if(M6="","null",if(G6="","(select AudioId from AudioFiles where Filename='"&F6&".flac' and ExternalUrl='"&SUBSTITUTE(trim(M6),"'","''")&"' and IsDownloadedFromExternalUrl=0)","(select AudioId from AudioFiles where Filename='"&G6&".flac' and ExternalUrl='"&SUBSTITUTE(trim(M6),"'","''")&"' and IsDownloadedFromExternalUrl=0)"))&", null, null, null, null, null, "&if(not(ISBLANK(A6)),"(select PrimaryMusicStyleId from Releases where UPC="&A6&" and EnterpriseId="&EntId&")","(select PrimaryMusicStyleId from Releases where Catalog='"&SUBSTITUTE(trim(B6),"'","''")&"' and EnterpriseId="&EntId&")")&", "&if(not(ISBLANK(A6)),"(select SecondaryMusicStyleId from Releases where UPC="&A6&" and EnterpriseId="&EntId&")","(select SecondaryMusicStyleId from Releases where Catalog='"&SUBSTITUTE(trim(B6),"'","''")&"' and EnterpriseId="&EntId&")")&", "&IF(O6="","null",O6)&", 0, null, (select id from internal_TrackTypes where description='"&L6&"'), null, null, null, null, (NEXT VALUE FOR [AssetIdSequence]), null, "&TenantId&", "&EntId&", "&if(F6<>"",countif(F$5:F6,F6),countif(G$5:G6,G6))&"); insert into Releases_Tracks values ( (select ReleaseId from Releases where "&if(not(ISBLANK(A6)),"UPC="&A6,"Catalog='"&SUBSTITUTE(trim(B6),"'","''")&"'")&" and EnterpriseId="&EntId&"), (select max(TrackId) from Tracks where "&if(trim(G6)="","ISRC='"&F6&"'","TrackVendorId='"&SUBSTITUTE(trim(G6),"'","''")&"'") &" and EnterpriseId="&EntId&"), "&E6&", (NEXT VALUE FOR [AssetIdSequence]), null); update Releases_Tracks set RevelatorExternalUsageTrackId=AssetId where TrackId=(select max(TrackId) from Tracks where "&IF(F6="","TrackVendorId='"&G6&"'","ISRC='"&F6&"'")&" and EnterpriseId="&EntId&"); Insert into TrackRecordingVersions values ((select max(TrackId) from Tracks where "&IF(F6="","TrackVendorId='"&G6&"'","ISRC='"&F6&"'")&" and EnterpriseId="&EntId&"), "&IF(F6="","null","'"&F6&"'")&", 1, getdate()); Insert into TrackRecordingVersionsAudioFiles values ((select max(TrackRecordingVersionId) from TrackRecordingVersions where TrackId in (select max(TrackId) from Tracks where "&IF(F6="","TrackVendorId='"&G6&"'","ISRC='"&F6&"'")&" and EnterpriseId="&EntId&")), "&if(M6="","null",if(G6="","(select AudioId from AudioFiles where Filename='"&F6&"."&N6&"' and ExternalUrl='"&SUBSTITUTE(trim(M6),"'","''")&"' and IsDownloadedFromExternalUrl=0)","(select AudioId from AudioFiles where Filename='"&G6&"."&N6&"' and ExternalUrl='"&SUBSTITUTE(trim(M6),"'","''")&"' and IsDownloadedFromExternalUrl=0)"))&", "&IFS(N6="","null",N6="wav","1",N6="flac","2")&"); Insert into Track_TrackProperties values ((select max(TrackId) from Tracks where "&IF(F6="","TrackVendorId='"&G6&"'","ISRC='"&F6&"'")&" and EnterpriseId="&EntId&"),1);" -> Insert into Tracks VALUES(N'A Cláusula do Contrato', 371631, (select LabelId from Releases where UPC=789294962088 and EnterpriseId=414849), 'QZW9M2236571', null, null, null, null, null, null, null, (select AudioId from AudioFiles where Filename='QZW9M2236571.wav' and ExternalUrl='https://www.dropbox.com/scl/fi/ncgo2nf5srfafm0odhequ/Joy-Mejia-Te-Fall.wav?rlkey=6jl64vr3v0w4tn6km1sbhlxux&st=um08pokf&dl=1' and IsDownloadedFromExternalUrl=0), null, null, null, (select min(LanguageId) from Languages where LanguageName='Portuguese' and IsValidMetadataLanguage=1), null, 0, getdate(), (select CreatedBy from Enterprises where EnterpriseId=414849), null, '34F4C88E-B410-461E-AD75-6C01536FDCD3', null, 0, null, null, null, null, (select AudioId from AudioFiles where Filename='QZW9M2236571.flac' and ExternalUrl='https://www.dropbox.com/scl/fi/ncgo2nf5srfafm0odhequ/Joy-Mejia-Te-Fall.wav?rlkey=6jl64vr3v0w4tn6km1sbhlxux&st=um08pokf&dl=1' and IsDownloadedFromExternalUrl=0), null, null, null, null, null, (select PrimaryMusicStyleId from Releases where UPC=789294962088 and EnterpriseId=414849), (select SecondaryMusicStyleId from Releases where UPC=789294962088 and EnterpriseId=414849), 200, 0, null, (select id from internal_TrackTypes where description='Original'), null, null, null, null, (NEXT VALUE FOR [AssetIdSequence]), null, 332920, 414849, 1); insert into Releases_Tracks values ( (select ReleaseId from Releases where UPC=789294962088 and EnterpriseId=414849), (select max(TrackId) from Tracks where ISRC='QZW9M2236571' and EnterpriseId=414849), 1, (NEXT VALUE FOR [AssetIdSequence]), null); update Releases_Tracks set RevelatorExternalUsageTrackId=AssetId where TrackId=(select max(TrackId) from Tracks where ISRC='QZW9M2236571' and EnterpriseId=414849); Insert into TrackRecordingVersions values ((select max(TrackId) from Tracks where ISRC='QZW9M2236571' and EnterpriseId=414849), 'QZW9M2236571', 1, getdate()); Insert into TrackRecordingVersionsAudioFiles values ((select max(TrackRecordingVersionId) from TrackRecordingVersions where TrackId in (select max(TrackId) from Tracks where ISRC='QZW9M2236571' and EnterpriseId=414849)), (select AudioId from AudioFiles where Filename='QZW9M2236571.flac' and ExternalUrl='https://www.dropbox.com/scl/fi/ncgo2nf5srfafm0odhequ/Joy-Mejia-Te-Fall.wav?rlkey=6jl64vr3v0w4tn6km1sbhlxux&st=um08pokf&dl=1' and IsDownloadedFromExternalUrl=0), 2); Insert into Track_TrackProperties values ((select max(TrackId) from Tracks where ISRC='QZW9M2236571' and EnterpriseId=414849),1); | U6: =VLOOKUP(F6,'6) Track_Artist(s)'!A:A,1,0) -> QZW9M2236571
C7: {=ifs(and(isblank($A7),isblank($B7)),"", not(iserror(vlookup($A7&$B7,'3) Release_Label'!$D:$D&'3) Release_Label'!$E:$E,1,0))),vlookup($A7&$B7,{'3) Release_Label'!$D:$D&'3) Release_Label'!$E:$E,'3) Release_Label'!$F:$F},2,0), or(and(not(isblank($B7)),$B7=#REF!,$A7<>#REF!),and(not(isblank($A7)),$A7=#REF!,$B7<>#REF!)),"ID LISTS UNALIGNED",and($A7<>"",countif('3) Release_Label'!$D:$D,$A7)=0),"NO UPC MATCH in Release_Label",and($B7<>"",countif('3) Release_Label'!$E:$E,$B7)=0),"NO CATALOG ID MATCH in Release_Label",iserror(vlookup($A7&$B7,'3) Release_Label'!$D:$D&'3) Release_Label'!$E:$E,1,0)),"NO UPC-CATALOG ID pair MATCH in Release_Label" )} | D7: {=ifs(and(isblank($A7),isblank($B7)),"", not(iserror(vlookup($A7&$B7,'3) Release_Label'!$D:$D&'3) Release_Label'!$E:$E,1,0))),vlookup($A7&$B7,{'3) Release_Label'!$D:$D&'3) Release_Label'!$E:$E,'3) Release_Label'!$H:$H},2,0), or(and(not(isblank($B7)),$B7=#REF!,$A7<>#REF!),and(not(isblank($A7)),$A7=#REF!,$B7<>#REF!)),"ID LISTS UNALIGNED",and($A7<>"",countif('3) Release_Label'!$D:$D,$A7)=0),"NO UPC MATCH in Release_Label",and($B7<>"",countif('3) Release_Label'!$E:$E,$B7)=0),"NO CATALOG ID MATCH in Release_Label",iserror(vlookup($A7&$B7,'3) Release_Label'!$D:$D&'3) Release_Label'!$E:$E,1,0)),"NO UPC-CATALOG ID pair MATCH in Release_Label" )} | E7: =if(and(isblank($A7),isblank($B7)),"",if(not(iserror(find("MATCH in ",D7))),D7,if(or(and(not(isblank($B7)),$B7=#REF!,$A7<>#REF!),and(not(isblank($A7)),$A7=#REF!,$B7<>#REF!)),"ID LISTS UNALIGNED",if(not(isblank($A7)),if($A7=#REF!,1+#REF!,1),if($B7=#REF!,1+#REF!,1)))))
C8: {=ifs(and(isblank($A8),isblank($B8)),"", not(iserror(vlookup($A8&$B8,'3) Release_Label'!$D:$D&'3) Release_Label'!$E:$E,1,0))),vlookup($A8&$B8,{'3) Release_Label'!$D:$D&'3) Release_Label'!$E:$E,'3) Release_Label'!$F:$F},2,0), or(and(not(isblank($B8)),$B8=$B7,$A8<>$A7),and(not(isblank($A8)),$A8=$A7,$B8<>$B7)),"ID LISTS UNALIGNED",and($A8<>"",countif('3) Release_Label'!$D:$D,$A8)=0),"NO UPC MATCH in Release_Label",and($B8<>"",countif('3) Release_Label'!$E:$E,$B8)=0),"NO CATALOG ID MATCH in Release_Label",iserror(vlookup($A8&$B8,'3) Release_Label'!$D:$D&'3) Release_Label'!$E:$E,1,0)),"NO UPC-CATALOG ID pair MATCH in Release_Label" )} | D8: {=ifs(and(isblank($A8),isblank($B8)),"", not(iserror(vlookup($A8&$B8,'3) Release_Label'!$D:$D&'3) Release_Label'!$E:$E,1,0))),vlookup($A8&$B8,{'3) Release_Label'!$D:$D&'3) Release_Label'!$E:$E,'3) Release_Label'!$H:$H},2,0), or(and(not(isblank($B8)),$B8=$B7,$A8<>$A7),and(not(isblank($A8)),$A8=$A7,$B8<>$B7)),"ID LISTS UNALIGNED",and($A8<>"",countif('3) Release_Label'!$D:$D,$A8)=0),"NO UPC MATCH in Release_Label",and($B8<>"",countif('3) Release_Label'!$E:$E,$B8)=0),"NO CATALOG ID MATCH in Release_Label",iserror(vlookup($A8&$B8,'3) Release_Label'!$D:$D&'3) Release_Label'!$E:$E,1,0)),"NO UPC-CATALOG ID pair MATCH in Release_Label" )} | E8: =if(and(isblank($A8),isblank($B8)),"",if(not(iserror(find("MATCH in ",D8))),D8,if(or(and(not(isblank($B8)),$B8=$B7,$A8<>$A7),and(not(isblank($A8)),$A8=$A7,$B8<>$B7)),"ID LISTS UNALIGNED",if(not(isblank($A8)),if($A8=$A7,1+E7,1),if($B8=$B7,1+E7,1)))))
C9: {=ifs(and(isblank($A9),isblank($B9)),"", not(iserror(vlookup($A9&$B9,'3) Release_Label'!$D:$D&'3) Release_Label'!$E:$E,1,0))),vlookup($A9&$B9,{'3) Release_Label'!$D:$D&'3) Release_Label'!$E:$E,'3) Release_Label'!$F:$F},2,0), or(and(not(isblank($B9)),$B9=$B8,$A9<>$A8),and(not(isblank($A9)),$A9=$A8,$B9<>$B8)),"ID LISTS UNALIGNED",and($A9<>"",countif('3) Release_Label'!$D:$D,$A9)=0),"NO UPC MATCH in Release_Label",and($B9<>"",countif('3) Release_Label'!$E:$E,$B9)=0),"NO CATALOG ID MATCH in Release_Label",iserror(vlookup($A9&$B9,'3) Release_Label'!$D:$D&'3) Release_Label'!$E:$E,1,0)),"NO UPC-CATALOG ID pair MATCH in Release_Label" )} | D9: {=ifs(and(isblank($A9),isblank($B9)),"", not(iserror(vlookup($A9&$B9,'3) Release_Label'!$D:$D&'3) Release_Label'!$E:$E,1,0))),vlookup($A9&$B9,{'3) Release_Label'!$D:$D&'3) Release_Label'!$E:$E,'3) Release_Label'!$H:$H},2,0), or(and(not(isblank($B9)),$B9=$B8,$A9<>$A8),and(not(isblank($A9)),$A9=$A8,$B9<>$B8)),"ID LISTS UNALIGNED",and($A9<>"",countif('3) Release_Label'!$D:$D,$A9)=0),"NO UPC MATCH in Release_Label",and($B9<>"",countif('3) Release_Label'!$E:$E,$B9)=0),"NO CATALOG ID MATCH in Release_Label",iserror(vlookup($A9&$B9,'3) Release_Label'!$D:$D&'3) Release_Label'!$E:$E,1,0)),"NO UPC-CATALOG ID pair MATCH in Release_Label" )} | E9: =if(and(isblank($A9),isblank($B9)),"",if(not(iserror(find("MATCH in ",D9))),D9,if(or(and(not(isblank($B9)),$B9=$B8,$A9<>$A8),and(not(isblank($A9)),$A9=$A8,$B9<>$B8)),"ID LISTS UNALIGNED",if(not(isblank($A9)),if($A9=$A8,1+E8,1),if($B9=$B8,1+E8,1)))))
C10: {=ifs(and(isblank($A10),isblank($B10)),"", not(iserror(vlookup($A10&$B10,'3) Release_Label'!$D:$D&'3) Release_Label'!$E:$E,1,0))),vlookup($A10&$B10,{'3) Release_Label'!$D:$D&'3) Release_Label'!$E:$E,'3) Release_Label'!$F:$F},2,0), or(and(not(isblank($B10)),$B10=$B9,$A10<>$A9),and(not(isblank($A10)),$A10=$A9,$B10<>$B9)),"ID LISTS UNALIGNED",and($A10<>"",countif('3) Release_Label'!$D:$D,$A10)=0),"NO UPC MATCH in Release_Label",and($B10<>"",countif('3) Release_Label'!$E:$E,$B10)=0),"NO CATALOG ID MATCH in Release_Label",iserror(vlookup($A10&$B10,'3) Release_Label'!$D:$D&'3) Release_Label'!$E:$E,1,0)),"NO UPC-CATALOG ID pair MATCH in Release_Label" )} | D10: {=ifs(and(isblank($A10),isblank($B10)),"", not(iserror(vlookup($A10&$B10,'3) Release_Label'!$D:$D&'3) Release_Label'!$E:$E,1,0))),vlookup($A10&$B10,{'3) Release_Label'!$D:$D&'3) Release_Label'!$E:$E,'3) Release_Label'!$H:$H},2,0), or(and(not(isblank($B10)),$B10=$B9,$A10<>$A9),and(not(isblank($A10)),$A10=$A9,$B10<>$B9)),"ID LISTS UNALIGNED",and($A10<>"",countif('3) Release_Label'!$D:$D,$A10)=0),"NO UPC MATCH in Release_Label",and($B10<>"",countif('3) Release_Label'!$E:$E,$B10)=0),"NO CATALOG ID MATCH in Release_Label",iserror(vlookup($A10&$B10,'3) Release_Label'!$D:$D&'3) Release_Label'!$E:$E,1,0)),"NO UPC-CATALOG ID pair MATCH in Release_Label" )} | E10: =if(and(isblank($A10),isblank($B10)),"",if(not(iserror(find("MATCH in ",D10))),D10,if(or(and(not(isblank($B10)),$B10=$B9,$A10<>$A9),and(not(isblank($A10)),$A10=$A9,$B10<>$B9)),"ID LISTS UNALIGNED",if(not(isblank($A10)),if($A10=$A9,1+E9,1),if($B10=$B9,1+E9,1)))))
C11: {=ifs(and(isblank($A11),isblank($B11)),"", not(iserror(vlookup($A11&$B11,'3) Release_Label'!$D:$D&'3) Release_Label'!$E:$E,1,0))),vlookup($A11&$B11,{'3) Release_Label'!$D:$D&'3) Release_Label'!$E:$E,'3) Release_Label'!$F:$F},2,0), or(and(not(isblank($B11)),$B11=$B10,$A11<>$A10),and(not(isblank($A11)),$A11=$A10,$B11<>$B10)),"ID LISTS UNALIGNED",and($A11<>"",countif('3) Release_Label'!$D:$D,$A11)=0),"NO UPC MATCH in Release_Label",and($B11<>"",countif('3) Release_Label'!$E:$E,$B11)=0),"NO CATALOG ID MATCH in Release_Label",iserror(vlookup($A11&$B11,'3) Release_Label'!$D:$D&'3) Release_Label'!$E:$E,1,0)),"NO UPC-CATALOG ID pair MATCH in Release_Label" )} | D11: {=ifs(and(isblank($A11),isblank($B11)),"", not(iserror(vlookup($A11&$B11,'3) Release_Label'!$D:$D&'3) Release_Label'!$E:$E,1,0))),vlookup($A11&$B11,{'3) Release_Label'!$D:$D&'3) Release_Label'!$E:$E,'3) Release_Label'!$H:$H},2,0), or(and(not(isblank($B11)),$B11=$B10,$A11<>$A10),and(not(isblank($A11)),$A11=$A10,$B11<>$B10)),"ID LISTS UNALIGNED",and($A11<>"",countif('3) Release_Label'!$D:$D,$A11)=0),"NO UPC MATCH in Release_Label",and($B11<>"",countif('3) Release_Label'!$E:$E,$B11)=0),"NO CATALOG ID MATCH in Release_Label",iserror(vlookup($A11&$B11,'3) Release_Label'!$D:$D&'3) Release_Label'!$E:$E,1,0)),"NO UPC-CATALOG ID pair MATCH in Release_Label" )} | E11: =if(and(isblank($A11),isblank($B11)),"",if(not(iserror(find("MATCH in ",D11))),D11,if(or(and(not(isblank($B11)),$B11=$B10,$A11<>$A10),and(not(isblank($A11)),$A11=$A10,$B11<>$B10)),"ID LISTS UNALIGNED",if(not(isblank($A11)),if($A11=$A10,1+E10,1),if($B11=$B10,1+E10,1)))))
C12: {=ifs(and(isblank($A12),isblank($B12)),"", not(iserror(vlookup($A12&$B12,'3) Release_Label'!$D:$D&'3) Release_Label'!$E:$E,1,0))),vlookup($A12&$B12,{'3) Release_Label'!$D:$D&'3) Release_Label'!$E:$E,'3) Release_Label'!$F:$F},2,0), or(and(not(isblank($B12)),$B12=$B11,$A12<>$A11),and(not(isblank($A12)),$A12=$A11,$B12<>$B11)),"ID LISTS UNALIGNED",and($A12<>"",countif('3) Release_Label'!$D:$D,$A12)=0),"NO UPC MATCH in Release_Label",and($B12<>"",countif('3) Release_Label'!$E:$E,$B12)=0),"NO CATALOG ID MATCH in Release_Label",iserror(vlookup($A12&$B12,'3) Release_Label'!$D:$D&'3) Release_Label'!$E:$E,1,0)),"NO UPC-CATALOG ID pair MATCH in Release_Label" )} | D12: {=ifs(and(isblank($A12),isblank($B12)),"", not(iserror(vlookup($A12&$B12,'3) Release_Label'!$D:$D&'3) Release_Label'!$E:$E,1,0))),vlookup($A12&$B12,{'3) Release_Label'!$D:$D&'3) Release_Label'!$E:$E,'3) Release_Label'!$H:$H},2,0), or(and(not(isblank($B12)),$B12=$B11,$A12<>$A11),and(not(isblank($A12)),$A12=$A11,$B12<>$B11)),"ID LISTS UNALIGNED",and($A12<>"",countif('3) Release_Label'!$D:$D,$A12)=0),"NO UPC MATCH in Release_Label",and($B12<>"",countif('3) Release_Label'!$E:$E,$B12)=0),"NO CATALOG ID MATCH in Release_Label",iserror(vlookup($A12&$B12,'3) Release_Label'!$D:$D&'3) Release_Label'!$E:$E,1,0)),"NO UPC-CATALOG ID pair MATCH in Release_Label" )} | E12: =if(and(isblank($A12),isblank($B12)),"",if(not(iserror(find("MATCH in ",D12))),D12,if(or(and(not(isblank($B12)),$B12=$B11,$A12<>$A11),and(not(isblank($A12)),$A12=$A11,$B12<>$B11)),"ID LISTS UNALIGNED",if(not(isblank($A12)),if($A12=$A11,1+E11,1),if($B12=$B11,1+E11,1)))))
C13: {=ifs(and(isblank($A13),isblank($B13)),"", not(iserror(vlookup($A13&$B13,'3) Release_Label'!$D:$D&'3) Release_Label'!$E:$E,1,0))),vlookup($A13&$B13,{'3) Release_Label'!$D:$D&'3) Release_Label'!$E:$E,'3) Release_Label'!$F:$F},2,0), or(and(not(isblank($B13)),$B13=$B12,$A13<>$A12),and(not(isblank($A13)),$A13=$A12,$B13<>$B12)),"ID LISTS UNALIGNED",and($A13<>"",countif('3) Release_Label'!$D:$D,$A13)=0),"NO UPC MATCH in Release_Label",and($B13<>"",countif('3) Release_Label'!$E:$E,$B13)=0),"NO CATALOG ID MATCH in Release_Label",iserror(vlookup($A13&$B13,'3) Release_Label'!$D:$D&'3) Release_Label'!$E:$E,1,0)),"NO UPC-CATALOG ID pair MATCH in Release_Label" )} | D13: {=ifs(and(isblank($A13),isblank($B13)),"", not(iserror(vlookup($A13&$B13,'3) Release_Label'!$D:$D&'3) Release_Label'!$E:$E,1,0))),vlookup($A13&$B13,{'3) Release_Label'!$D:$D&'3) Release_Label'!$E:$E,'3) Release_Label'!$H:$H},2,0), or(and(not(isblank($B13)),$B13=$B12,$A13<>$A12),and(not(isblank($A13)),$A13=$A12,$B13<>$B12)),"ID LISTS UNALIGNED",and($A13<>"",countif('3) Release_Label'!$D:$D,$A13)=0),"NO UPC MATCH in Release_Label",and($B13<>"",countif('3) Release_Label'!$E:$E,$B13)=0),"NO CATALOG ID MATCH in Release_Label",iserror(vlookup($A13&$B13,'3) Release_Label'!$D:$D&'3) Release_Label'!$E:$E,1,0)),"NO UPC-CATALOG ID pair MATCH in Release_Label" )} | E13: =if(and(isblank($A13),isblank($B13)),"",if(not(iserror(find("MATCH in ",D13))),D13,if(or(and(not(isblank($B13)),$B13=$B12,$A13<>$A12),and(not(isblank($A13)),$A13=$A12,$B13<>$B12)),"ID LISTS UNALIGNED",if(not(isblank($A13)),if($A13=$A12,1+E12,1),if($B13=$B12,1+E12,1)))))
C14: {=ifs(and(isblank($A14),isblank($B14)),"", not(iserror(vlookup($A14&$B14,'3) Release_Label'!$D:$D&'3) Release_Label'!$E:$E,1,0))),vlookup($A14&$B14,{'3) Release_Label'!$D:$D&'3) Release_Label'!$E:$E,'3) Release_Label'!$F:$F},2,0), or(and(not(isblank($B14)),$B14=$B13,$A14<>$A13),and(not(isblank($A14)),$A14=$A13,$B14<>$B13)),"ID LISTS UNALIGNED",and($A14<>"",countif('3) Release_Label'!$D:$D,$A14)=0),"NO UPC MATCH in Release_Label",and($B14<>"",countif('3) Release_Label'!$E:$E,$B14)=0),"NO CATALOG ID MATCH in Release_Label",iserror(vlookup($A14&$B14,'3) Release_Label'!$D:$D&'3) Release_Label'!$E:$E,1,0)),"NO UPC-CATALOG ID pair MATCH in Release_Label" )} | D14: {=ifs(and(isblank($A14),isblank($B14)),"", not(iserror(vlookup($A14&$B14,'3) Release_Label'!$D:$D&'3) Release_Label'!$E:$E,1,0))),vlookup($A14&$B14,{'3) Release_Label'!$D:$D&'3) Release_Label'!$E:$E,'3) Release_Label'!$H:$H},2,0), or(and(not(isblank($B14)),$B14=$B13,$A14<>$A13),and(not(isblank($A14)),$A14=$A13,$B14<>$B13)),"ID LISTS UNALIGNED",and($A14<>"",countif('3) Release_Label'!$D:$D,$A14)=0),"NO UPC MATCH in Release_Label",and($B14<>"",countif('3) Release_Label'!$E:$E,$B14)=0),"NO CATALOG ID MATCH in Release_Label",iserror(vlookup($A14&$B14,'3) Release_Label'!$D:$D&'3) Release_Label'!$E:$E,1,0)),"NO UPC-CATALOG ID pair MATCH in Release_Label" )} | E14: =if(and(isblank($A14),isblank($B14)),"",if(not(iserror(find("MATCH in ",D14))),D14,if(or(and(not(isblank($B14)),$B14=$B13,$A14<>$A13),and(not(isblank($A14)),$A14=$A13,$B14<>$B13)),"ID LISTS UNALIGNED",if(not(isblank($A14)),if($A14=$A13,1+E13,1),if($B14=$B13,1+E13,1)))))
C15: {=ifs(and(isblank($A15),isblank($B15)),"", not(iserror(vlookup($A15&$B15,'3) Release_Label'!$D:$D&'3) Release_Label'!$E:$E,1,0))),vlookup($A15&$B15,{'3) Release_Label'!$D:$D&'3) Release_Label'!$E:$E,'3) Release_Label'!$F:$F},2,0), or(and(not(isblank($B15)),$B15=$B14,$A15<>$A14),and(not(isblank($A15)),$A15=$A14,$B15<>$B14)),"ID LISTS UNALIGNED",and($A15<>"",countif('3) Release_Label'!$D:$D,$A15)=0),"NO UPC MATCH in Release_Label",and($B15<>"",countif('3) Release_Label'!$E:$E,$B15)=0),"NO CATALOG ID MATCH in Release_Label",iserror(vlookup($A15&$B15,'3) Release_Label'!$D:$D&'3) Release_Label'!$E:$E,1,0)),"NO UPC-CATALOG ID pair MATCH in Release_Label" )} | D15: {=ifs(and(isblank($A15),isblank($B15)),"", not(iserror(vlookup($A15&$B15,'3) Release_Label'!$D:$D&'3) Release_Label'!$E:$E,1,0))),vlookup($A15&$B15,{'3) Release_Label'!$D:$D&'3) Release_Label'!$E:$E,'3) Release_Label'!$H:$H},2,0), or(and(not(isblank($B15)),$B15=$B14,$A15<>$A14),and(not(isblank($A15)),$A15=$A14,$B15<>$B14)),"ID LISTS UNALIGNED",and($A15<>"",countif('3) Release_Label'!$D:$D,$A15)=0),"NO UPC MATCH in Release_Label",and($B15<>"",countif('3) Release_Label'!$E:$E,$B15)=0),"NO CATALOG ID MATCH in Release_Label",iserror(vlookup($A15&$B15,'3) Release_Label'!$D:$D&'3) Release_Label'!$E:$E,1,0)),"NO UPC-CATALOG ID pair MATCH in Release_Label" )} | E15: =if(and(isblank($A15),isblank($B15)),"",if(not(iserror(find("MATCH in ",D15))),D15,if(or(and(not(isblank($B15)),$B15=$B14,$A15<>$A14),and(not(isblank($A15)),$A15=$A14,$B15<>$B14)),"ID LISTS UNALIGNED",if(not(isblank($A15)),if($A15=$A14,1+E14,1),if($B15=$B14,1+E14,1)))))
C16: {=ifs(and(isblank($A16),isblank($B16)),"", not(iserror(vlookup($A16&$B16,'3) Release_Label'!$D:$D&'3) Release_Label'!$E:$E,1,0))),vlookup($A16&$B16,{'3) Release_Label'!$D:$D&'3) Release_Label'!$E:$E,'3) Release_Label'!$F:$F},2,0), or(and(not(isblank($B16)),$B16=$B15,$A16<>$A15),and(not(isblank($A16)),$A16=$A15,$B16<>$B15)),"ID LISTS UNALIGNED",and($A16<>"",countif('3) Release_Label'!$D:$D,$A16)=0),"NO UPC MATCH in Release_Label",and($B16<>"",countif('3) Release_Label'!$E:$E,$B16)=0),"NO CATALOG ID MATCH in Release_Label",iserror(vlookup($A16&$B16,'3) Release_Label'!$D:$D&'3) Release_Label'!$E:$E,1,0)),"NO UPC-CATALOG ID pair MATCH in Release_Label" )} | D16: {=ifs(and(isblank($A16),isblank($B16)),"", not(iserror(vlookup($A16&$B16,'3) Release_Label'!$D:$D&'3) Release_Label'!$E:$E,1,0))),vlookup($A16&$B16,{'3) Release_Label'!$D:$D&'3) Release_Label'!$E:$E,'3) Release_Label'!$H:$H},2,0), or(and(not(isblank($B16)),$B16=$B15,$A16<>$A15),and(not(isblank($A16)),$A16=$A15,$B16<>$B15)),"ID LISTS UNALIGNED",and($A16<>"",countif('3) Release_Label'!$D:$D,$A16)=0),"NO UPC MATCH in Release_Label",and($B16<>"",countif('3) Release_Label'!$E:$E,$B16)=0),"NO CATALOG ID MATCH in Release_Label",iserror(vlookup($A16&$B16,'3) Release_Label'!$D:$D&'3) Release_Label'!$E:$E,1,0)),"NO UPC-CATALOG ID pair MATCH in Release_Label" )} | E16: =if(and(isblank($A16),isblank($B16)),"",if(not(iserror(find("MATCH in ",D16))),D16,if(or(and(not(isblank($B16)),$B16=$B15,$A16<>$A15),and(not(isblank($A16)),$A16=$A15,$B16<>$B15)),"ID LISTS UNALIGNED",if(not(isblank($A16)),if($A16=$A15,1+E15,1),if($B16=$B15,1+E15,1)))))
C17: {=ifs(and(isblank($A17),isblank($B17)),"", not(iserror(vlookup($A17&$B17,'3) Release_Label'!$D:$D&'3) Release_Label'!$E:$E,1,0))),vlookup($A17&$B17,{'3) Release_Label'!$D:$D&'3) Release_Label'!$E:$E,'3) Release_Label'!$F:$F},2,0), or(and(not(isblank($B17)),$B17=$B16,$A17<>$A16),and(not(isblank($A17)),$A17=$A16,$B17<>$B16)),"ID LISTS UNALIGNED",and($A17<>"",countif('3) Release_Label'!$D:$D,$A17)=0),"NO UPC MATCH in Release_Label",and($B17<>"",countif('3) Release_Label'!$E:$E,$B17)=0),"NO CATALOG ID MATCH in Release_Label",iserror(vlookup($A17&$B17,'3) Release_Label'!$D:$D&'3) Release_Label'!$E:$E,1,0)),"NO UPC-CATALOG ID pair MATCH in Release_Label" )} | D17: {=ifs(and(isblank($A17),isblank($B17)),"", not(iserror(vlookup($A17&$B17,'3) Release_Label'!$D:$D&'3) Release_Label'!$E:$E,1,0))),vlookup($A17&$B17,{'3) Release_Label'!$D:$D&'3) Release_Label'!$E:$E,'3) Release_Label'!$H:$H},2,0), or(and(not(isblank($B17)),$B17=$B16,$A17<>$A16),and(not(isblank($A17)),$A17=$A16,$B17<>$B16)),"ID LISTS UNALIGNED",and($A17<>"",countif('3) Release_Label'!$D:$D,$A17)=0),"NO UPC MATCH in Release_Label",and($B17<>"",countif('3) Release_Label'!$E:$E,$B17)=0),"NO CATALOG ID MATCH in Release_Label",iserror(vlookup($A17&$B17,'3) Release_Label'!$D:$D&'3) Release_Label'!$E:$E,1,0)),"NO UPC-CATALOG ID pair MATCH in Release_Label" )} | E17: =if(and(isblank($A17),isblank($B17)),"",if(not(iserror(find("MATCH in ",D17))),D17,if(or(and(not(isblank($B17)),$B17=$B16,$A17<>$A16),and(not(isblank($A17)),$A17=$A16,$B17<>$B16)),"ID LISTS UNALIGNED",if(not(isblank($A17)),if($A17=$A16,1+E16,1),if($B17=$B16,1+E16,1)))))
C18: {=ifs(and(isblank($A18),isblank($B18)),"", not(iserror(vlookup($A18&$B18,'3) Release_Label'!$D:$D&'3) Release_Label'!$E:$E,1,0))),vlookup($A18&$B18,{'3) Release_Label'!$D:$D&'3) Release_Label'!$E:$E,'3) Release_Label'!$F:$F},2,0), or(and(not(isblank($B18)),$B18=$B17,$A18<>$A17),and(not(isblank($A18)),$A18=$A17,$B18<>$B17)),"ID LISTS UNALIGNED",and($A18<>"",countif('3) Release_Label'!$D:$D,$A18)=0),"NO UPC MATCH in Release_Label",and($B18<>"",countif('3) Release_Label'!$E:$E,$B18)=0),"NO CATALOG ID MATCH in Release_Label",iserror(vlookup($A18&$B18,'3) Release_Label'!$D:$D&'3) Release_Label'!$E:$E,1,0)),"NO UPC-CATALOG ID pair MATCH in Release_Label" )} | D18: {=ifs(and(isblank($A18),isblank($B18)),"", not(iserror(vlookup($A18&$B18,'3) Release_Label'!$D:$D&'3) Release_Label'!$E:$E,1,0))),vlookup($A18&$B18,{'3) Release_Label'!$D:$D&'3) Release_Label'!$E:$E,'3) Release_Label'!$H:$H},2,0), or(and(not(isblank($B18)),$B18=$B17,$A18<>$A17),and(not(isblank($A18)),$A18=$A17,$B18<>$B17)),"ID LISTS UNALIGNED",and($A18<>"",countif('3) Release_Label'!$D:$D,$A18)=0),"NO UPC MATCH in Release_Label",and($B18<>"",countif('3) Release_Label'!$E:$E,$B18)=0),"NO CATALOG ID MATCH in Release_Label",iserror(vlookup($A18&$B18,'3) Release_Label'!$D:$D&'3) Release_Label'!$E:$E,1,0)),"NO UPC-CATALOG ID pair MATCH in Release_Label" )} | E18: =if(and(isblank($A18),isblank($B18)),"",if(not(iserror(find("MATCH in ",D18))),D18,if(or(and(not(isblank($B18)),$B18=$B17,$A18<>$A17),and(not(isblank($A18)),$A18=$A17,$B18<>$B17)),"ID LISTS UNALIGNED",if(not(isblank($A18)),if($A18=$A17,1+E17,1),if($B18=$B17,1+E17,1)))))
C19: {=ifs(and(isblank($A19),isblank($B19)),"", not(iserror(vlookup($A19&$B19,'3) Release_Label'!$D:$D&'3) Release_Label'!$E:$E,1,0))),vlookup($A19&$B19,{'3) Release_Label'!$D:$D&'3) Release_Label'!$E:$E,'3) Release_Label'!$F:$F},2,0), or(and(not(isblank($B19)),$B19=$B18,$A19<>$A18),and(not(isblank($A19)),$A19=$A18,$B19<>$B18)),"ID LISTS UNALIGNED",and($A19<>"",countif('3) Release_Label'!$D:$D,$A19)=0),"NO UPC MATCH in Release_Label",and($B19<>"",countif('3) Release_Label'!$E:$E,$B19)=0),"NO CATALOG ID MATCH in Release_Label",iserror(vlookup($A19&$B19,'3) Release_Label'!$D:$D&'3) Release_Label'!$E:$E,1,0)),"NO UPC-CATALOG ID pair MATCH in Release_Label" )} | D19: {=ifs(and(isblank($A19),isblank($B19)),"", not(iserror(vlookup($A19&$B19,'3) Release_Label'!$D:$D&'3) Release_Label'!$E:$E,1,0))),vlookup($A19&$B19,{'3) Release_Label'!$D:$D&'3) Release_Label'!$E:$E,'3) Release_Label'!$H:$H},2,0), or(and(not(isblank($B19)),$B19=$B18,$A19<>$A18),and(not(isblank($A19)),$A19=$A18,$B19<>$B18)),"ID LISTS UNALIGNED",and($A19<>"",countif('3) Release_Label'!$D:$D,$A19)=0),"NO UPC MATCH in Release_Label",and($B19<>"",countif('3) Release_Label'!$E:$E,$B19)=0),"NO CATALOG ID MATCH in Release_Label",iserror(vlookup($A19&$B19,'3) Release_Label'!$D:$D&'3) Release_Label'!$E:$E,1,0)),"NO UPC-CATALOG ID pair MATCH in Release_Label" )} | E19: =if(and(isblank($A19),isblank($B19)),"",if(not(iserror(find("MATCH in ",D19))),D19,if(or(and(not(isblank($B19)),$B19=$B18,$A19<>$A18),and(not(isblank($A19)),$A19=$A18,$B19<>$B18)),"ID LISTS UNALIGNED",if(not(isblank($A19)),if($A19=$A18,1+E18,1),if($B19=$B18,1+E18,1)))))
... C617: {=ifs(and(isblank($A617),isblank($B617)),"", not(iserror(vlookup($A617&$B617,'3) Release_Label'!$D:$D&'3) Release_Label'!$E:$E,1,0))),vlookup($A617&$B617,{'3) Release_Label'!$D:$D&'3) Release_Label'!$E:$E,'3) Release_Label'!$F:$F},2,0), or(and(not(isblank($B617)),$B617=$B616,$A617<>$A616),and(not(isblank($A617)),$A617=$A616,$B617<>$B616)),"ID LISTS UNALIGNED",and($A617<>"",countif('3) Release_Label'!$D:$D,$A617)=0),"NO UPC MATCH in Release_Label",and($B617<>"",countif('3) Release_Label'!$E:$E,$B617)=0),"NO CATALOG ID MATCH in Release_Label",iserror(vlookup($A617&$B617,'3) Release_Label'!$D:$D&'3) Release_Label'!$E:$E,1,0)),"NO UPC-CATALOG ID pair MATCH in Release_Label" )} | D617: {=ifs(and(isblank($A617),isblank($B617)),"", not(iserror(vlookup($A617&$B617,'3) Release_Label'!$D:$D&'3) Release_Label'!$E:$E,1,0))),vlookup($A617&$B617,{'3) Release_Label'!$D:$D&'3) Release_Label'!$E:$E,'3) Release_Label'!$H:$H},2,0), or(and(not(isblank($B617)),$B617=$B616,$A617<>$A616),and(not(isblank($A617)),$A617=$A616,$B617<>$B616)),"ID LISTS UNALIGNED",and($A617<>"",countif('3) Release_Label'!$D:$D,$A617)=0),"NO UPC MATCH in Release_Label",and($B617<>"",countif('3) Release_Label'!$E:$E,$B617)=0),"NO CATALOG ID MATCH in Release_Label",iserror(vlookup($A617&$B617,'3) Release_Label'!$D:$D&'3) Release_Label'!$E:$E,1,0)),"NO UPC-CATALOG ID pair MATCH in Release_Label" )} | E617: =if(and(isblank($A617),isblank($B617)),"",if(not(iserror(find("MATCH in ",D617))),D617,if(or(and(not(isblank($B617)),$B617=$B616,$A617<>$A616),and(not(isblank($A617)),$A617=$A616,$B617<>$B616)),"ID LISTS UNALIGNED",if(not(isblank($A617)),if($A617=$A616,1+E616,1),if($B617=$B616,1+E616,1)))))

Sheet 6) Track_Artist(s)
A1: =IFERROR(__xludf.DUMMYFUNCTION("COUNTUNIQUE(A5:A393)-'5) Release_Track'!F1"),0.0) -> 0 | B1: =IFERROR(__xludf.DUMMYFUNCTION("COUNTUNIQUE(B5:B393)-'5) Release_Track'!G1"),0.0) -> 0 | C1: = FILLED AUTOMATICALLY IF CODES/IDS MATCH | E1: =IFERROR(__xludf.DUMMYFUNCTION("COUNTUNIQUE(E5:E393)"),2.0) -> 2 | F1: = REQUIRED FIELD | G1: =IFERROR(__xludf.DUMMYFUNCTION("countif(F:F,""Main Primary Artist"")-arrayformula(COUNTUNIQUE('5) Release_Track'!F5:F393&'5) Release_Track'!G5:G393))"),0.0) -> 0 | H1: = READ NOTES / INSTRUCTIONS
A2: TRACK LEVEL - Artist<>ISRC/ID: One Arist per row. If a Track has multiple Artists, add the same Track ISRC/ID to a new row for each Artist. | I2: update Artists set ReleasesCount=(select count (distinct ReleaseId) from Releases where ArtistId=(select max(ArtistId) from Artists where Name=N'' and EnterpriseId="&EntId&")),
A3: ISRC/vISRC | B3: CATALOG TRACK ID | C3: TRACK TITLE | D3: TRACK VERSION | E3: ARTIST | F3: ARTIST ROLE | G3: ARTIST ROLE CATEGORY | H3: =IFERROR(__xludf.DUMMYFUNCTION("if(iserror(filter(A:B,G:G=""Producer & Engineer"")),0, countunique(filter(A:B,G:G=""Producer & Engineer"")))-arrayformula(COUNTUNIQUE('5) Release_Track'!F5:F393&'5) Release_Track'!G5:G393))"),0.0) -> 0 | I3: set TracksCount=(select count (distinct TrackId) from Tracks where ArtistId=(select max(ArtistId) from Artists where Name=N'' and EnterpriseId="&EntId&")))
A4: from Release_Track tab | B4: from Release_Track tab | C4: auto-fills if Track Code/Id matches Code/Id in Release_Track tab | E4: ONE ARTIST PER ROW select from Artists list, start typing or drag | F4: (select from list, start typing or drag) | G4: artist category auto-fills based on artist role | I4: where ArtistId=(select max(ArtistId) from Artists where Name=N'' and EnterpriseId="&EntId&"))
A5: QZW9M2221000 | C5: {=ifs(and(isblank($A5),isblank($B5)),"", not(iserror(vlookup($A5&$B5,'5) Release_Track'!$F:$F&'5) Release_Track'!$G:$G,1,0))),vlookup($A5&$B5,{'5) Release_Track'!$F:$F&'5) Release_Track'!$G:$G,'5) Release_Track'!$H:$H},2,0), or(and(not(isblank($B5)),$B5=#REF!,$A5<>#REF!),and(not(isblank($A5)),$A5=#REF!,$B5<>#REF!)),"ID LISTS UNALIGNED",and($A5<>"",countif('5) Release_Track'!$F:$F,$A5)=0),"NO ISRC MATCH in Release_Track",and($B5<>"",countif('5) Release_Track'!$G:$G,$B5)=0),"NO CATALOG ID MATCH in Release_Track",iserror(vlookup($A5&$B5,'5) Release_Track'!$F:$F&'5) Release_Track'!$G:$G,1,0)),"NO ISRC-CATALOG ID pair MATCH in Release_Track" )} -> Receba | D5: {=ifs(and(isblank($A5),isblank($B5)),"", not(iserror(vlookup($A5&$B5,'5) Release_Track'!$F:$F&'5) Release_Track'!$G:$G,1,0))),vlookup($A5&$B5,{'5) Release_Track'!$F:$F&'5) Release_Track'!$G:$G,'5) Release_Track'!$I:$I},2,0), or(and(not(isblank($B5)),$B5=#REF!,$A5<>#REF!),and(not(isblank($A5)),$A5=#REF!,$B5<>#REF!)),"ID LISTS UNALIGNED",and($A5<>"",countif('5) Release_Track'!$F:$F,$A5)=0),"NO ISRC MATCH in Release_Track",and($B5<>"",countif('5) Release_Track'!$G:$G,$B5)=0),"NO CATALOG ID MATCH in Release_Track",iserror(vlookup($A5&$B5,'5) Release_Track'!$F:$F&'5) Release_Track'!$G:$G,1,0)),"NO ISRC-CATALOG ID pair MATCH in Release_Track" )} -> Extended | E5: JKZ | F5: Main Primary Artist | G5: {=ifs(or($F5="",$F5="Main Primary Artist"),$F5,not(iserror(vlookup($F5,'Reference info'!$J$5:$J$8,1,0))),"Key Artist",not(iserror(vlookup($F5,'Reference info'!$J$38:$J$405,1,0))),"Performer",not(iserror(vlookup($F5,'Reference info'!$J$10:$J$36,1,0))),"Producer & Engineer")} -> Main Primary Artist | H5: ="update Artists set ReleasesCount=(select count (distinct ReleaseId) from Releases where ArtistId=(select max(ArtistId) from Artists where Name=N'"&E5&"' and EnterpriseId="&EntId&")), TracksCount=(select count (distinct TrackId) from Tracks where ArtistId=(select max(ArtistId) from Artists where Name=N'"&E5&"' and EnterpriseId="&EntId&")) where ArtistId=(select max(ArtistId) from Artists where Name=N'"&E5&"' and EnterpriseId="&EntId&");" -> update Artists set ReleasesCount=(select count (distinct ReleaseId) from Releases where ArtistId=(select max(ArtistId) from Artists where Name=N'JKZ' and EnterpriseId=414849)), TracksCount=(select count (distinct TrackId) from Tracks where ArtistId=(select max(ArtistId) from Artists where Name=N'JKZ' and EnterpriseId=414849)) where ArtistId=(select max(ArtistId) from Artists where Name=N'JKZ' and EnterpriseId=414849);
A6: QZW9M2221000 | C6: {=ifs(and(isblank($A6),isblank($B6)),"", not(iserror(vlookup($A6&$B6,'5) Release_Track'!$F:$F&'5) Release_Track'!$G:$G,1,0))),vlookup($A6&$B6,{'5) Release_Track'!$F:$F&'5) Release_Track'!$G:$G,'5) Release_Track'!$H:$H},2,0), or(and(not(isblank($B6)),$B6=#REF!,$A6<>#REF!),and(not(isblank($A6)),$A6=#REF!,$B6<>#REF!)),"ID LISTS UNALIGNED",and($A6<>"",countif('5) Release_Track'!$F:$F,$A6)=0),"NO ISRC MATCH in Release_Track",and($B6<>"",countif('5) Release_Track'!$G:$G,$B6)=0),"NO CATALOG ID MATCH in Release_Track",iserror(vlookup($A6&$B6,'5) Release_Track'!$F:$F&'5) Release_Track'!$G:$G,1,0)),"NO ISRC-CATALOG ID pair MATCH in Release_Track" )} -> Receba | D6: {=ifs(and(isblank($A6),isblank($B6)),"", not(iserror(vlookup($A6&$B6,'5) Release_Track'!$F:$F&'5) Release_Track'!$G:$G,1,0))),vlookup($A6&$B6,{'5) Release_Track'!$F:$F&'5) Release_Track'!$G:$G,'5) Release_Track'!$I:$I},2,0), or(and(not(isblank($B6)),$B6=#REF!,$A6<>#REF!),and(not(isblank($A6)),$A6=#REF!,$B6<>#REF!)),"ID LISTS UNALIGNED",and($A6<>"",countif('5) Release_Track'!$F:$F,$A6)=0),"NO ISRC MATCH in Release_Track",and($B6<>"",countif('5) Release_Track'!$G:$G,$B6)=0),"NO CATALOG ID MATCH in Release_Track",iserror(vlookup($A6&$B6,'5) Release_Track'!$F:$F&'5) Release_Track'!$G:$G,1,0)),"NO ISRC-CATALOG ID pair MATCH in Release_Track" )} -> Extended | E6: JKZ | F6: Producer | G6: {=ifs(or($F6="",$F6="Main Primary Artist"),$F6,not(iserror(vlookup($F6,'Reference info'!$J$5:$J$8,1,0))),"Key Artist",not(iserror(vlookup($F6,'Reference info'!$J$38:$J$405,1,0))),"Performer",not(iserror(vlookup($F6,'Reference info'!$J$10:$J$36,1,0))),"Producer & Engineer")} -> Producer & Engineer | J6: =IF(F6="Main Primary Artist","update Tracks set ArtistId=(select ArtistId from Artists where Name=N'"&Substitute(Trim(E6),"'","''")&"' and EnterpriseId="&EntId&") where "&IF(A6<>"", "ISRC='"&A6&"'", "TrackVendorId='"&Substitute(Trim(B6),"'","''")&"'")&" and EnterpriseId="&EntId,"INSERT into Contributors VALUES (newid(), "&IF(F6<>"Primary Artist", "(select RoleId from ContributorRoles where Name='"&F6&"'), 0", "49, 1")& ", (select max(TrackId) from Tracks where "&IF(A6<>"", "ISRC='"&A6&"'", "TrackVendorId='"&Substitute(Trim(B6),"'","''")&"'")&" and EnterpriseId="&EntId&"), null, (select ArtistId from Artists where Name=N'"&SUBSTITUTE(trim(E6),"'","''")&"' and EnterpriseId="&EntId&"), null)") -> INSERT into Contributors VALUES (newid(), (select RoleId from ContributorRoles where Name='Producer'), 0, (select max(TrackId) from Tracks where ISRC='QZW9M2221000' and EnterpriseId=414849), null, (select ArtistId from Artists where Name=N'JKZ' and EnterpriseId=414849), null)
A7: QZW9M2221000 | C7: {=ifs(and(isblank($A7),isblank($B7)),"", not(iserror(vlookup($A7&$B7,'5) Release_Track'!$F:$F&'5) Release_Track'!$G:$G,1,0))),vlookup($A7&$B7,{'5) Release_Track'!$F:$F&'5) Release_Track'!$G:$G,'5) Release_Track'!$H:$H},2,0), or(and(not(isblank($B7)),$B7=#REF!,$A7<>#REF!),and(not(isblank($A7)),$A7=#REF!,$B7<>#REF!)),"ID LISTS UNALIGNED",and($A7<>"",countif('5) Release_Track'!$F:$F,$A7)=0),"NO ISRC MATCH in Release_Track",and($B7<>"",countif('5) Release_Track'!$G:$G,$B7)=0),"NO CATALOG ID MATCH in Release_Track",iserror(vlookup($A7&$B7,'5) Release_Track'!$F:$F&'5) Release_Track'!$G:$G,1,0)),"NO ISRC-CATALOG ID pair MATCH in Release_Track" )} -> Receba | D7: {=ifs(and(isblank($A7),isblank($B7)),"", not(iserror(vlookup($A7&$B7,'5) Release_Track'!$F:$F&'5) Release_Track'!$G:$G,1,0))),vlookup($A7&$B7,{'5) Release_Track'!$F:$F&'5) Release_Track'!$G:$G,'5) Release_Track'!$I:$I},2,0), or(and(not(isblank($B7)),$B7=#REF!,$A7<>#REF!),and(not(isblank($A7)),$A7=#REF!,$B7<>#REF!)),"ID LISTS UNALIGNED",and($A7<>"",countif('5) Release_Track'!$F:$F,$A7)=0),"NO ISRC MATCH in Release_Track",and($B7<>"",countif('5) Release_Track'!$G:$G,$B7)=0),"NO CATALOG ID MATCH in Release_Track",iserror(vlookup($A7&$B7,'5) Release_Track'!$F:$F&'5) Release_Track'!$G:$G,1,0)),"NO ISRC-CATALOG ID pair MATCH in Release_Track" )} -> Extended | E7: JKZ | F7: Engineer | G7: {=ifs(or($F7="",$F7="Main Primary Artist"),$F7,not(iserror(vlookup($F7,'Reference info'!$J$5:$J$8,1,0))),"Key Artist",not(iserror(vlookup($F7,'Reference info'!$J$38:$J$405,1,0))),"Performer",not(iserror(vlookup($F7,'Reference info'!$J$10:$J$36,1,0))),"Producer & Engineer")} -> Producer & Engineer | J7: =IF(F7="Main Primary Artist","update Tracks set ArtistId=(select ArtistId from Artists where Name=N'"&Substitute(Trim(E7),"'","''")&"' and EnterpriseId="&EntId&") where "&IF(A7<>"", "ISRC='"&A7&"'", "TrackVendorId='"&Substitute(Trim(B7),"'","''")&"'")&" and EnterpriseId="&EntId,"INSERT into Contributors VALUES (newid(), "&IF(F7<>"Primary Artist", "(select RoleId from ContributorRoles where Name='"&F7&"'), 0", "49, 1")& ", (select max(TrackId) from Tracks where "&IF(A7<>"", "ISRC='"&A7&"'", "TrackVendorId='"&Substitute(Trim(B7),"'","''")&"'")&" and EnterpriseId="&EntId&"), null, (select ArtistId from Artists where Name=N'"&SUBSTITUTE(trim(E7),"'","''")&"' and EnterpriseId="&EntId&"), null)") -> INSERT into Contributors VALUES (newid(), (select RoleId from ContributorRoles where Name='Engineer'), 0, (select max(TrackId) from Tracks where ISRC='QZW9M2221000' and EnterpriseId=414849), null, (select ArtistId from Artists where Name=N'JKZ' and EnterpriseId=414849), null)
A8: QZW9M2236571 | C8: {=ifs(and(isblank($A8),isblank($B8)),"", not(iserror(vlookup($A8&$B8,'5) Release_Track'!$F:$F&'5) Release_Track'!$G:$G,1,0))),vlookup($A8&$B8,{'5) Release_Track'!$F:$F&'5) Release_Track'!$G:$G,'5) Release_Track'!$H:$H},2,0), or(and(not(isblank($B8)),$B8=#REF!,$A8<>#REF!),and(not(isblank($A8)),$A8=#REF!,$B8<>#REF!)),"ID LISTS UNALIGNED",and($A8<>"",countif('5) Release_Track'!$F:$F,$A8)=0),"NO ISRC MATCH in Release_Track",and($B8<>"",countif('5) Release_Track'!$G:$G,$B8)=0),"NO CATALOG ID MATCH in Release_Track",iserror(vlookup($A8&$B8,'5) Release_Track'!$F:$F&'5) Release_Track'!$G:$G,1,0)),"NO ISRC-CATALOG ID pair MATCH in Release_Track" )} -> A Cláusula do Contrato | D8: {=ifs(and(isblank($A8),isblank($B8)),"", not(iserror(vlookup($A8&$B8,'5) Release_Track'!$F:$F&'5) Release_Track'!$G:$G,1,0))),vlookup($A8&$B8,{'5) Release_Track'!$F:$F&'5) Release_Track'!$G:$G,'5) Release_Track'!$I:$I},2,0), or(and(not(isblank($B8)),$B8=#REF!,$A8<>#REF!),and(not(isblank($A8)),$A8=#REF!,$B8<>#REF!)),"ID LISTS UNALIGNED",and($A8<>"",countif('5) Release_Track'!$F:$F,$A8)=0),"NO ISRC MATCH in Release_Track",and($B8<>"",countif('5) Release_Track'!$G:$G,$B8)=0),"NO CATALOG ID MATCH in Release_Track",iserror(vlookup($A8&$B8,'5) Release_Track'!$F:$F&'5) Release_Track'!$G:$G,1,0)),"NO ISRC-CATALOG ID pair MATCH in Release_Track" )} | E8: Flash Beats Manow | F8: Producer | G8: {=ifs(or($F8="",$F8="Main Primary Artist"),$F8,not(iserror(vlookup($F8,'Reference info'!$J$5:$J$8,1,0))),"Key Artist",not(iserror(vlookup($F8,'Reference info'!$J$38:$J$405,1,0))),"Performer",not(iserror(vlookup($F8,'Reference info'!$J$10:$J$36,1,0))),"Producer & Engineer")} -> Producer & Engineer | J8: =IF(F8="Main Primary Artist","update Tracks set ArtistId=(select ArtistId from Artists where Name=N'"&Substitute(Trim(E8),"'","''")&"' and EnterpriseId="&EntId&") where "&IF(A8<>"", "ISRC='"&A8&"'", "TrackVendorId='"&Substitute(Trim(B8),"'","''")&"'")&" and EnterpriseId="&EntId,"INSERT into Contributors VALUES (newid(), "&IF(F8<>"Primary Artist", "(select RoleId from ContributorRoles where Name='"&F8&"'), 0", "49, 1")& ", (select max(TrackId) from Tracks where "&IF(A8<>"", "ISRC='"&A8&"'", "TrackVendorId='"&Substitute(Trim(B8),"'","''")&"'")&" and EnterpriseId="&EntId&"), null, (select ArtistId from Artists where Name=N'"&SUBSTITUTE(trim(E8),"'","''")&"' and EnterpriseId="&EntId&"), null)") -> INSERT into Contributors VALUES (newid(), (select RoleId from ContributorRoles where Name='Producer'), 0, (select max(TrackId) from Tracks where ISRC='QZW9M2236571' and EnterpriseId=414849), null, (select ArtistId from Artists where Name=N'Flash Beats Manow' and EnterpriseId=414849), null)
A9: QZW9M2236571 | C9: {=ifs(and(isblank($A9),isblank($B9)),"", not(iserror(vlookup($A9&$B9,'5) Release_Track'!$F:$F&'5) Release_Track'!$G:$G,1,0))),vlookup($A9&$B9,{'5) Release_Track'!$F:$F&'5) Release_Track'!$G:$G,'5) Release_Track'!$H:$H},2,0), or(and(not(isblank($B9)),$B9=#REF!,$A9<>#REF!),and(not(isblank($A9)),$A9=#REF!,$B9<>#REF!)),"ID LISTS UNALIGNED",and($A9<>"",countif('5) Release_Track'!$F:$F,$A9)=0),"NO ISRC MATCH in Release_Track",and($B9<>"",countif('5) Release_Track'!$G:$G,$B9)=0),"NO CATALOG ID MATCH in Release_Track",iserror(vlookup($A9&$B9,'5) Release_Track'!$F:$F&'5) Release_Track'!$G:$G,1,0)),"NO ISRC-CATALOG ID pair MATCH in Release_Track" )} -> A Cláusula do Contrato | D9: {=ifs(and(isblank($A9),isblank($B9)),"", not(iserror(vlookup($A9&$B9,'5) Release_Track'!$F:$F&'5) Release_Track'!$G:$G,1,0))),vlookup($A9&$B9,{'5) Release_Track'!$F:$F&'5) Release_Track'!$G:$G,'5) Release_Track'!$I:$I},2,0), or(and(not(isblank($B9)),$B9=#REF!,$A9<>#REF!),and(not(isblank($A9)),$A9=#REF!,$B9<>#REF!)),"ID LISTS UNALIGNED",and($A9<>"",countif('5) Release_Track'!$F:$F,$A9)=0),"NO ISRC MATCH in Release_Track",and($B9<>"",countif('5) Release_Track'!$G:$G,$B9)=0),"NO CATALOG ID MATCH in Release_Track",iserror(vlookup($A9&$B9,'5) Release_Track'!$F:$F&'5) Release_Track'!$G:$G,1,0)),"NO ISRC-CATALOG ID pair MATCH in Release_Track" )} | E9: Flash Beats Manow | F9: Main Primary Artist | G9: {=ifs(or($F9="",$F9="Main Primary Artist"),$F9,not(iserror(vlookup($F9,'Reference info'!$J$5:$J$8,1,0))),"Key Artist",not(iserror(vlookup($F9,'Reference info'!$J$38:$J$405,1,0))),"Performer",not(iserror(vlookup($F9,'Reference info'!$J$10:$J$36,1,0))),"Producer & Engineer")} -> Main Primary Artist | H9: ="update Artists set ReleasesCount=(select count (distinct ReleaseId) from Releases where ArtistId=(select max(ArtistId) from Artists where Name=N'"&E9&"' and EnterpriseId="&EntId&")), TracksCount=(select count (distinct TrackId) from Tracks where ArtistId=(select max(ArtistId) from Artists where Name=N'"&E9&"' and EnterpriseId="&EntId&")) where ArtistId=(select max(ArtistId) from Artists where Name=N'"&E9&"' and EnterpriseId="&EntId&");" -> update Artists set ReleasesCount=(select count (distinct ReleaseId) from Releases where ArtistId=(select max(ArtistId) from Artists where Name=N'Flash Beats Manow' and EnterpriseId=414849)), TracksCount=(select count (distinct TrackId) from Tracks where ArtistId=(select max(ArtistId) from Artists where Name=N'Flash Beats Manow' and EnterpriseId=414849)) where ArtistId=(select max(ArtistId) from Artists where Name=N'Flash Beats Manow' and EnterpriseId=414849); | J9: =IF(F9="Main Primary Artist","update Tracks set ArtistId=(select ArtistId from Artists where Name=N'"&Substitute(Trim(E9),"'","''")&"' and EnterpriseId="&EntId&") where "&IF(A9<>"", "ISRC='"&A9&"'", "TrackVendorId='"&Substitute(Trim(B9),"'","''")&"'")&" and EnterpriseId="&EntId,"INSERT into Contributors VALUES (newid(), "&IF(F9<>"Primary Artist", "(select RoleId from ContributorRoles where Name='"&F9&"'), 0", "49, 1")& ", (select max(TrackId) from Tracks where "&IF(A9<>"", "ISRC='"&A9&"'", "TrackVendorId='"&Substitute(Trim(B9),"'","''")&"'")&" and EnterpriseId="&EntId&"), null, (select ArtistId from Artists where Name=N'"&SUBSTITUTE(trim(E9),"'","''")&"' and EnterpriseId="&EntId&"), null)") -> update Tracks set ArtistId=(select ArtistId from Artists where Name=N'Flash Beats Manow' and EnterpriseId=414849) where ISRC='QZW9M2236571' and EnterpriseId=414849
A10: QZW9M2236571 | C10: {=ifs(and(isblank($A10),isblank($B10)),"", not(iserror(vlookup($A10&$B10,'5) Release_Track'!$F:$F&'5) Release_Track'!$G:$G,1,0))),vlookup($A10&$B10,{'5) Release_Track'!$F:$F&'5) Release_Track'!$G:$G,'5) Release_Track'!$H:$H},2,0), or(and(not(isblank($B10)),$B10=#REF!,$A10<>#REF!),and(not(isblank($A10)),$A10=#REF!,$B10<>#REF!)),"ID LISTS UNALIGNED",and($A10<>"",countif('5) Release_Track'!$F:$F,$A10)=0),"NO ISRC MATCH in Release_Track",and($B10<>"",countif('5) Release_Track'!$G:$G,$B10)=0),"NO CATALOG ID MATCH in Release_Track",iserror(vlookup($A10&$B10,'5) Release_Track'!$F:$F&'5) Release_Track'!$G:$G,1,0)),"NO ISRC-CATALOG ID pair MATCH in Release_Track" )} -> A Cláusula do Contrato | D10: {=ifs(and(isblank($A10),isblank($B10)),"", not(iserror(vlookup($A10&$B10,'5) Release_Track'!$F:$F&'5) Release_Track'!$G:$G,1,0))),vlookup($A10&$B10,{'5) Release_Track'!$F:$F&'5) Release_Track'!$G:$G,'5) Release_Track'!$I:$I},2,0), or(and(not(isblank($B10)),$B10=#REF!,$A10<>#REF!),and(not(isblank($A10)),$A10=#REF!,$B10<>#REF!)),"ID LISTS UNALIGNED",and($A10<>"",countif('5) Release_Track'!$F:$F,$A10)=0),"NO ISRC MATCH in Release_Track",and($B10<>"",countif('5) Release_Track'!$G:$G,$B10)=0),"NO CATALOG ID MATCH in Release_Track",iserror(vlookup($A10&$B10,'5) Release_Track'!$F:$F&'5) Release_Track'!$G:$G,1,0)),"NO ISRC-CATALOG ID pair MATCH in Release_Track" )} | E10: Flash Beats Manow | F10: Engineer | G10: {=ifs(or($F10="",$F10="Main Primary Artist"),$F10,not(iserror(vlookup($F10,'Reference info'!$J$5:$J$8,1,0))),"Key Artist",not(iserror(vlookup($F10,'Reference info'!$J$38:$J$405,1,0))),"Performer",not(iserror(vlookup($F10,'Reference info'!$J$10:$J$36,1,0))),"Producer & Engineer")} -> Producer & Engineer | J10: =IF(F10="Main Primary Artist","update Tracks set ArtistId=(select ArtistId from Artists where Name=N'"&Substitute(Trim(E10),"'","''")&"' and EnterpriseId="&EntId&") where "&IF(A10<>"", "ISRC='"&A10&"'", "TrackVendorId='"&Substitute(Trim(B10),"'","''")&"'")&" and EnterpriseId="&EntId,"INSERT into Contributors VALUES (newid(), "&IF(F10<>"Primary Artist", "(select RoleId from ContributorRoles where Name='"&F10&"'), 0", "49, 1")& ", (select max(TrackId) from Tracks where "&IF(A10<>"", "ISRC='"&A10&"'", "TrackVendorId='"&Substitute(Trim(B10),"'","''")&"'")&" and EnterpriseId="&EntId&"), null, (select ArtistId from Artists where Name=N'"&SUBSTITUTE(trim(E10),"'","''")&"' and EnterpriseId="&EntId&"), null)") -> INSERT into Contributors VALUES (newid(), (select RoleId from ContributorRoles where Name='Engineer'), 0, (select max(TrackId) from Tracks where ISRC='QZW9M2236571' and EnterpriseId=414849), null, (select ArtistId from Artists where Name=N'Flash Beats Manow' and EnterpriseId=414849), null)
C11: {=ifs(and(isblank($A11),isblank($B11)),"", not(iserror(vlookup($A11&$B11,'5) Release_Track'!$F:$F&'5) Release_Track'!$G:$G,1,0))),vlookup($A11&$B11,{'5) Release_Track'!$F:$F&'5) Release_Track'!$G:$G,'5) Release_Track'!$H:$H},2,0), or(and(not(isblank($B11)),$B11=#REF!,$A11<>#REF!),and(not(isblank($A11)),$A11=#REF!,$B11<>#REF!)),"ID LISTS UNALIGNED",and($A11<>"",countif('5) Release_Track'!$F:$F,$A11)=0),"NO ISRC MATCH in Release_Track",and($B11<>"",countif('5) Release_Track'!$G:$G,$B11)=0),"NO CATALOG ID MATCH in Release_Track",iserror(vlookup($A11&$B11,'5) Release_Track'!$F:$F&'5) Release_Track'!$G:$G,1,0)),"NO ISRC-CATALOG ID pair MATCH in Release_Track" )} | D11: {=ifs(and(isblank($A11),isblank($B11)),"", not(iserror(vlookup($A11&$B11,'5) Release_Track'!$F:$F&'5) Release_Track'!$G:$G,1,0))),vlookup($A11&$B11,{'5) Release_Track'!$F:$F&'5) Release_Track'!$G:$G,'5) Release_Track'!$I:$I},2,0), or(and(not(isblank($B11)),$B11=#REF!,$A11<>#REF!),and(not(isblank($A11)),$A11=#REF!,$B11<>#REF!)),"ID LISTS UNALIGNED",and($A11<>"",countif('5) Release_Track'!$F:$F,$A11)=0),"NO ISRC MATCH in Release_Track",and($B11<>"",countif('5) Release_Track'!$G:$G,$B11)=0),"NO CATALOG ID MATCH in Release_Track",iserror(vlookup($A11&$B11,'5) Release_Track'!$F:$F&'5) Release_Track'!$G:$G,1,0)),"NO ISRC-CATALOG ID pair MATCH in Release_Track" )} | G11: {=ifs(or($F11="",$F11="Main Primary Artist"),$F11,not(iserror(vlookup($F11,'Reference info'!$J$5:$J$8,1,0))),"Key Artist",not(iserror(vlookup($F11,'Reference info'!$J$38:$J$405,1,0))),"Performer",not(iserror(vlookup($F11,'Reference info'!$J$10:$J$36,1,0))),"Producer & Engineer")}
C12: {=ifs(and(isblank($A12),isblank($B12)),"", not(iserror(vlookup($A12&$B12,'5) Release_Track'!$F:$F&'5) Release_Track'!$G:$G,1,0))),vlookup($A12&$B12,{'5) Release_Track'!$F:$F&'5) Release_Track'!$G:$G,'5) Release_Track'!$H:$H},2,0), or(and(not(isblank($B12)),$B12=$B11,$A12<>$A11),and(not(isblank($A12)),$A12=$A11,$B12<>$B11)),"ID LISTS UNALIGNED",and($A12<>"",countif('5) Release_Track'!$F:$F,$A12)=0),"NO ISRC MATCH in Release_Track",and($B12<>"",countif('5) Release_Track'!$G:$G,$B12)=0),"NO CATALOG ID MATCH in Release_Track",iserror(vlookup($A12&$B12,'5) Release_Track'!$F:$F&'5) Release_Track'!$G:$G,1,0)),"NO ISRC-CATALOG ID pair MATCH in Release_Track" )} | D12: {=ifs(and(isblank($A12),isblank($B12)),"", not(iserror(vlookup($A12&$B12,'5) Release_Track'!$F:$F&'5) Release_Track'!$G:$G,1,0))),vlookup($A12&$B12,{'5) Release_Track'!$F:$F&'5) Release_Track'!$G:$G,'5) Release_Track'!$I:$I},2,0), or(and(not(isblank($B12)),$B12=$B11,$A12<>$A11),and(not(isblank($A12)),$A12=$A11,$B12<>$B11)),"ID LISTS UNALIGNED",and($A12<>"",countif('5) Release_Track'!$F:$F,$A12)=0),"NO ISRC MATCH in Release_Track",and($B12<>"",countif('5) Release_Track'!$G:$G,$B12)=0),"NO CATALOG ID MATCH in Release_Track",iserror(vlookup($A12&$B12,'5) Release_Track'!$F:$F&'5) Release_Track'!$G:$G,1,0)),"NO ISRC-CATALOG ID pair MATCH in Release_Track" )} | G12: {=ifs(or($F12="",$F12="Main Primary Artist"),$F12,not(iserror(vlookup($F12,'Reference info'!$J$5:$J$8,1,0))),"Key Artist",not(iserror(vlookup($F12,'Reference info'!$J$38:$J$405,1,0))),"Performer",not(iserror(vlookup($F12,'Reference info'!$J$10:$J$36,1,0))),"Producer & Engineer")}
C13: {=ifs(and(isblank($A13),isblank($B13)),"", not(iserror(vlookup($A13&$B13,'5) Release_Track'!$F:$F&'5) Release_Track'!$G:$G,1,0))),vlookup($A13&$B13,{'5) Release_Track'!$F:$F&'5) Release_Track'!$G:$G,'5) Release_Track'!$H:$H},2,0), or(and(not(isblank($B13)),$B13=$B12,$A13<>$A12),and(not(isblank($A13)),$A13=$A12,$B13<>$B12)),"ID LISTS UNALIGNED",and($A13<>"",countif('5) Release_Track'!$F:$F,$A13)=0),"NO ISRC MATCH in Release_Track",and($B13<>"",countif('5) Release_Track'!$G:$G,$B13)=0),"NO CATALOG ID MATCH in Release_Track",iserror(vlookup($A13&$B13,'5) Release_Track'!$F:$F&'5) Release_Track'!$G:$G,1,0)),"NO ISRC-CATALOG ID pair MATCH in Release_Track" )} | D13: {=ifs(and(isblank($A13),isblank($B13)),"", not(iserror(vlookup($A13&$B13,'5) Release_Track'!$F:$F&'5) Release_Track'!$G:$G,1,0))),vlookup($A13&$B13,{'5) Release_Track'!$F:$F&'5) Release_Track'!$G:$G,'5) Release_Track'!$I:$I},2,0), or(and(not(isblank($B13)),$B13=$B12,$A13<>$A12),and(not(isblank($A13)),$A13=$A12,$B13<>$B12)),"ID LISTS UNALIGNED",and($A13<>"",countif('5) Release_Track'!$F:$F,$A13)=0),"NO ISRC MATCH in Release_Track",and($B13<>"",countif('5) Release_Track'!$G:$G,$B13)=0),"NO CATALOG ID MATCH in Release_Track",iserror(vlookup($A13&$B13,'5) Release_Track'!$F:$F&'5) Release_Track'!$G:$G,1,0)),"NO ISRC-CATALOG ID pair MATCH in Release_Track" )} | G13: {=ifs(or($F13="",$F13="Main Primary Artist"),$F13,not(iserror(vlookup($F13,'Reference info'!$J$5:$J$8,1,0))),"Key Artist",not(iserror(vlookup($F13,'Reference info'!$J$38:$J$405,1,0))),"Performer",not(iserror(vlookup($F13,'Reference info'!$J$10:$J$36,1,0))),"Producer & Engineer")}
C14: {=ifs(and(isblank($A14),isblank($B14)),"", not(iserror(vlookup($A14&$B14,'5) Release_Track'!$F:$F&'5) Release_Track'!$G:$G,1,0))),vlookup($A14&$B14,{'5) Release_Track'!$F:$F&'5) Release_Track'!$G:$G,'5) Release_Track'!$H:$H},2,0), or(and(not(isblank($B14)),$B14=$B13,$A14<>$A13),and(not(isblank($A14)),$A14=$A13,$B14<>$B13)),"ID LISTS UNALIGNED",and($A14<>"",countif('5) Release_Track'!$F:$F,$A14)=0),"NO ISRC MATCH in Release_Track",and($B14<>"",countif('5) Release_Track'!$G:$G,$B14)=0),"NO CATALOG ID MATCH in Release_Track",iserror(vlookup($A14&$B14,'5) Release_Track'!$F:$F&'5) Release_Track'!$G:$G,1,0)),"NO ISRC-CATALOG ID pair MATCH in Release_Track" )} | D14: {=ifs(and(isblank($A14),isblank($B14)),"", not(iserror(vlookup($A14&$B14,'5) Release_Track'!$F:$F&'5) Release_Track'!$G:$G,1,0))),vlookup($A14&$B14,{'5) Release_Track'!$F:$F&'5) Release_Track'!$G:$G,'5) Release_Track'!$I:$I},2,0), or(and(not(isblank($B14)),$B14=$B13,$A14<>$A13),and(not(isblank($A14)),$A14=$A13,$B14<>$B13)),"ID LISTS UNALIGNED",and($A14<>"",countif('5) Release_Track'!$F:$F,$A14)=0),"NO ISRC MATCH in Release_Track",and($B14<>"",countif('5) Release_Track'!$G:$G,$B14)=0),"NO CATALOG ID MATCH in Release_Track",iserror(vlookup($A14&$B14,'5) Release_Track'!$F:$F&'5) Release_Track'!$G:$G,1,0)),"NO ISRC-CATALOG ID pair MATCH in Release_Track" )} | G14: {=ifs(or($F14="",$F14="Main Primary Artist"),$F14,not(iserror(vlookup($F14,'Reference info'!$J$5:$J$8,1,0))),"Key Artist",not(iserror(vlookup($F14,'Reference info'!$J$38:$J$405,1,0))),"Performer",not(iserror(vlookup($F14,'Reference info'!$J$10:$J$36,1,0))),"Producer & Engineer")}
C15: {=ifs(and(isblank($A15),isblank($B15)),"", not(iserror(vlookup($A15&$B15,'5) Release_Track'!$F:$F&'5) Release_Track'!$G:$G,1,0))),vlookup($A15&$B15,{'5) Release_Track'!$F:$F&'5) Release_Track'!$G:$G,'5) Release_Track'!$H:$H},2,0), or(and(not(isblank($B15)),$B15=$B14,$A15<>$A14),and(not(isblank($A15)),$A15=$A14,$B15<>$B14)),"ID LISTS UNALIGNED",and($A15<>"",countif('5) Release_Track'!$F:$F,$A15)=0),"NO ISRC MATCH in Release_Track",and($B15<>"",countif('5) Release_Track'!$G:$G,$B15)=0),"NO CATALOG ID MATCH in Release_Track",iserror(vlookup($A15&$B15,'5) Release_Track'!$F:$F&'5) Release_Track'!$G:$G,1,0)),"NO ISRC-CATALOG ID pair MATCH in Release_Track" )} | D15: {=ifs(and(isblank($A15),isblank($B15)),"", not(iserror(vlookup($A15&$B15,'5) Release_Track'!$F:$F&'5) Release_Track'!$G:$G,1,0))),vlookup($A15&$B15,{'5) Release_Track'!$F:$F&'5) Release_Track'!$G:$G,'5) Release_Track'!$I:$I},2,0), or(and(not(isblank($B15)),$B15=$B14,$A15<>$A14),and(not(isblank($A15)),$A15=$A14,$B15<>$B14)),"ID LISTS UNALIGNED",and($A15<>"",countif('5) Release_Track'!$F:$F,$A15)=0),"NO ISRC MATCH in Release_Track",and($B15<>"",countif('5) Release_Track'!$G:$G,$B15)=0),"NO CATALOG ID MATCH in Release_Track",iserror(vlookup($A15&$B15,'5) Release_Track'!$F:$F&'5) Release_Track'!$G:$G,1,0)),"NO ISRC-CATALOG ID pair MATCH in Release_Track" )} | G15: {=ifs(or($F15="",$F15="Main Primary Artist"),$F15,not(iserror(vlookup($F15,'Reference info'!$J$5:$J$8,1,0))),"Key Artist",not(iserror(vlookup($F15,'Reference info'!$J$38:$J$405,1,0))),"Performer",not(iserror(vlookup($F15,'Reference info'!$J$10:$J$36,1,0))),"Producer & Engineer")}
C16: {=ifs(and(isblank($A16),isblank($B16)),"", not(iserror(vlookup($A16&$B16,'5) Release_Track'!$F:$F&'5) Release_Track'!$G:$G,1,0))),vlookup($A16&$B16,{'5) Release_Track'!$F:$F&'5) Release_Track'!$G:$G,'5) Release_Track'!$H:$H},2,0), or(and(not(isblank($B16)),$B16=$B15,$A16<>$A15),and(not(isblank($A16)),$A16=$A15,$B16<>$B15)),"ID LISTS UNALIGNED",and($A16<>"",countif('5) Release_Track'!$F:$F,$A16)=0),"NO ISRC MATCH in Release_Track",and($B16<>"",countif('5) Release_Track'!$G:$G,$B16)=0),"NO CATALOG ID MATCH in Release_Track",iserror(vlookup($A16&$B16,'5) Release_Track'!$F:$F&'5) Release_Track'!$G:$G,1,0)),"NO ISRC-CATALOG ID pair MATCH in Release_Track" )} | D16: {=ifs(and(isblank($A16),isblank($B16)),"", not(iserror(vlookup($A16&$B16,'5) Release_Track'!$F:$F&'5) Release_Track'!$G:$G,1,0))),vlookup($A16&$B16,{'5) Release_Track'!$F:$F&'5) Release_Track'!$G:$G,'5) Release_Track'!$I:$I},2,0), or(and(not(isblank($B16)),$B16=$B15,$A16<>$A15),and(not(isblank($A16)),$A16=$A15,$B16<>$B15)),"ID LISTS UNALIGNED",and($A16<>"",countif('5) Release_Track'!$F:$F,$A16)=0),"NO ISRC MATCH in Release_Track",and($B16<>"",countif('5) Release_Track'!$G:$G,$B16)=0),"NO CATALOG ID MATCH in Release_Track",iserror(vlookup($A16&$B16,'5) Release_Track'!$F:$F&'5) Release_Track'!$G:$G,1,0)),"NO ISRC-CATALOG ID pair MATCH in Release_Track" )} | G16: {=ifs(or($F16="",$F16="Main Primary Artist"),$F16,not(iserror(vlookup($F16,'Reference info'!$J$5:$J$8,1,0))),"Key Artist",not(iserror(vlookup($F16,'Reference info'!$J$38:$J$405,1,0))),"Performer",not(iserror(vlookup($F16,'Reference info'!$J$10:$J$36,1,0))),"Producer & Engineer")}
C17: {=ifs(and(isblank($A17),isblank($B17)),"", not(iserror(vlookup($A17&$B17,'5) Release_Track'!$F:$F&'5) Release_Track'!$G:$G,1,0))),vlookup($A17&$B17,{'5) Release_Track'!$F:$F&'5) Release_Track'!$G:$G,'5) Release_Track'!$H:$H},2,0), or(and(not(isblank($B17)),$B17=$B16,$A17<>$A16),and(not(isblank($A17)),$A17=$A16,$B17<>$B16)),"ID LISTS UNALIGNED",and($A17<>"",countif('5) Release_Track'!$F:$F,$A17)=0),"NO ISRC MATCH in Release_Track",and($B17<>"",countif('5) Release_Track'!$G:$G,$B17)=0),"NO CATALOG ID MATCH in Release_Track",iserror(vlookup($A17&$B17,'5) Release_Track'!$F:$F&'5) Release_Track'!$G:$G,1,0)),"NO ISRC-CATALOG ID pair MATCH in Release_Track" )} | D17: {=ifs(and(isblank($A17),isblank($B17)),"", not(iserror(vlookup($A17&$B17,'5) Release_Track'!$F:$F&'5) Release_Track'!$G:$G,1,0))),vlookup($A17&$B17,{'5) Release_Track'!$F:$F&'5) Release_Track'!$G:$G,'5) Release_Track'!$I:$I},2,0), or(and(not(isblank($B17)),$B17=$B16,$A17<>$A16),and(not(isblank($A17)),$A17=$A16,$B17<>$B16)),"ID LISTS UNALIGNED",and($A17<>"",countif('5) Release_Track'!$F:$F,$A17)=0),"NO ISRC MATCH in Release_Track",and($B17<>"",countif('5) Release_Track'!$G:$G,$B17)=0),"NO CATALOG ID MATCH in Release_Track",iserror(vlookup($A17&$B17,'5) Release_Track'!$F:$F&'5) Release_Track'!$G:$G,1,0)),"NO ISRC-CATALOG ID pair MATCH in Release_Track" )} | G17: {=ifs(or($F17="",$F17="Main Primary Artist"),$F17,not(iserror(vlookup($F17,'Reference info'!$J$5:$J$8,1,0))),"Key Artist",not(iserror(vlookup($F17,'Reference info'!$J$38:$J$405,1,0))),"Performer",not(iserror(vlookup($F17,'Reference info'!$J$10:$J$36,1,0))),"Producer & Engineer")}
C18: {=ifs(and(isblank($A18),isblank($B18)),"", not(iserror(vlookup($A18&$B18,'5) Release_Track'!$F:$F&'5) Release_Track'!$G:$G,1,0))),vlookup($A18&$B18,{'5) Release_Track'!$F:$F&'5) Release_Track'!$G:$G,'5) Release_Track'!$H:$H},2,0), or(and(not(isblank($B18)),$B18=$B17,$A18<>$A17),and(not(isblank($A18)),$A18=$A17,$B18<>$B17)),"ID LISTS UNALIGNED",and($A18<>"",countif('5) Release_Track'!$F:$F,$A18)=0),"NO ISRC MATCH in Release_Track",and($B18<>"",countif('5) Release_Track'!$G:$G,$B18)=0),"NO CATALOG ID MATCH in Release_Track",iserror(vlookup($A18&$B18,'5) Release_Track'!$F:$F&'5) Release_Track'!$G:$G,1,0)),"NO ISRC-CATALOG ID pair MATCH in Release_Track" )} | D18: {=ifs(and(isblank($A18),isblank($B18)),"", not(iserror(vlookup($A18&$B18,'5) Release_Track'!$F:$F&'5) Release_Track'!$G:$G,1,0))),vlookup($A18&$B18,{'5) Release_Track'!$F:$F&'5) Release_Track'!$G:$G,'5) Release_Track'!$I:$I},2,0), or(and(not(isblank($B18)),$B18=$B17,$A18<>$A17),and(not(isblank($A18)),$A18=$A17,$B18<>$B17)),"ID LISTS UNALIGNED",and($A18<>"",countif('5) Release_Track'!$F:$F,$A18)=0),"NO ISRC MATCH in Release_Track",and($B18<>"",countif('5) Release_Track'!$G:$G,$B18)=0),"NO CATALOG ID MATCH in Release_Track",iserror(vlookup($A18&$B18,'5) Release_Track'!$F:$F&'5) Release_Track'!$G:$G,1,0)),"NO ISRC-CATALOG ID pair MATCH in Release_Track" )} | G18: {=ifs(or($F18="",$F18="Main Primary Artist"),$F18,not(iserror(vlookup($F18,'Reference info'!$J$5:$J$8,1,0))),"Key Artist",not(iserror(vlookup($F18,'Reference info'!$J$38:$J$405,1,0))),"Performer",not(iserror(vlookup($F18,'Reference info'!$J$10:$J$36,1,0))),"Producer & Engineer")}
C19: {=ifs(and(isblank($A19),isblank($B19)),"", not(iserror(vlookup($A19&$B19,'5) Release_Track'!$F:$F&'5) Release_Track'!$G:$G,1,0))),vlookup($A19&$B19,{'5) Release_Track'!$F:$F&'5) Release_Track'!$G:$G,'5) Release_Track'!$H:$H},2,0), or(and(not(isblank($B19)),$B19=$B18,$A19<>$A18),and(not(isblank($A19)),$A19=$A18,$B19<>$B18)),"ID LISTS UNALIGNED",and($A19<>"",countif('5) Release_Track'!$F:$F,$A19)=0),"NO ISRC MATCH in Release_Track",and($B19<>"",countif('5) Release_Track'!$G:$G,$B19)=0),"NO CATALOG ID MATCH in Release_Track",iserror(vlookup($A19&$B19,'5) Release_Track'!$F:$F&'5) Release_Track'!$G:$G,1,0)),"NO ISRC-CATALOG ID pair MATCH in Release_Track" )} | D19: {=ifs(and(isblank($A19),isblank($B19)),"", not(iserror(vlookup($A19&$B19,'5) Release_Track'!$F:$F&'5) Release_Track'!$G:$G,1,0))),vlookup($A19&$B19,{'5) Release_Track'!$F:$F&'5) Release_Track'!$G:$G,'5) Release_Track'!$I:$I},2,0), or(and(not(isblank($B19)),$B19=$B18,$A19<>$A18),and(not(isblank($A19)),$A19=$A18,$B19<>$B18)),"ID LISTS UNALIGNED",and($A19<>"",countif('5) Release_Track'!$F:$F,$A19)=0),"NO ISRC MATCH in Release_Track",and($B19<>"",countif('5) Release_Track'!$G:$G,$B19)=0),"NO CATALOG ID MATCH in Release_Track",iserror(vlookup($A19&$B19,'5) Release_Track'!$F:$F&'5) Release_Track'!$G:$G,1,0)),"NO ISRC-CATALOG ID pair MATCH in Release_Track" )} | G19: {=ifs(or($F19="",$F19="Main Primary Artist"),$F19,not(iserror(vlookup($F19,'Reference info'!$J$5:$J$8,1,0))),"Key Artist",not(iserror(vlookup($F19,'Reference info'!$J$38:$J$405,1,0))),"Performer",not(iserror(vlookup($F19,'Reference info'!$J$10:$J$36,1,0))),"Producer & Engineer")}
C20: {=ifs(and(isblank($A20),isblank($B20)),"", not(iserror(vlookup($A20&$B20,'5) Release_Track'!$F:$F&'5) Release_Track'!$G:$G,1,0))),vlookup($A20&$B20,{'5) Release_Track'!$F:$F&'5) Release_Track'!$G:$G,'5) Release_Track'!$H:$H},2,0), or(and(not(isblank($B20)),$B20=$B19,$A20<>$A19),and(not(isblank($A20)),$A20=$A19,$B20<>$B19)),"ID LISTS UNALIGNED",and($A20<>"",countif('5) Release_Track'!$F:$F,$A20)=0),"NO ISRC MATCH in Release_Track",and($B20<>"",countif('5) Release_Track'!$G:$G,$B20)=0),"NO CATALOG ID MATCH in Release_Track",iserror(vlookup($A20&$B20,'5) Release_Track'!$F:$F&'5) Release_Track'!$G:$G,1,0)),"NO ISRC-CATALOG ID pair MATCH in Release_Track" )} | D20: {=ifs(and(isblank($A20),isblank($B20)),"", not(iserror(vlookup($A20&$B20,'5) Release_Track'!$F:$F&'5) Release_Track'!$G:$G,1,0))),vlookup($A20&$B20,{'5) Release_Track'!$F:$F&'5) Release_Track'!$G:$G,'5) Release_Track'!$I:$I},2,0), or(and(not(isblank($B20)),$B20=$B19,$A20<>$A19),and(not(isblank($A20)),$A20=$A19,$B20<>$B19)),"ID LISTS UNALIGNED",and($A20<>"",countif('5) Release_Track'!$F:$F,$A20)=0),"NO ISRC MATCH in Release_Track",and($B20<>"",countif('5) Release_Track'!$G:$G,$B20)=0),"NO CATALOG ID MATCH in Release_Track",iserror(vlookup($A20&$B20,'5) Release_Track'!$F:$F&'5) Release_Track'!$G:$G,1,0)),"NO ISRC-CATALOG ID pair MATCH in Release_Track" )} | G20: {=ifs(or($F20="",$F20="Main Primary Artist"),$F20,not(iserror(vlookup($F20,'Reference info'!$J$5:$J$8,1,0))),"Key Artist",not(iserror(vlookup($F20,'Reference info'!$J$38:$J$405,1,0))),"Performer",not(iserror(vlookup($F20,'Reference info'!$J$10:$J$36,1,0))),"Producer & Engineer")}
C21: {=ifs(and(isblank($A21),isblank($B21)),"", not(iserror(vlookup($A21&$B21,'5) Release_Track'!$F:$F&'5) Release_Track'!$G:$G,1,0))),vlookup($A21&$B21,{'5) Release_Track'!$F:$F&'5) Release_Track'!$G:$G,'5) Release_Track'!$H:$H},2,0), or(and(not(isblank($B21)),$B21=$B20,$A21<>$A20),and(not(isblank($A21)),$A21=$A20,$B21<>$B20)),"ID LISTS UNALIGNED",and($A21<>"",countif('5) Release_Track'!$F:$F,$A21)=0),"NO ISRC MATCH in Release_Track",and($B21<>"",countif('5) Release_Track'!$G:$G,$B21)=0),"NO CATALOG ID MATCH in Release_Track",iserror(vlookup($A21&$B21,'5) Release_Track'!$F:$F&'5) Release_Track'!$G:$G,1,0)),"NO ISRC-CATALOG ID pair MATCH in Release_Track" )} | D21: {=ifs(and(isblank($A21),isblank($B21)),"", not(iserror(vlookup($A21&$B21,'5) Release_Track'!$F:$F&'5) Release_Track'!$G:$G,1,0))),vlookup($A21&$B21,{'5) Release_Track'!$F:$F&'5) Release_Track'!$G:$G,'5) Release_Track'!$I:$I},2,0), or(and(not(isblank($B21)),$B21=$B20,$A21<>$A20),and(not(isblank($A21)),$A21=$A20,$B21<>$B20)),"ID LISTS UNALIGNED",and($A21<>"",countif('5) Release_Track'!$F:$F,$A21)=0),"NO ISRC MATCH in Release_Track",and($B21<>"",countif('5) Release_Track'!$G:$G,$B21)=0),"NO CATALOG ID MATCH in Release_Track",iserror(vlookup($A21&$B21,'5) Release_Track'!$F:$F&'5) Release_Track'!$G:$G,1,0)),"NO ISRC-CATALOG ID pair MATCH in Release_Track" )} | G21: {=ifs(or($F21="",$F21="Main Primary Artist"),$F21,not(iserror(vlookup($F21,'Reference info'!$J$5:$J$8,1,0))),"Key Artist",not(iserror(vlookup($F21,'Reference info'!$J$38:$J$405,1,0))),"Performer",not(iserror(vlookup($F21,'Reference info'!$J$10:$J$36,1,0))),"Producer & Engineer")}
C22: {=ifs(and(isblank($A22),isblank($B22)),"", not(iserror(vlookup($A22&$B22,'5) Release_Track'!$F:$F&'5) Release_Track'!$G:$G,1,0))),vlookup($A22&$B22,{'5) Release_Track'!$F:$F&'5) Release_Track'!$G:$G,'5) Release_Track'!$H:$H},2,0), or(and(not(isblank($B22)),$B22=$B21,$A22<>$A21),and(not(isblank($A22)),$A22=$A21,$B22<>$B21)),"ID LISTS UNALIGNED",and($A22<>"",countif('5) Release_Track'!$F:$F,$A22)=0),"NO ISRC MATCH in Release_Track",and($B22<>"",countif('5) Release_Track'!$G:$G,$B22)=0),"NO CATALOG ID MATCH in Release_Track",iserror(vlookup($A22&$B22,'5) Release_Track'!$F:$F&'5) Release_Track'!$G:$G,1,0)),"NO ISRC-CATALOG ID pair MATCH in Release_Track" )} | D22: {=ifs(and(isblank($A22),isblank($B22)),"", not(iserror(vlookup($A22&$B22,'5) Release_Track'!$F:$F&'5) Release_Track'!$G:$G,1,0))),vlookup($A22&$B22,{'5) Release_Track'!$F:$F&'5) Release_Track'!$G:$G,'5) Release_Track'!$I:$I},2,0), or(and(not(isblank($B22)),$B22=$B21,$A22<>$A21),and(not(isblank($A22)),$A22=$A21,$B22<>$B21)),"ID LISTS UNALIGNED",and($A22<>"",countif('5) Release_Track'!$F:$F,$A22)=0),"NO ISRC MATCH in Release_Track",and($B22<>"",countif('5) Release_Track'!$G:$G,$B22)=0),"NO CATALOG ID MATCH in Release_Track",iserror(vlookup($A22&$B22,'5) Release_Track'!$F:$F&'5) Release_Track'!$G:$G,1,0)),"NO ISRC-CATALOG ID pair MATCH in Release_Track" )} | G22: {=ifs(or($F22="",$F22="Main Primary Artist"),$F22,not(iserror(vlookup($F22,'Reference info'!$J$5:$J$8,1,0))),"Key Artist",not(iserror(vlookup($F22,'Reference info'!$J$38:$J$405,1,0))),"Performer",not(iserror(vlookup($F22,'Reference info'!$J$10:$J$36,1,0))),"Producer & Engineer")}
C23: {=ifs(and(isblank($A23),isblank($B23)),"", not(iserror(vlookup($A23&$B23,'5) Release_Track'!$F:$F&'5) Release_Track'!$G:$G,1,0))),vlookup($A23&$B23,{'5) Release_Track'!$F:$F&'5) Release_Track'!$G:$G,'5) Release_Track'!$H:$H},2,0), or(and(not(isblank($B23)),$B23=$B22,$A23<>$A22),and(not(isblank($A23)),$A23=$A22,$B23<>$B22)),"ID LISTS UNALIGNED",and($A23<>"",countif('5) Release_Track'!$F:$F,$A23)=0),"NO ISRC MATCH in Release_Track",and($B23<>"",countif('5) Release_Track'!$G:$G,$B23)=0),"NO CATALOG ID MATCH in Release_Track",iserror(vlookup($A23&$B23,'5) Release_Track'!$F:$F&'5) Release_Track'!$G:$G,1,0)),"NO ISRC-CATALOG ID pair MATCH in Release_Track" )} | D23: {=ifs(and(isblank($A23),isblank($B23)),"", not(iserror(vlookup($A23&$B23,'5) Release_Track'!$F:$F&'5) Release_Track'!$G:$G,1,0))),vlookup($A23&$B23,{'5) Release_Track'!$F:$F&'5) Release_Track'!$G:$G,'5) Release_Track'!$I:$I},2,0), or(and(not(isblank($B23)),$B23=$B22,$A23<>$A22),and(not(isblank($A23)),$A23=$A22,$B23<>$B22)),"ID LISTS UNALIGNED",and($A23<>"",countif('5) Release_Track'!$F:$F,$A23)=0),"NO ISRC MATCH in Release_Track",and($B23<>"",countif('5) Release_Track'!$G:$G,$B23)=0),"NO CATALOG ID MATCH in Release_Track",iserror(vlookup($A23&$B23,'5) Release_Track'!$F:$F&'5) Release_Track'!$G:$G,1,0)),"NO ISRC-CATALOG ID pair MATCH in Release_Track" )} | G23: {=ifs(or($F23="",$F23="Main Primary Artist"),$F23,not(iserror(vlookup($F23,'Reference info'!$J$5:$J$8,1,0))),"Key Artist",not(iserror(vlookup($F23,'Reference info'!$J$38:$J$405,1,0))),"Performer",not(iserror(vlookup($F23,'Reference info'!$J$10:$J$36,1,0))),"Producer & Engineer")}
... C67: {=ifs(and(isblank($A67),isblank($B67)),"", not(iserror(vlookup($A67&$B67,'5) Release_Track'!$F:$F&'5) Release_Track'!$G:$G,1,0))),vlookup($A67&$B67,{'5) Release_Track'!$F:$F&'5) Release_Track'!$G:$G,'5) Release_Track'!$H:$H},2,0), or(and(not(isblank($B67)),$B67=$B66,$A67<>$A66),and(not(isblank($A67)),$A67=$A66,$B67<>$B66)),"ID LISTS UNALIGNED",and($A67<>"",countif('5) Release_Track'!$F:$F,$A67)=0),"NO ISRC MATCH in Release_Track",and($B67<>"",countif('5) Release_Track'!$G:$G,$B67)=0),"NO CATALOG ID MATCH in Release_Track",iserror(vlookup($A67&$B67,'5) Release_Track'!$F:$F&'5) Release_Track'!$G:$G,1,0)),"NO ISRC-CATALOG ID pair MATCH in Release_Track" )} | D67: {=ifs(and(isblank($A67),isblank($B67)),"", not(iserror(vlookup($A67&$B67,'5) Release_Track'!$F:$F&'5) Release_Track'!$G:$G,1,0))),vlookup($A67&$B67,{'5) Release_Track'!$F:$F&'5) Release_Track'!$G:$G,'5) Release_Track'!$I:$I},2,0), or(and(not(isblank($B67)),$B67=$B66,$A67<>$A66),and(not(isblank($A67)),$A67=$A66,$B67<>$B66)),"ID LISTS UNALIGNED",and($A67<>"",countif('5) Release_Track'!$F:$F,$A67)=0),"NO ISRC MATCH in Release_Track",and($B67<>"",countif('5) Release_Track'!$G:$G,$B67)=0),"NO CATALOG ID MATCH in Release_Track",iserror(vlookup($A67&$B67,'5) Release_Track'!$F:$F&'5) Release_Track'!$G:$G,1,0)),"NO ISRC-CATALOG ID pair MATCH in Release_Track" )} | G67: {=ifs(or($F67="",$F67="Main Primary Artist"),$F67,not(iserror(vlookup($F67,'Reference info'!$J$5:$J$8,1,0))),"Key Artist",not(iserror(vlookup($F67,'Reference info'!$J$38:$J$405,1,0))),"Performer",not(iserror(vlookup($F67,'Reference info'!$J$10:$J$36,1,0))),"Producer & Engineer")}
C68: {=ifs(and(isblank($A68),isblank($B68)),"", not(iserror(vlookup($A68&$B68,'5) Release_Track'!$F:$F&'5) Release_Track'!$G:$G,1,0))),vlookup($A68&$B68,{'5) Release_Track'!$F:$F&'5) Release_Track'!$G:$G,'5) Release_Track'!$H:$H},2,0), or(and(not(isblank($B68)),$B68=$B67,$A68<>$A67),and(not(isblank($A68)),$A68=$A67,$B68<>$B67)),"ID LISTS UNALIGNED",and($A68<>"",countif('5) Release_Track'!$F:$F,$A68)=0),"NO ISRC MATCH in Release_Track",and($B68<>"",countif('5) Release_Track'!$G:$G,$B68)=0),"NO CATALOG ID MATCH in Release_Track",iserror(vlookup($A68&$B68,'5) Release_Track'!$F:$F&'5) Release_Track'!$G:$G,1,0)),"NO ISRC-CATALOG ID pair MATCH in Release_Track" )} | D68: {=ifs(and(isblank($A68),isblank($B68)),"", not(iserror(vlookup($A68&$B68,'5) Release_Track'!$F:$F&'5) Release_Track'!$G:$G,1,0))),vlookup($A68&$B68,{'5) Release_Track'!$F:$F&'5) Release_Track'!$G:$G,'5) Release_Track'!$I:$I},2,0), or(and(not(isblank($B68)),$B68=$B67,$A68<>$A67),and(not(isblank($A68)),$A68=$A67,$B68<>$B67)),"ID LISTS UNALIGNED",and($A68<>"",countif('5) Release_Track'!$F:$F,$A68)=0),"NO ISRC MATCH in Release_Track",and($B68<>"",countif('5) Release_Track'!$G:$G,$B68)=0),"NO CATALOG ID MATCH in Release_Track",iserror(vlookup($A68&$B68,'5) Release_Track'!$F:$F&'5) Release_Track'!$G:$G,1,0)),"NO ISRC-CATALOG ID pair MATCH in Release_Track" )}
C69: {=ifs(and(isblank($A69),isblank($B69)),"", not(iserror(vlookup($A69&$B69,'5) Release_Track'!$F:$F&'5) Release_Track'!$G:$G,1,0))),vlookup($A69&$B69,{'5) Release_Track'!$F:$F&'5) Release_Track'!$G:$G,'5) Release_Track'!$H:$H},2,0), or(and(not(isblank($B69)),$B69=$B68,$A69<>$A68),and(not(isblank($A69)),$A69=$A68,$B69<>$B68)),"ID LISTS UNALIGNED",and($A69<>"",countif('5) Release_Track'!$F:$F,$A69)=0),"NO ISRC MATCH in Release_Track",and($B69<>"",countif('5) Release_Track'!$G:$G,$B69)=0),"NO CATALOG ID MATCH in Release_Track",iserror(vlookup($A69&$B69,'5) Release_Track'!$F:$F&'5) Release_Track'!$G:$G,1,0)),"NO ISRC-CATALOG ID pair MATCH in Release_Track" )} | D69: {=ifs(and(isblank($A69),isblank($B69)),"", not(iserror(vlookup($A69&$B69,'5) Release_Track'!$F:$F&'5) Release_Track'!$G:$G,1,0))),vlookup($A69&$B69,{'5) Release_Track'!$F:$F&'5) Release_Track'!$G:$G,'5) Release_Track'!$I:$I},2,0), or(and(not(isblank($B69)),$B69=$B68,$A69<>$A68),and(not(isblank($A69)),$A69=$A68,$B69<>$B68)),"ID LISTS UNALIGNED",and($A69<>"",countif('5) Release_Track'!$F:$F,$A69)=0),"NO ISRC MATCH in Release_Track",and($B69<>"",countif('5) Release_Track'!$G:$G,$B69)=0),"NO CATALOG ID MATCH in Release_Track",iserror(vlookup($A69&$B69,'5) Release_Track'!$F:$F&'5) Release_Track'!$G:$G,1,0)),"NO ISRC-CATALOG ID pair MATCH in Release_Track" )}
C70: {=ifs(and(isblank($A70),isblank($B70)),"", not(iserror(vlookup($A70&$B70,'5) Release_Track'!$F:$F&'5) Release_Track'!$G:$G,1,0))),vlookup($A70&$B70,{'5) Release_Track'!$F:$F&'5) Release_Track'!$G:$G,'5) Release_Track'!$H:$H},2,0), or(and(not(isblank($B70)),$B70=$B69,$A70<>$A69),and(not(isblank($A70)),$A70=$A69,$B70<>$B69)),"ID LISTS UNALIGNED",and($A70<>"",countif('5) Release_Track'!$F:$F,$A70)=0),"NO ISRC MATCH in Release_Track",and($B70<>"",countif('5) Release_Track'!$G:$G,$B70)=0),"NO CATALOG ID MATCH in Release_Track",iserror(vlookup($A70&$B70,'5) Release_Track'!$F:$F&'5) Release_Track'!$G:$G,1,0)),"NO ISRC-CATALOG ID pair MATCH in Release_Track" )} | D70: {=ifs(and(isblank($A70),isblank($B70)),"", not(iserror(vlookup($A70&$B70,'5) Release_Track'!$F:$F&'5) Release_Track'!$G:$G,1,0))),vlookup($A70&$B70,{'5) Release_Track'!$F:$F&'5) Release_Track'!$G:$G,'5) Release_Track'!$I:$I},2,0), or(and(not(isblank($B70)),$B70=$B69,$A70<>$A69),and(not(isblank($A70)),$A70=$A69,$B70<>$B69)),"ID LISTS UNALIGNED",and($A70<>"",countif('5) Release_Track'!$F:$F,$A70)=0),"NO ISRC MATCH in Release_Track",and($B70<>"",countif('5) Release_Track'!$G:$G,$B70)=0),"NO CATALOG ID MATCH in Release_Track",iserror(vlookup($A70&$B70,'5) Release_Track'!$F:$F&'5) Release_Track'!$G:$G,1,0)),"NO ISRC-CATALOG ID pair MATCH in Release_Track" )}
C71: {=ifs(and(isblank($A71),isblank($B71)),"", not(iserror(vlookup($A71&$B71,'5) Release_Track'!$F:$F&'5) Release_Track'!$G:$G,1,0))),vlookup($A71&$B71,{'5) Release_Track'!$F:$F&'5) Release_Track'!$G:$G,'5) Release_Track'!$H:$H},2,0), or(and(not(isblank($B71)),$B71=$B70,$A71<>$A70),and(not(isblank($A71)),$A71=$A70,$B71<>$B70)),"ID LISTS UNALIGNED",and($A71<>"",countif('5) Release_Track'!$F:$F,$A71)=0),"NO ISRC MATCH in Release_Track",and($B71<>"",countif('5) Release_Track'!$G:$G,$B71)=0),"NO CATALOG ID MATCH in Release_Track",iserror(vlookup($A71&$B71,'5) Release_Track'!$F:$F&'5) Release_Track'!$G:$G,1,0)),"NO ISRC-CATALOG ID pair MATCH in Release_Track" )} | D71: {=ifs(and(isblank($A71),isblank($B71)),"", not(iserror(vlookup($A71&$B71,'5) Release_Track'!$F:$F&'5) Release_Track'!$G:$G,1,0))),vlookup($A71&$B71,{'5) Release_Track'!$F:$F&'5) Release_Track'!$G:$G,'5) Release_Track'!$I:$I},2,0), or(and(not(isblank($B71)),$B71=$B70,$A71<>$A70),and(not(isblank($A71)),$A71=$A70,$B71<>$B70)),"ID LISTS UNALIGNED",and($A71<>"",countif('5) Release_Track'!$F:$F,$A71)=0),"NO ISRC MATCH in Release_Track",and($B71<>"",countif('5) Release_Track'!$G:$G,$B71)=0),"NO CATALOG ID MATCH in Release_Track",iserror(vlookup($A71&$B71,'5) Release_Track'!$F:$F&'5) Release_Track'!$G:$G,1,0)),"NO ISRC-CATALOG ID pair MATCH in Release_Track" )}
C72: {=ifs(and(isblank($A72),isblank($B72)),"", not(iserror(vlookup($A72&$B72,'5) Release_Track'!$F:$F&'5) Release_Track'!$G:$G,1,0))),vlookup($A72&$B72,{'5) Release_Track'!$F:$F&'5) Release_Track'!$G:$G,'5) Release_Track'!$H:$H},2,0), or(and(not(isblank($B72)),$B72=$B71,$A72<>$A71),and(not(isblank($A72)),$A72=$A71,$B72<>$B71)),"ID LISTS UNALIGNED",and($A72<>"",countif('5) Release_Track'!$F:$F,$A72)=0),"NO ISRC MATCH in Release_Track",and($B72<>"",countif('5) Release_Track'!$G:$G,$B72)=0),"NO CATALOG ID MATCH in Release_Track",iserror(vlookup($A72&$B72,'5) Release_Track'!$F:$F&'5) Release_Track'!$G:$G,1,0)),"NO ISRC-CATALOG ID pair MATCH in Release_Track" )} | D72: {=ifs(and(isblank($A72),isblank($B72)),"", not(iserror(vlookup($A72&$B72,'5) Release_Track'!$F:$F&'5) Release_Track'!$G:$G,1,0))),vlookup($A72&$B72,{'5) Release_Track'!$F:$F&'5) Release_Track'!$G:$G,'5) Release_Track'!$I:$I},2,0), or(and(not(isblank($B72)),$B72=$B71,$A72<>$A71),and(not(isblank($A72)),$A72=$A71,$B72<>$B71)),"ID LISTS UNALIGNED",and($A72<>"",countif('5) Release_Track'!$F:$F,$A72)=0),"NO ISRC MATCH in Release_Track",and($B72<>"",countif('5) Release_Track'!$G:$G,$B72)=0),"NO CATALOG ID MATCH in Release_Track",iserror(vlookup($A72&$B72,'5) Release_Track'!$F:$F&'5) Release_Track'!$G:$G,1,0)),"NO ISRC-CATALOG ID pair MATCH in Release_Track" )}
C73: {=ifs(and(isblank($A73),isblank($B73)),"", not(iserror(vlookup($A73&$B73,'5) Release_Track'!$F:$F&'5) Release_Track'!$G:$G,1,0))),vlookup($A73&$B73,{'5) Release_Track'!$F:$F&'5) Release_Track'!$G:$G,'5) Release_Track'!$H:$H},2,0), or(and(not(isblank($B73)),$B73=$B72,$A73<>$A72),and(not(isblank($A73)),$A73=$A72,$B73<>$B72)),"ID LISTS UNALIGNED",and($A73<>"",countif('5) Release_Track'!$F:$F,$A73)=0),"NO ISRC MATCH in Release_Track",and($B73<>"",countif('5) Release_Track'!$G:$G,$B73)=0),"NO CATALOG ID MATCH in Release_Track",iserror(vlookup($A73&$B73,'5) Release_Track'!$F:$F&'5) Release_Track'!$G:$G,1,0)),"NO ISRC-CATALOG ID pair MATCH in Release_Track" )} | D73: {=ifs(and(isblank($A73),isblank($B73)),"", not(iserror(vlookup($A73&$B73,'5) Release_Track'!$F:$F&'5) Release_Track'!$G:$G,1,0))),vlookup($A73&$B73,{'5) Release_Track'!$F:$F&'5) Release_Track'!$G:$G,'5) Release_Track'!$I:$I},2,0), or(and(not(isblank($B73)),$B73=$B72,$A73<>$A72),and(not(isblank($A73)),$A73=$A72,$B73<>$B72)),"ID LISTS UNALIGNED",and($A73<>"",countif('5) Release_Track'!$F:$F,$A73)=0),"NO ISRC MATCH in Release_Track",and($B73<>"",countif('5) Release_Track'!$G:$G,$B73)=0),"NO CATALOG ID MATCH in Release_Track",iserror(vlookup($A73&$B73,'5) Release_Track'!$F:$F&'5) Release_Track'!$G:$G,1,0)),"NO ISRC-CATALOG ID pair MATCH in Release_Track" )}
C74: {=ifs(and(isblank($A74),isblank($B74)),"", not(iserror(vlookup($A74&$B74,'5) Release_Track'!$F:$F&'5) Release_Track'!$G:$G,1,0))),vlookup($A74&$B74,{'5) Release_Track'!$F:$F&'5) Release_Track'!$G:$G,'5) Release_Track'!$H:$H},2,0), or(and(not(isblank($B74)),$B74=$B73,$A74<>$A73),and(not(isblank($A74)),$A74=$A73,$B74<>$B73)),"ID LISTS UNALIGNED",and($A74<>"",countif('5) Release_Track'!$F:$F,$A74)=0),"NO ISRC MATCH in Release_Track",and($B74<>"",countif('5) Release_Track'!$G:$G,$B74)=0),"NO CATALOG ID MATCH in Release_Track",iserror(vlookup($A74&$B74,'5) Release_Track'!$F:$F&'5) Release_Track'!$G:$G,1,0)),"NO ISRC-CATALOG ID pair MATCH in Release_Track" )} | D74: {=ifs(and(isblank($A74),isblank($B74)),"", not(iserror(vlookup($A74&$B74,'5) Release_Track'!$F:$F&'5) Release_Track'!$G:$G,1,0))),vlookup($A74&$B74,{'5) Release_Track'!$F:$F&'5) Release_Track'!$G:$G,'5) Release_Track'!$I:$I},2,0), or(and(not(isblank($B74)),$B74=$B73,$A74<>$A73),and(not(isblank($A74)),$A74=$A73,$B74<>$B73)),"ID LISTS UNALIGNED",and($A74<>"",countif('5) Release_Track'!$F:$F,$A74)=0),"NO ISRC MATCH in Release_Track",and($B74<>"",countif('5) Release_Track'!$G:$G,$B74)=0),"NO CATALOG ID MATCH in Release_Track",iserror(vlookup($A74&$B74,'5) Release_Track'!$F:$F&'5) Release_Track'!$G:$G,1,0)),"NO ISRC-CATALOG ID pair MATCH in Release_Track" )}
C75: {=ifs(and(isblank($A75),isblank($B75)),"", not(iserror(vlookup($A75&$B75,'5) Release_Track'!$F:$F&'5) Release_Track'!$G:$G,1,0))),vlookup($A75&$B75,{'5) Release_Track'!$F:$F&'5) Release_Track'!$G:$G,'5) Release_Track'!$H:$H},2,0), or(and(not(isblank($B75)),$B75=$B74,$A75<>$A74),and(not(isblank($A75)),$A75=$A74,$B75<>$B74)),"ID LISTS UNALIGNED",and($A75<>"",countif('5) Release_Track'!$F:$F,$A75)=0),"NO ISRC MATCH in Release_Track",and($B75<>"",countif('5) Release_Track'!$G:$G,$B75)=0),"NO CATALOG ID MATCH in Release_Track",iserror(vlookup($A75&$B75,'5) Release_Track'!$F:$F&'5) Release_Track'!$G:$G,1,0)),"NO ISRC-CATALOG ID pair MATCH in Release_Track" )} | D75: {=ifs(and(isblank($A75),isblank($B75)),"", not(iserror(vlookup($A75&$B75,'5) Release_Track'!$F:$F&'5) Release_Track'!$G:$G,1,0))),vlookup($A75&$B75,{'5) Release_Track'!$F:$F&'5) Release_Track'!$G:$G,'5) Release_Track'!$I:$I},2,0), or(and(not(isblank($B75)),$B75=$B74,$A75<>$A74),and(not(isblank($A75)),$A75=$A74,$B75<>$B74)),"ID LISTS UNALIGNED",and($A75<>"",countif('5) Release_Track'!$F:$F,$A75)=0),"NO ISRC MATCH in Release_Track",and($B75<>"",countif('5) Release_Track'!$G:$G,$B75)=0),"NO CATALOG ID MATCH in Release_Track",iserror(vlookup($A75&$B75,'5) Release_Track'!$F:$F&'5) Release_Track'!$G:$G,1,0)),"NO ISRC-CATALOG ID pair MATCH in Release_Track" )}
C76: {=ifs(and(isblank($A76),isblank($B76)),"", not(iserror(vlookup($A76&$B76,'5) Release_Track'!$F:$F&'5) Release_Track'!$G:$G,1,0))),vlookup($A76&$B76,{'5) Release_Track'!$F:$F&'5) Release_Track'!$G:$G,'5) Release_Track'!$H:$H},2,0), or(and(not(isblank($B76)),$B76=$B75,$A76<>$A75),and(not(isblank($A76)),$A76=$A75,$B76<>$B75)),"ID LISTS UNALIGNED",and($A76<>"",countif('5) Release_Track'!$F:$F,$A76)=0),"NO ISRC MATCH in Release_Track",and($B76<>"",countif('5) Release_Track'!$G:$G,$B76)=0),"NO CATALOG ID MATCH in Release_Track",iserror(vlookup($A76&$B76,'5) Release_Track'!$F:$F&'5) Release_Track'!$G:$G,1,0)),"NO ISRC-CATALOG ID pair MATCH in Release_Track" )} | D76: {=ifs(and(isblank($A76),isblank($B76)),"", not(iserror(vlookup($A76&$B76,'5) Release_Track'!$F:$F&'5) Release_Track'!$G:$G,1,0))),vlookup($A76&$B76,{'5) Release_Track'!$F:$F&'5) Release_Track'!$G:$G,'5) Release_Track'!$I:$I},2,0), or(and(not(isblank($B76)),$B76=$B75,$A76<>$A75),and(not(isblank($A76)),$A76=$A75,$B76<>$B75)),"ID LISTS UNALIGNED",and($A76<>"",countif('5) Release_Track'!$F:$F,$A76)=0),"NO ISRC MATCH in Release_Track",and($B76<>"",countif('5) Release_Track'!$G:$G,$B76)=0),"NO CATALOG ID MATCH in Release_Track",iserror(vlookup($A76&$B76,'5) Release_Track'!$F:$F&'5) Release_Track'!$G:$G,1,0)),"NO ISRC-CATALOG ID pair MATCH in Release_Track" )}
C77: {=ifs(and(isblank($A77),isblank($B77)),"", not(iserror(vlookup($A77&$B77,'5) Release_Track'!$F:$F&'5) Release_Track'!$G:$G,1,0))),vlookup($A77&$B77,{'5) Release_Track'!$F:$F&'5) Release_Track'!$G:$G,'5) Release_Track'!$H:$H},2,0), or(and(not(isblank($B77)),$B77=$B76,$A77<>$A76),and(not(isblank($A77)),$A77=$A76,$B77<>$B76)),"ID LISTS UNALIGNED",and($A77<>"",countif('5) Release_Track'!$F:$F,$A77)=0),"NO ISRC MATCH in Release_Track",and($B77<>"",countif('5) Release_Track'!$G:$G,$B77)=0),"NO CATALOG ID MATCH in Release_Track",iserror(vlookup($A77&$B77,'5) Release_Track'!$F:$F&'5) Release_Track'!$G:$G,1,0)),"NO ISRC-CATALOG ID pair MATCH in Release_Track" )} | D77: {=ifs(and(isblank($A77),isblank($B77)),"", not(iserror(vlookup($A77&$B77,'5) Release_Track'!$F:$F&'5) Release_Track'!$G:$G,1,0))),vlookup($A77&$B77,{'5) Release_Track'!$F:$F&'5) Release_Track'!$G:$G,'5) Release_Track'!$I:$I},2,0), or(and(not(isblank($B77)),$B77=$B76,$A77<>$A76),and(not(isblank($A77)),$A77=$A76,$B77<>$B76)),"ID LISTS UNALIGNED",and($A77<>"",countif('5) Release_Track'!$F:$F,$A77)=0),"NO ISRC MATCH in Release_Track",and($B77<>"",countif('5) Release_Track'!$G:$G,$B77)=0),"NO CATALOG ID MATCH in Release_Track",iserror(vlookup($A77&$B77,'5) Release_Track'!$F:$F&'5) Release_Track'!$G:$G,1,0)),"NO ISRC-CATALOG ID pair MATCH in Release_Track" )}
C78: {=ifs(and(isblank($A78),isblank($B78)),"", not(iserror(vlookup($A78&$B78,'5) Release_Track'!$F:$F&'5) Release_Track'!$G:$G,1,0))),vlookup($A78&$B78,{'5) Release_Track'!$F:$F&'5) Release_Track'!$G:$G,'5) Release_Track'!$H:$H},2,0), or(and(not(isblank($B78)),$B78=$B77,$A78<>$A77),and(not(isblank($A78)),$A78=$A77,$B78<>$B77)),"ID LISTS UNALIGNED",and($A78<>"",countif('5) Release_Track'!$F:$F,$A78)=0),"NO ISRC MATCH in Release_Track",and($B78<>"",countif('5) Release_Track'!$G:$G,$B78)=0),"NO CATALOG ID MATCH in Release_Track",iserror(vlookup($A78&$B78,'5) Release_Track'!$F:$F&'5) Release_Track'!$G:$G,1,0)),"NO ISRC-CATALOG ID pair MATCH in Release_Track" )} | D78: {=ifs(and(isblank($A78),isblank($B78)),"", not(iserror(vlookup($A78&$B78,'5) Release_Track'!$F:$F&'5) Release_Track'!$G:$G,1,0))),vlookup($A78&$B78,{'5) Release_Track'!$F:$F&'5) Release_Track'!$G:$G,'5) Release_Track'!$I:$I},2,0), or(and(not(isblank($B78)),$B78=$B77,$A78<>$A77),and(not(isblank($A78)),$A78=$A77,$B78<>$B77)),"ID LISTS UNALIGNED",and($A78<>"",countif('5) Release_Track'!$F:$F,$A78)=0),"NO ISRC MATCH in Release_Track",and($B78<>"",countif('5) Release_Track'!$G:$G,$B78)=0),"NO CATALOG ID MATCH in Release_Track",iserror(vlookup($A78&$B78,'5) Release_Track'!$F:$F&'5) Release_Track'!$G:$G,1,0)),"NO ISRC-CATALOG ID pair MATCH in Release_Track" )}
C79: {=ifs(and(isblank($A79),isblank($B79)),"", not(iserror(vlookup($A79&$B79,'5) Release_Track'!$F:$F&'5) Release_Track'!$G:$G,1,0))),vlookup($A79&$B79,{'5) Release_Track'!$F:$F&'5) Release_Track'!$G:$G,'5) Release_Track'!$H:$H},2,0), or(and(not(isblank($B79)),$B79=$B78,$A79<>$A78),and(not(isblank($A79)),$A79=$A78,$B79<>$B78)),"ID LISTS UNALIGNED",and($A79<>"",countif('5) Release_Track'!$F:$F,$A79)=0),"NO ISRC MATCH in Release_Track",and($B79<>"",countif('5) Release_Track'!$G:$G,$B79)=0),"NO CATALOG ID MATCH in Release_Track",iserror(vlookup($A79&$B79,'5) Release_Track'!$F:$F&'5) Release_Track'!$G:$G,1,0)),"NO ISRC-CATALOG ID pair MATCH in Release_Track" )} | D79: {=ifs(and(isblank($A79),isblank($B79)),"", not(iserror(vlookup($A79&$B79,'5) Release_Track'!$F:$F&'5) Release_Track'!$G:$G,1,0))),vlookup($A79&$B79,{'5) Release_Track'!$F:$F&'5) Release_Track'!$G:$G,'5) Release_Track'!$I:$I},2,0), or(and(not(isblank($B79)),$B79=$B78,$A79<>$A78),and(not(isblank($A79)),$A79=$A78,$B79<>$B78)),"ID LISTS UNALIGNED",and($A79<>"",countif('5) Release_Track'!$F:$F,$A79)=0),"NO ISRC MATCH in Release_Track",and($B79<>"",countif('5) Release_Track'!$G:$G,$B79)=0),"NO CATALOG ID MATCH in Release_Track",iserror(vlookup($A79&$B79,'5) Release_Track'!$F:$F&'5) Release_Track'!$G:$G,1,0)),"NO ISRC-CATALOG ID pair MATCH in Release_Track" )}
... C393: {=ifs(and(isblank($A393),isblank($B393)),"", not(iserror(vlookup($A393&$B393,'5) Release_Track'!$F:$F&'5) Release_Track'!$G:$G,1,0))),vlookup($A393&$B393,{'5) Release_Track'!$F:$F&'5) Release_Track'!$G:$G,'5) Release_Track'!$H:$H},2,0), or(and(not(isblank($B393)),$B393=$B392,$A393<>$A392),and(not(isblank($A393)),$A393=$A392,$B393<>$B392)),"ID LISTS UNALIGNED",and($A393<>"",countif('5) Release_Track'!$F:$F,$A393)=0),"NO ISRC MATCH in Release_Track",and($B393<>"",countif('5) Release_Track'!$G:$G,$B393)=0),"NO CATALOG ID MATCH in Release_Track",iserror(vlookup($A393&$B393,'5) Release_Track'!$F:$F&'5) Release_Track'!$G:$G,1,0)),"NO ISRC-CATALOG ID pair MATCH in Release_Track" )} | D393: {=ifs(and(isblank($A393),isblank($B393)),"", not(iserror(vlookup($A393&$B393,'5) Release_Track'!$F:$F&'5) Release_Track'!$G:$G,1,0))),vlookup($A393&$B393,{'5) Release_Track'!$F:$F&'5) Release_Track'!$G:$G,'5) Release_Track'!$I:$I},2,0), or(and(not(isblank($B393)),$B393=$B392,$A393<>$A392),and(not(isblank($A393)),$A393=$A392,$B393<>$B392)),"ID LISTS UNALIGNED",and($A393<>"",countif('5) Release_Track'!$F:$F,$A393)=0),"NO ISRC MATCH in Release_Track",and($B393<>"",countif('5) Release_Track'!$G:$G,$B393)=0),"NO CATALOG ID MATCH in Release_Track",iserror(vlookup($A393&$B393,'5) Release_Track'!$F:$F&'5) Release_Track'!$G:$G,1,0)),"NO ISRC-CATALOG ID pair MATCH in Release_Track" )}

Sheet 7) Comp ContributorPublisher li
A1: List all Composition Parties to Import | B1: =IFERROR(__xludf.DUMMYFUNCTION("COUNTUNIQUE(A5:A995)"),2.0) -> 2 | D1: List all Compostion Publishers to Import | E1: =IFERROR(__xludf.DUMMYFUNCTION("COUNTUNIQUE(D5:D995)"),2.0) -> 2 | G1: ="select * from Composers where EnterpriseId="&EntId -> select * from Composers where EnterpriseId=414849 | H1: ="select * from Publishers where EnterpriseId="&EntId -> select * from Publishers where EnterpriseId=414849
A2: = REQUIRED FIELD | B2: Duplicate Names | D2: = READ NOTES / INSTRUCTIONS | E2: Duplicate Names
A3: Composition Contributor | B3: =IFERROR(__xludf.DUMMYFUNCTION("counta(A5:A995)-COUNTUNIQUE(A5:A995)"),0.0) -> 0 | D3: Publisher Name | E3: =IFERROR(__xludf.DUMMYFUNCTION("counta(D5:D995)-COUNTUNIQUE(D5:D995)"),0.0) -> 0
A4: Must be a person's LEGAL NAME (first and last name) | D4: Only publishers that manage compositions. Do not include publishers that are self-publishing.
A5: Agnaldo Paulino de Jesus Júnior | C5: ="insert into Composers VALUES(N'"&SUBSTITUTE(trim(A5),"'","''")&"', null, null, (select CreatedBy from Enterprises where EnterpriseId="&EntId&"), getdate(), null, null, null,"&TenantId&", "&EntId&", null, null, null, null)" -> insert into Composers VALUES(N'Agnaldo Paulino de Jesus Júnior', null, null, (select CreatedBy from Enterprises where EnterpriseId=414849), getdate(), null, null, null,332920, 414849, null, null, null, null) | D5: SONY ATV | G5: update Artists set ReleasesCount=(select count (distinct ReleaseId) from Releases where ArtistId=(select max(ArtistId) from Artists where Name=N'' and EnterpriseId= )),
A6: Jackson Bertholdo Dos Santos | C6: ="insert into Composers VALUES(N'"&SUBSTITUTE(trim(A6),"'","''")&"', null, null, (select CreatedBy from Enterprises where EnterpriseId="&EntId&"), getdate(), null, null, null,"&TenantId&", "&EntId&", null, null, null, null)" -> insert into Composers VALUES(N'Jackson Bertholdo Dos Santos', null, null, (select CreatedBy from Enterprises where EnterpriseId=414849), getdate(), null, null, null,332920, 414849, null, null, null, null) | D6: WARNER CHAPPEL

Sheet 8) Track_Composition(s)
A1: =IFERROR(__xludf.DUMMYFUNCTION("COUNTUNIQUE(A5:A547)-'5) Release_Track'!F1"),0.0) -> 0 | B1: =IFERROR(__xludf.DUMMYFUNCTION("COUNTUNIQUE(B5:B547)-'5) Release_Track'!G1"),0.0) -> 0 | C1: = FILLED AUTOMATICALLY IF CODES/IDS MATCH | E1: =IFERROR(__xludf.DUMMYFUNCTION("COUNTUNIQUE(E5:E547)"),2.0) -> 2 | F1: = REQUIRED FIELD | G1: =IFERROR(__xludf.DUMMYFUNCTION("sum(G5:G547)-arrayformula(COUNTUNIQUE(A5:A547&B5:B547))"),0.0) -> 0 | I1: =countif(I5:I547,"Published (managed by a publisher)") -> 2 | J1: =COUNTA(J5:J547) -> 2 | K1: =IFERROR(__xludf.DUMMYFUNCTION("COUNTUNIQUE(J5:J547)"),2.0) -> 2
A2: TRACK LEVEL - Composition<>ISRC/ID: One composition Contributor per row. If a Track has multiple Contributors, add the same Track ISRC/ID to a new row for each Contributor. | K2: = READ NOTES / INSTRUCTIONS
A3: ISRC/vISRC | B3: CATALOG TRACK ID | C3: TRACK TITLE | D3: TRACK VERSION | E3: COMPOSITION CONTRIBUTOR | F3: ROLE | G3: SHARE% | H3: TOTAL% | I3: PUBLISHING | J3: PUBLISHER
A4: from Release_Track tab | B4: from Release_Track tab | C4: auto-fills if Track Code/Id matches Code/Id in Release_Track tab | E4: (select from Comp Contributors list, start typing or drag) | F4: (select from list, start typing or drag) | G4: read note | H4: auto sums | I4: (select from list, start typing or drag) | J4: fill out ONLY when 'Published' selected
A5: QZW9M2221000 | C5: {=ifs(and(isblank($A5),isblank($B5)),"", not(iserror(vlookup($A5&$B5,'5) Release_Track'!$F:$F&'5) Release_Track'!$G:$G,1,0))),vlookup($A5&$B5,{'5) Release_Track'!$F:$F&'5) Release_Track'!$G:$G,'5) Release_Track'!$H:$H},2,0), or(and(not(isblank($B5)),$B5=#REF!,$A5<>#REF!),and(not(isblank($A5)),$A5=#REF!,$B5<>#REF!)),"ID LISTS UNALIGNED",and($A5<>"",countif('5) Release_Track'!$F:$F,$A5)=0),"NO ISRC MATCH in Release_Track",and($B5<>"",countif('5) Release_Track'!$G:$G,$B5)=0),"NO CATALOG ID MATCH in Release_Track",iserror(vlookup($A5&$B5,'5) Release_Track'!$F:$F&'5) Release_Track'!$G:$G,1,0)),"NO ISRC-CATALOG ID pair MATCH in Release_Track" )} -> Receba | D5: {=ifs(and(isblank($A5),isblank($B5)),"", not(iserror(vlookup($A5&$B5,'5) Release_Track'!$F:$F&'5) Release_Track'!$G:$G,1,0))),vlookup($A5&$B5,{'5) Release_Track'!$F:$F&'5) Release_Track'!$G:$G,'5) Release_Track'!$I:$I},2,0), or(and(not(isblank($B5)),$B5=#REF!,$A5<>#REF!),and(not(isblank($A5)),$A5=#REF!,$B5<>#REF!)),"ID LISTS UNALIGNED",and($A5<>"",countif('5) Release_Track'!$F:$F,$A5)=0),"NO ISRC MATCH in Release_Track",and($B5<>"",countif('5) Release_Track'!$G:$G,$B5)=0),"NO CATALOG ID MATCH in Release_Track",iserror(vlookup($A5&$B5,'5) Release_Track'!$F:$F&'5) Release_Track'!$G:$G,1,0)),"NO ISRC-CATALOG ID pair MATCH in Release_Track" )} -> Extended | E5: Agnaldo Paulino de Jesus Júnior | F5: Composer & Lyricist | G5: 0.6 | H5: =if(isblank(G5),"",if(not(iserror(find("MATCH in ",D5))),D5,if(and(not(isblank($B5)),$B5=$B4,$A5<>$A4),"ID LISTS UNALIGNED",if(not(isblank($A5)),if($A5=$A4,G5+H4,G5),if($B5=$B4,G5+H4,G5))))) -> 0.6 | I5: Copyright control (self-published) | L5: ="insert into ComposerContent VALUES ((select max(ComposerId) from Composers where Name=N'"&SUBSTITUTE(trim(E5),"'","''")&"' and EnterpriseId="&EntId&"), "&G5*100&", "&if(ISBLANK(B5),"(select max(TrackId) from tracks where isrc='"&A5&"' and EnterpriseId="&EntId&")","(select max(TrackId) from Tracks where TrackVendorId='"&SUBSTITUTE(B5,"'","''")&"' and EnterpriseId="&EntId&")")&", null, 0, 0, "&if(I5<>"Published (managed by a publisher)", "null", "(select PublisherId from Publishers where name=N'"&SUBSTITUTE(trim(J5),"'","''")&"' and EnterpriseId="&EntId&")")&" , null, (select RightsId from MechanicalsRights where RightsName='"&SUBSTITUTE(I5,"'","''")&"'), null, null, (select RoleId from ContributorRoles where Name='"&F5&"'))" -> insert into ComposerContent VALUES ((select max(ComposerId) from Composers where Name=N'Agnaldo Paulino de Jesus Júnior' and EnterpriseId=414849), 60, (select max(TrackId) from tracks where isrc='QZW9M2221000' and EnterpriseId=414849), null, 0, 0, null , null, (select RightsId from MechanicalsRights where RightsName='Copyright control (self-published)'), null, null, (select RoleId from ContributorRoles where Name='Composer & Lyricist'))
A6: QZW9M2221000 | C6: {=ifs(and(isblank($A6),isblank($B6)),"", not(iserror(vlookup($A6&$B6,'5) Release_Track'!$F:$F&'5) Release_Track'!$G:$G,1,0))),vlookup($A6&$B6,{'5) Release_Track'!$F:$F&'5) Release_Track'!$G:$G,'5) Release_Track'!$H:$H},2,0), or(and(not(isblank($B6)),$B6=#REF!,$A6<>#REF!),and(not(isblank($A6)),$A6=#REF!,$B6<>#REF!)),"ID LISTS UNALIGNED",and($A6<>"",countif('5) Release_Track'!$F:$F,$A6)=0),"NO ISRC MATCH in Release_Track",and($B6<>"",countif('5) Release_Track'!$G:$G,$B6)=0),"NO CATALOG ID MATCH in Release_Track",iserror(vlookup($A6&$B6,'5) Release_Track'!$F:$F&'5) Release_Track'!$G:$G,1,0)),"NO ISRC-CATALOG ID pair MATCH in Release_Track" )} -> Receba | D6: {=ifs(and(isblank($A6),isblank($B6)),"", not(iserror(vlookup($A6&$B6,'5) Release_Track'!$F:$F&'5) Release_Track'!$G:$G,1,0))),vlookup($A6&$B6,{'5) Release_Track'!$F:$F&'5) Release_Track'!$G:$G,'5) Release_Track'!$I:$I},2,0), or(and(not(isblank($B6)),$B6=#REF!,$A6<>#REF!),and(not(isblank($A6)),$A6=#REF!,$B6<>#REF!)),"ID LISTS UNALIGNED",and($A6<>"",countif('5) Release_Track'!$F:$F,$A6)=0),"NO ISRC MATCH in Release_Track",and($B6<>"",countif('5) Release_Track'!$G:$G,$B6)=0),"NO CATALOG ID MATCH in Release_Track",iserror(vlookup($A6&$B6,'5) Release_Track'!$F:$F&'5) Release_Track'!$G:$G,1,0)),"NO ISRC-CATALOG ID pair MATCH in Release_Track" )} -> Extended | E6: Jackson Bertholdo Dos Santos | F6: Composer & Lyricist | G6: 0.4 | H6: =if(isblank(G6),"",if(not(iserror(find("MATCH in ",D6))),D6,if(and(not(isblank($B6)),$B6=$B5,$A6<>$A5),"ID LISTS UNALIGNED",if(not(isblank($A6)),if($A6=$A5,G6+H5,G6),if($B6=$B5,G6+H5,G6))))) -> 1 | I6: Copyright control (self-published) | L6: ="insert into ComposerContent VALUES ((select max(ComposerId) from Composers where Name=N'"&SUBSTITUTE(trim(E6),"'","''")&"' and EnterpriseId="&EntId&"), "&G6*100&", "&if(ISBLANK(B6),"(select max(TrackId) from tracks where isrc='"&A6&"' and EnterpriseId="&EntId&")","(select max(TrackId) from Tracks where TrackVendorId='"&SUBSTITUTE(B6,"'","''")&"' and EnterpriseId="&EntId&")")&", null, 0, 0, "&if(I6<>"Published (managed by a publisher)", "null", "(select PublisherId from Publishers where name=N'"&SUBSTITUTE(trim(J6),"'","''")&"' and EnterpriseId="&EntId&")")&" , null, (select RightsId from MechanicalsRights where RightsName='"&SUBSTITUTE(I6,"'","''")&"'), null, null, (select RoleId from ContributorRoles where Name='"&F6&"'))" -> insert into ComposerContent VALUES ((select max(ComposerId) from Composers where Name=N'Jackson Bertholdo Dos Santos' and EnterpriseId=414849), 40, (select max(TrackId) from tracks where isrc='QZW9M2221000' and EnterpriseId=414849), null, 0, 0, null , null, (select RightsId from MechanicalsRights where RightsName='Copyright control (self-published)'), null, null, (select RoleId from ContributorRoles where Name='Composer & Lyricist'))
A7: QZW9M2236571 | C7: {=ifs(and(isblank($A7),isblank($B7)),"", not(iserror(vlookup($A7&$B7,'5) Release_Track'!$F:$F&'5) Release_Track'!$G:$G,1,0))),vlookup($A7&$B7,{'5) Release_Track'!$F:$F&'5) Release_Track'!$G:$G,'5) Release_Track'!$H:$H},2,0), or(and(not(isblank($B7)),$B7=$B5,$A7<>$A5),and(not(isblank($A7)),$A7=$A5,$B7<>$B5)),"ID LISTS UNALIGNED",and($A7<>"",countif('5) Release_Track'!$F:$F,$A7)=0),"NO ISRC MATCH in Release_Track",and($B7<>"",countif('5) Release_Track'!$G:$G,$B7)=0),"NO CATALOG ID MATCH in Release_Track",iserror(vlookup($A7&$B7,'5) Release_Track'!$F:$F&'5) Release_Track'!$G:$G,1,0)),"NO ISRC-CATALOG ID pair MATCH in Release_Track" )} -> A Cláusula do Contrato | D7: {=ifs(and(isblank($A7),isblank($B7)),"", not(iserror(vlookup($A7&$B7,'5) Release_Track'!$F:$F&'5) Release_Track'!$G:$G,1,0))),vlookup($A7&$B7,{'5) Release_Track'!$F:$F&'5) Release_Track'!$G:$G,'5) Release_Track'!$I:$I},2,0), or(and(not(isblank($B7)),$B7=$B5,$A7<>$A5),and(not(isblank($A7)),$A7=$A5,$B7<>$B5)),"ID LISTS UNALIGNED",and($A7<>"",countif('5) Release_Track'!$F:$F,$A7)=0),"NO ISRC MATCH in Release_Track",and($B7<>"",countif('5) Release_Track'!$G:$G,$B7)=0),"NO CATALOG ID MATCH in Release_Track",iserror(vlookup($A7&$B7,'5) Release_Track'!$F:$F&'5) Release_Track'!$G:$G,1,0)),"NO ISRC-CATALOG ID pair MATCH in Release_Track" )} | E7: Jackson Bertholdo Dos Santos | F7: Composer & Lyricist | G7: 0.5 | H7: =if(isblank(G7),"",if(not(iserror(find("MATCH in ",D7))),D7,if(and(not(isblank($B7)),$B7=$B6,$A7<>$A6),"ID LISTS UNALIGNED",if(not(isblank($A7)),if($A7=$A6,G7+H6,G7),if($B7=$B6,G7+H6,G7))))) -> 0.5 | I7: Published (managed by a publisher) | J7: SONY ATV | L7: ="insert into ComposerContent VALUES ((select max(ComposerId) from Composers where Name=N'"&SUBSTITUTE(trim(E7),"'","''")&"' and EnterpriseId="&EntId&"), "&G7*100&", "&if(ISBLANK(B7),"(select max(TrackId) from tracks where isrc='"&A7&"' and EnterpriseId="&EntId&")","(select max(TrackId) from Tracks where TrackVendorId='"&SUBSTITUTE(B7,"'","''")&"' and EnterpriseId="&EntId&")")&", null, 0, 0, "&if(I7<>"Published (managed by a publisher)", "null", "(select PublisherId from Publishers where name=N'"&SUBSTITUTE(trim(J7),"'","''")&"' and EnterpriseId="&EntId&")")&" , null, (select RightsId from MechanicalsRights where RightsName='"&SUBSTITUTE(I7,"'","''")&"'), null, null, (select RoleId from ContributorRoles where Name='"&F7&"'))" -> insert into ComposerContent VALUES ((select max(ComposerId) from Composers where Name=N'Jackson Bertholdo Dos Santos' and EnterpriseId=414849), 50, (select max(TrackId) from tracks where isrc='QZW9M2236571' and EnterpriseId=414849), null, 0, 0, (select PublisherId from Publishers where name=N'SONY ATV' and EnterpriseId=414849) , null, (select RightsId from MechanicalsRights where RightsName='Published (managed by a publisher)'), null, null, (select RoleId from ContributorRoles where Name='Composer & Lyricist')) | M7: =VLOOKUP(A7,'9) Audio_Properties'!A:A,1,0) -> QZW9M2236571
A8: QZW9M2236571 | C8: {=ifs(and(isblank($A8),isblank($B8)),"", not(iserror(vlookup($A8&$B8,'5) Release_Track'!$F:$F&'5) Release_Track'!$G:$G,1,0))),vlookup($A8&$B8,{'5) Release_Track'!$F:$F&'5) Release_Track'!$G:$G,'5) Release_Track'!$H:$H},2,0), or(and(not(isblank($B8)),$B8=$B6,$A8<>$A6),and(not(isblank($A8)),$A8=$A6,$B8<>$B6)),"ID LISTS UNALIGNED",and($A8<>"",countif('5) Release_Track'!$F:$F,$A8)=0),"NO ISRC MATCH in Release_Track",and($B8<>"",countif('5) Release_Track'!$G:$G,$B8)=0),"NO CATALOG ID MATCH in Release_Track",iserror(vlookup($A8&$B8,'5) Release_Track'!$F:$F&'5) Release_Track'!$G:$G,1,0)),"NO ISRC-CATALOG ID pair MATCH in Release_Track" )} -> A Cláusula do Contrato | D8: {=ifs(and(isblank($A8),isblank($B8)),"", not(iserror(vlookup($A8&$B8,'5) Release_Track'!$F:$F&'5) Release_Track'!$G:$G,1,0))),vlookup($A8&$B8,{'5) Release_Track'!$F:$F&'5) Release_Track'!$G:$G,'5) Release_Track'!$I:$I},2,0), or(and(not(isblank($B8)),$B8=$B6,$A8<>$A6),and(not(isblank($A8)),$A8=$A6,$B8<>$B6)),"ID LISTS UNALIGNED",and($A8<>"",countif('5) Release_Track'!$F:$F,$A8)=0),"NO ISRC MATCH in Release_Track",and($B8<>"",countif('5) Release_Track'!$G:$G,$B8)=0),"NO CATALOG ID MATCH in Release_Track",iserror(vlookup($A8&$B8,'5) Release_Track'!$F:$F&'5) Release_Track'!$G:$G,1,0)),"NO ISRC-CATALOG ID pair MATCH in Release_Track" )} | E8: Agnaldo Paulino de Jesus Júnior | F8: Composer & Lyricist | G8: 0.5 | H8: =if(isblank(G8),"",if(not(iserror(find("MATCH in ",D8))),D8,if(and(not(isblank($B8)),$B8=$B7,$A8<>$A7),"ID LISTS UNALIGNED",if(not(isblank($A8)),if($A8=$A7,G8+H7,G8),if($B8=$B7,G8+H7,G8))))) -> 1 | I8: Published (managed by a publisher) | J8: WARNER CHAPPEL | L8: ="insert into ComposerContent VALUES ((select max(ComposerId) from Composers where Name=N'"&SUBSTITUTE(trim(E8),"'","''")&"' and EnterpriseId="&EntId&"), "&G8*100&", "&if(ISBLANK(B8),"(select max(TrackId) from tracks where isrc='"&A8&"' and EnterpriseId="&EntId&")","(select max(TrackId) from Tracks where TrackVendorId='"&SUBSTITUTE(B8,"'","''")&"' and EnterpriseId="&EntId&")")&", null, 0, 0, "&if(I8<>"Published (managed by a publisher)", "null", "(select PublisherId from Publishers where name=N'"&SUBSTITUTE(trim(J8),"'","''")&"' and EnterpriseId="&EntId&")")&" , null, (select RightsId from MechanicalsRights where RightsName='"&SUBSTITUTE(I8,"'","''")&"'), null, null, (select RoleId from ContributorRoles where Name='"&F8&"'))" -> insert into ComposerContent VALUES ((select max(ComposerId) from Composers where Name=N'Agnaldo Paulino de Jesus Júnior' and EnterpriseId=414849), 50, (select max(TrackId) from tracks where isrc='QZW9M2236571' and EnterpriseId=414849), null, 0, 0, (select PublisherId from Publishers where name=N'WARNER CHAPPEL' and EnterpriseId=414849) , null, (select RightsId from MechanicalsRights where RightsName='Published (managed by a publisher)'), null, null, (select RoleId from ContributorRoles where Name='Composer & Lyricist')) | M8: =VLOOKUP(A8,'9) Audio_Properties'!A:A,1,0) -> QZW9M2236571
C9: {=ifs(and(isblank($A9),isblank($B9)),"", not(iserror(vlookup($A9&$B9,'5) Release_Track'!$F:$F&'5) Release_Track'!$G:$G,1,0))),vlookup($A9&$B9,{'5) Release_Track'!$F:$F&'5) Release_Track'!$G:$G,'5) Release_Track'!$H:$H},2,0), or(and(not(isblank($B9)),$B9=$B8,$A9<>$A8),and(not(isblank($A9)),$A9=$A8,$B9<>$B8)),"ID LISTS UNALIGNED",and($A9<>"",countif('5) Release_Track'!$F:$F,$A9)=0),"NO ISRC MATCH in Release_Track",and($B9<>"",countif('5) Release_Track'!$G:$G,$B9)=0),"NO CATALOG ID MATCH in Release_Track",iserror(vlookup($A9&$B9,'5) Release_Track'!$F:$F&'5) Release_Track'!$G:$G,1,0)),"NO ISRC-CATALOG ID pair MATCH in Release_Track" )} | D9: {=ifs(and(isblank($A9),isblank($B9)),"", not(iserror(vlookup($A9&$B9,'5) Release_Track'!$F:$F&'5) Release_Track'!$G:$G,1,0))),vlookup($A9&$B9,{'5) Release_Track'!$F:$F&'5) Release_Track'!$G:$G,'5) Release_Track'!$I:$I},2,0), or(and(not(isblank($B9)),$B9=$B8,$A9<>$A8),and(not(isblank($A9)),$A9=$A8,$B9<>$B8)),"ID LISTS UNALIGNED",and($A9<>"",countif('5) Release_Track'!$F:$F,$A9)=0),"NO ISRC MATCH in Release_Track",and($B9<>"",countif('5) Release_Track'!$G:$G,$B9)=0),"NO CATALOG ID MATCH in Release_Track",iserror(vlookup($A9&$B9,'5) Release_Track'!$F:$F&'5) Release_Track'!$G:$G,1,0)),"NO ISRC-CATALOG ID pair MATCH in Release_Track" )} | H9: =if(isblank(G9),"",if(not(iserror(find("MATCH in ",D9))),D9,if(and(not(isblank($B9)),$B9=$B8,$A9<>$A8),"ID LISTS UNALIGNED",if(not(isblank($A9)),if($A9=$A8,G9+H8,G9),if($B9=$B8,G9+H8,G9)))))
C10: {=ifs(and(isblank($A10),isblank($B10)),"", not(iserror(vlookup($A10&$B10,'5) Release_Track'!$F:$F&'5) Release_Track'!$G:$G,1,0))),vlookup($A10&$B10,{'5) Release_Track'!$F:$F&'5) Release_Track'!$G:$G,'5) Release_Track'!$H:$H},2,0), or(and(not(isblank($B10)),$B10=$B9,$A10<>$A9),and(not(isblank($A10)),$A10=$A9,$B10<>$B9)),"ID LISTS UNALIGNED",and($A10<>"",countif('5) Release_Track'!$F:$F,$A10)=0),"NO ISRC MATCH in Release_Track",and($B10<>"",countif('5) Release_Track'!$G:$G,$B10)=0),"NO CATALOG ID MATCH in Release_Track",iserror(vlookup($A10&$B10,'5) Release_Track'!$F:$F&'5) Release_Track'!$G:$G,1,0)),"NO ISRC-CATALOG ID pair MATCH in Release_Track" )} | D10: {=ifs(and(isblank($A10),isblank($B10)),"", not(iserror(vlookup($A10&$B10,'5) Release_Track'!$F:$F&'5) Release_Track'!$G:$G,1,0))),vlookup($A10&$B10,{'5) Release_Track'!$F:$F&'5) Release_Track'!$G:$G,'5) Release_Track'!$I:$I},2,0), or(and(not(isblank($B10)),$B10=$B9,$A10<>$A9),and(not(isblank($A10)),$A10=$A9,$B10<>$B9)),"ID LISTS UNALIGNED",and($A10<>"",countif('5) Release_Track'!$F:$F,$A10)=0),"NO ISRC MATCH in Release_Track",and($B10<>"",countif('5) Release_Track'!$G:$G,$B10)=0),"NO CATALOG ID MATCH in Release_Track",iserror(vlookup($A10&$B10,'5) Release_Track'!$F:$F&'5) Release_Track'!$G:$G,1,0)),"NO ISRC-CATALOG ID pair MATCH in Release_Track" )} | H10: =if(isblank(G10),"",if(not(iserror(find("MATCH in ",D10))),D10,if(and(not(isblank($B10)),$B10=$B9,$A10<>$A9),"ID LISTS UNALIGNED",if(not(isblank($A10)),if($A10=$A9,G10+H9,G10),if($B10=$B9,G10+H9,G10)))))
C11: {=ifs(and(isblank($A11),isblank($B11)),"", not(iserror(vlookup($A11&$B11,'5) Release_Track'!$F:$F&'5) Release_Track'!$G:$G,1,0))),vlookup($A11&$B11,{'5) Release_Track'!$F:$F&'5) Release_Track'!$G:$G,'5) Release_Track'!$H:$H},2,0), or(and(not(isblank($B11)),$B11=$B10,$A11<>$A10),and(not(isblank($A11)),$A11=$A10,$B11<>$B10)),"ID LISTS UNALIGNED",and($A11<>"",countif('5) Release_Track'!$F:$F,$A11)=0),"NO ISRC MATCH in Release_Track",and($B11<>"",countif('5) Release_Track'!$G:$G,$B11)=0),"NO CATALOG ID MATCH in Release_Track",iserror(vlookup($A11&$B11,'5) Release_Track'!$F:$F&'5) Release_Track'!$G:$G,1,0)),"NO ISRC-CATALOG ID pair MATCH in Release_Track" )} | D11: {=ifs(and(isblank($A11),isblank($B11)),"", not(iserror(vlookup($A11&$B11,'5) Release_Track'!$F:$F&'5) Release_Track'!$G:$G,1,0))),vlookup($A11&$B11,{'5) Release_Track'!$F:$F&'5) Release_Track'!$G:$G,'5) Release_Track'!$I:$I},2,0), or(and(not(isblank($B11)),$B11=$B10,$A11<>$A10),and(not(isblank($A11)),$A11=$A10,$B11<>$B10)),"ID LISTS UNALIGNED",and($A11<>"",countif('5) Release_Track'!$F:$F,$A11)=0),"NO ISRC MATCH in Release_Track",and($B11<>"",countif('5) Release_Track'!$G:$G,$B11)=0),"NO CATALOG ID MATCH in Release_Track",iserror(vlookup($A11&$B11,'5) Release_Track'!$F:$F&'5) Release_Track'!$G:$G,1,0)),"NO ISRC-CATALOG ID pair MATCH in Release_Track" )} | H11: =if(isblank(G11),"",if(not(iserror(find("MATCH in ",D11))),D11,if(and(not(isblank($B11)),$B11=$B10,$A11<>$A10),"ID LISTS UNALIGNED",if(not(isblank($A11)),if($A11=$A10,G11+H10,G11),if($B11=$B10,G11+H10,G11)))))
C12: {=ifs(and(isblank($A12),isblank($B12)),"", not(iserror(vlookup($A12&$B12,'5) Release_Track'!$F:$F&'5) Release_Track'!$G:$G,1,0))),vlookup($A12&$B12,{'5) Release_Track'!$F:$F&'5) Release_Track'!$G:$G,'5) Release_Track'!$H:$H},2,0), or(and(not(isblank($B12)),$B12=$B11,$A12<>$A11),and(not(isblank($A12)),$A12=$A11,$B12<>$B11)),"ID LISTS UNALIGNED",and($A12<>"",countif('5) Release_Track'!$F:$F,$A12)=0),"NO ISRC MATCH in Release_Track",and($B12<>"",countif('5) Release_Track'!$G:$G,$B12)=0),"NO CATALOG ID MATCH in Release_Track",iserror(vlookup($A12&$B12,'5) Release_Track'!$F:$F&'5) Release_Track'!$G:$G,1,0)),"NO ISRC-CATALOG ID pair MATCH in Release_Track" )} | D12: {=ifs(and(isblank($A12),isblank($B12)),"", not(iserror(vlookup($A12&$B12,'5) Release_Track'!$F:$F&'5) Release_Track'!$G:$G,1,0))),vlookup($A12&$B12,{'5) Release_Track'!$F:$F&'5) Release_Track'!$G:$G,'5) Release_Track'!$I:$I},2,0), or(and(not(isblank($B12)),$B12=$B11,$A12<>$A11),and(not(isblank($A12)),$A12=$A11,$B12<>$B11)),"ID LISTS UNALIGNED",and($A12<>"",countif('5) Release_Track'!$F:$F,$A12)=0),"NO ISRC MATCH in Release_Track",and($B12<>"",countif('5) Release_Track'!$G:$G,$B12)=0),"NO CATALOG ID MATCH in Release_Track",iserror(vlookup($A12&$B12,'5) Release_Track'!$F:$F&'5) Release_Track'!$G:$G,1,0)),"NO ISRC-CATALOG ID pair MATCH in Release_Track" )} | H12: =if(isblank(G12),"",if(not(iserror(find("MATCH in ",D12))),D12,if(and(not(isblank($B12)),$B12=$B11,$A12<>$A11),"ID LISTS UNALIGNED",if(not(isblank($A12)),if($A12=$A11,G12+H11,G12),if($B12=$B11,G12+H11,G12)))))
C13: {=ifs(and(isblank($A13),isblank($B13)),"", not(iserror(vlookup($A13&$B13,'5) Release_Track'!$F:$F&'5) Release_Track'!$G:$G,1,0))),vlookup($A13&$B13,{'5) Release_Track'!$F:$F&'5) Release_Track'!$G:$G,'5) Release_Track'!$H:$H},2,0), or(and(not(isblank($B13)),$B13=$B12,$A13<>$A12),and(not(isblank($A13)),$A13=$A12,$B13<>$B12)),"ID LISTS UNALIGNED",and($A13<>"",countif('5) Release_Track'!$F:$F,$A13)=0),"NO ISRC MATCH in Release_Track",and($B13<>"",countif('5) Release_Track'!$G:$G,$B13)=0),"NO CATALOG ID MATCH in Release_Track",iserror(vlookup($A13&$B13,'5) Release_Track'!$F:$F&'5) Release_Track'!$G:$G,1,0)),"NO ISRC-CATALOG ID pair MATCH in Release_Track" )} | D13: {=ifs(and(isblank($A13),isblank($B13)),"", not(iserror(vlookup($A13&$B13,'5) Release_Track'!$F:$F&'5) Release_Track'!$G:$G,1,0))),vlookup($A13&$B13,{'5) Release_Track'!$F:$F&'5) Release_Track'!$G:$G,'5) Release_Track'!$I:$I},2,0), or(and(not(isblank($B13)),$B13=$B12,$A13<>$A12),and(not(isblank($A13)),$A13=$A12,$B13<>$B12)),"ID LISTS UNALIGNED",and($A13<>"",countif('5) Release_Track'!$F:$F,$A13)=0),"NO ISRC MATCH in Release_Track",and($B13<>"",countif('5) Release_Track'!$G:$G,$B13)=0),"NO CATALOG ID MATCH in Release_Track",iserror(vlookup($A13&$B13,'5) Release_Track'!$F:$F&'5) Release_Track'!$G:$G,1,0)),"NO ISRC-CATALOG ID pair MATCH in Release_Track" )} | H13: =if(isblank(G13),"",if(not(iserror(find("MATCH in ",D13))),D13,if(and(not(isblank($B13)),$B13=$B12,$A13<>$A12),"ID LISTS UNALIGNED",if(not(isblank($A13)),if($A13=$A12,G13+H12,G13),if($B13=$B12,G13+H12,G13)))))
C14: {=ifs(and(isblank($A14),isblank($B14)),"", not(iserror(vlookup($A14&$B14,'5) Release_Track'!$F:$F&'5) Release_Track'!$G:$G,1,0))),vlookup($A14&$B14,{'5) Release_Track'!$F:$F&'5) Release_Track'!$G:$G,'5) Release_Track'!$H:$H},2,0), or(and(not(isblank($B14)),$B14=$B13,$A14<>$A13),and(not(isblank($A14)),$A14=$A13,$B14<>$B13)),"ID LISTS UNALIGNED",and($A14<>"",countif('5) Release_Track'!$F:$F,$A14)=0),"NO ISRC MATCH in Release_Track",and($B14<>"",countif('5) Release_Track'!$G:$G,$B14)=0),"NO CATALOG ID MATCH in Release_Track",iserror(vlookup($A14&$B14,'5) Release_Track'!$F:$F&'5) Release_Track'!$G:$G,1,0)),"NO ISRC-CATALOG ID pair MATCH in Release_Track" )} | D14: {=ifs(and(isblank($A14),isblank($B14)),"", not(iserror(vlookup($A14&$B14,'5) Release_Track'!$F:$F&'5) Release_Track'!$G:$G,1,0))),vlookup($A14&$B14,{'5) Release_Track'!$F:$F&'5) Release_Track'!$G:$G,'5) Release_Track'!$I:$I},2,0), or(and(not(isblank($B14)),$B14=$B13,$A14<>$A13),and(not(isblank($A14)),$A14=$A13,$B14<>$B13)),"ID LISTS UNALIGNED",and($A14<>"",countif('5) Release_Track'!$F:$F,$A14)=0),"NO ISRC MATCH in Release_Track",and($B14<>"",countif('5) Release_Track'!$G:$G,$B14)=0),"NO CATALOG ID MATCH in Release_Track",iserror(vlookup($A14&$B14,'5) Release_Track'!$F:$F&'5) Release_Track'!$G:$G,1,0)),"NO ISRC-CATALOG ID pair MATCH in Release_Track" )} | H14: =if(isblank(G14),"",if(not(iserror(find("MATCH in ",D14))),D14,if(and(not(isblank($B14)),$B14=$B13,$A14<>$A13),"ID LISTS UNALIGNED",if(not(isblank($A14)),if($A14=$A13,G14+H13,G14),if($B14=$B13,G14+H13,G14)))))
C15: {=ifs(and(isblank($A15),isblank($B15)),"", not(iserror(vlookup($A15&$B15,'5) Release_Track'!$F:$F&'5) Release_Track'!$G:$G,1,0))),vlookup($A15&$B15,{'5) Release_Track'!$F:$F&'5) Release_Track'!$G:$G,'5) Release_Track'!$H:$H},2,0), or(and(not(isblank($B15)),$B15=$B14,$A15<>$A14),and(not(isblank($A15)),$A15=$A14,$B15<>$B14)),"ID LISTS UNALIGNED",and($A15<>"",countif('5) Release_Track'!$F:$F,$A15)=0),"NO ISRC MATCH in Release_Track",and($B15<>"",countif('5) Release_Track'!$G:$G,$B15)=0),"NO CATALOG ID MATCH in Release_Track",iserror(vlookup($A15&$B15,'5) Release_Track'!$F:$F&'5) Release_Track'!$G:$G,1,0)),"NO ISRC-CATALOG ID pair MATCH in Release_Track" )} | D15: {=ifs(and(isblank($A15),isblank($B15)),"", not(iserror(vlookup($A15&$B15,'5) Release_Track'!$F:$F&'5) Release_Track'!$G:$G,1,0))),vlookup($A15&$B15,{'5) Release_Track'!$F:$F&'5) Release_Track'!$G:$G,'5) Release_Track'!$I:$I},2,0), or(and(not(isblank($B15)),$B15=$B14,$A15<>$A14),and(not(isblank($A15)),$A15=$A14,$B15<>$B14)),"ID LISTS UNALIGNED",and($A15<>"",countif('5) Release_Track'!$F:$F,$A15)=0),"NO ISRC MATCH in Release_Track",and($B15<>"",countif('5) Release_Track'!$G:$G,$B15)=0),"NO CATALOG ID MATCH in Release_Track",iserror(vlookup($A15&$B15,'5) Release_Track'!$F:$F&'5) Release_Track'!$G:$G,1,0)),"NO ISRC-CATALOG ID pair MATCH in Release_Track" )} | H15: =if(isblank(G15),"",if(not(iserror(find("MATCH in ",D15))),D15,if(and(not(isblank($B15)),$B15=$B14,$A15<>$A14),"ID LISTS UNALIGNED",if(not(isblank($A15)),if($A15=$A14,G15+H14,G15),if($B15=$B14,G15+H14,G15)))))
C16: {=ifs(and(isblank($A16),isblank($B16)),"", not(iserror(vlookup($A16&$B16,'5) Release_Track'!$F:$F&'5) Release_Track'!$G:$G,1,0))),vlookup($A16&$B16,{'5) Release_Track'!$F:$F&'5) Release_Track'!$G:$G,'5) Release_Track'!$H:$H},2,0), or(and(not(isblank($B16)),$B16=$B15,$A16<>$A15),and(not(isblank($A16)),$A16=$A15,$B16<>$B15)),"ID LISTS UNALIGNED",and($A16<>"",countif('5) Release_Track'!$F:$F,$A16)=0),"NO ISRC MATCH in Release_Track",and($B16<>"",countif('5) Release_Track'!$G:$G,$B16)=0),"NO CATALOG ID MATCH in Release_Track",iserror(vlookup($A16&$B16,'5) Release_Track'!$F:$F&'5) Release_Track'!$G:$G,1,0)),"NO ISRC-CATALOG ID pair MATCH in Release_Track" )} | D16: {=ifs(and(isblank($A16),isblank($B16)),"", not(iserror(vlookup($A16&$B16,'5) Release_Track'!$F:$F&'5) Release_Track'!$G:$G,1,0))),vlookup($A16&$B16,{'5) Release_Track'!$F:$F&'5) Release_Track'!$G:$G,'5) Release_Track'!$I:$I},2,0), or(and(not(isblank($B16)),$B16=$B15,$A16<>$A15),and(not(isblank($A16)),$A16=$A15,$B16<>$B15)),"ID LISTS UNALIGNED",and($A16<>"",countif('5) Release_Track'!$F:$F,$A16)=0),"NO ISRC MATCH in Release_Track",and($B16<>"",countif('5) Release_Track'!$G:$G,$B16)=0),"NO CATALOG ID MATCH in Release_Track",iserror(vlookup($A16&$B16,'5) Release_Track'!$F:$F&'5) Release_Track'!$G:$G,1,0)),"NO ISRC-CATALOG ID pair MATCH in Release_Track" )} | H16: =if(isblank(G16),"",if(not(iserror(find("MATCH in ",D16))),D16,if(and(not(isblank($B16)),$B16=$B15,$A16<>$A15),"ID LISTS UNALIGNED",if(not(isblank($A16)),if($A16=$A15,G16+H15,G16),if($B16=$B15,G16+H15,G16)))))
C17: {=ifs(and(isblank($A17),isblank($B17)),"", not(iserror(vlookup($A17&$B17,'5) Release_Track'!$F:$F&'5) Release_Track'!$G:$G,1,0))),vlookup($A17&$B17,{'5) Release_Track'!$F:$F&'5) Release_Track'!$G:$G,'5) Release_Track'!$H:$H},2,0), or(and(not(isblank($B17)),$B17=$B16,$A17<>$A16),and(not(isblank($A17)),$A17=$A16,$B17<>$B16)),"ID LISTS UNALIGNED",and($A17<>"",countif('5) Release_Track'!$F:$F,$A17)=0),"NO ISRC MATCH in Release_Track",and($B17<>"",countif('5) Release_Track'!$G:$G,$B17)=0),"NO CATALOG ID MATCH in Release_Track",iserror(vlookup($A17&$B17,'5) Release_Track'!$F:$F&'5) Release_Track'!$G:$G,1,0)),"NO ISRC-CATALOG ID pair MATCH in Release_Track" )} | D17: {=ifs(and(isblank($A17),isblank($B17)),"", not(iserror(vlookup($A17&$B17,'5) Release_Track'!$F:$F&'5) Release_Track'!$G:$G,1,0))),vlookup($A17&$B17,{'5) Release_Track'!$F:$F&'5) Release_Track'!$G:$G,'5) Release_Track'!$I:$I},2,0), or(and(not(isblank($B17)),$B17=$B16,$A17<>$A16),and(not(isblank($A17)),$A17=$A16,$B17<>$B16)),"ID LISTS UNALIGNED",and($A17<>"",countif('5) Release_Track'!$F:$F,$A17)=0),"NO ISRC MATCH in Release_Track",and($B17<>"",countif('5) Release_Track'!$G:$G,$B17)=0),"NO CATALOG ID MATCH in Release_Track",iserror(vlookup($A17&$B17,'5) Release_Track'!$F:$F&'5) Release_Track'!$G:$G,1,0)),"NO ISRC-CATALOG ID pair MATCH in Release_Track" )} | H17: =if(isblank(G17),"",if(not(iserror(find("MATCH in ",D17))),D17,if(and(not(isblank($B17)),$B17=$B16,$A17<>$A16),"ID LISTS UNALIGNED",if(not(isblank($A17)),if($A17=$A16,G17+H16,G17),if($B17=$B16,G17+H16,G17)))))
C18: {=ifs(and(isblank($A18),isblank($B18)),"", not(iserror(vlookup($A18&$B18,'5) Release_Track'!$F:$F&'5) Release_Track'!$G:$G,1,0))),vlookup($A18&$B18,{'5) Release_Track'!$F:$F&'5) Release_Track'!$G:$G,'5) Release_Track'!$H:$H},2,0), or(and(not(isblank($B18)),$B18=$B17,$A18<>$A17),and(not(isblank($A18)),$A18=$A17,$B18<>$B17)),"ID LISTS UNALIGNED",and($A18<>"",countif('5) Release_Track'!$F:$F,$A18)=0),"NO ISRC MATCH in Release_Track",and($B18<>"",countif('5) Release_Track'!$G:$G,$B18)=0),"NO CATALOG ID MATCH in Release_Track",iserror(vlookup($A18&$B18,'5) Release_Track'!$F:$F&'5) Release_Track'!$G:$G,1,0)),"NO ISRC-CATALOG ID pair MATCH in Release_Track" )} | D18: {=ifs(and(isblank($A18),isblank($B18)),"", not(iserror(vlookup($A18&$B18,'5) Release_Track'!$F:$F&'5) Release_Track'!$G:$G,1,0))),vlookup($A18&$B18,{'5) Release_Track'!$F:$F&'5) Release_Track'!$G:$G,'5) Release_Track'!$I:$I},2,0), or(and(not(isblank($B18)),$B18=$B17,$A18<>$A17),and(not(isblank($A18)),$A18=$A17,$B18<>$B17)),"ID LISTS UNALIGNED",and($A18<>"",countif('5) Release_Track'!$F:$F,$A18)=0),"NO ISRC MATCH in Release_Track",and($B18<>"",countif('5) Release_Track'!$G:$G,$B18)=0),"NO CATALOG ID MATCH in Release_Track",iserror(vlookup($A18&$B18,'5) Release_Track'!$F:$F&'5) Release_Track'!$G:$G,1,0)),"NO ISRC-CATALOG ID pair MATCH in Release_Track" )} | H18: =if(isblank(G18),"",if(not(iserror(find("MATCH in ",D18))),D18,if(and(not(isblank($B18)),$B18=$B17,$A18<>$A17),"ID LISTS UNALIGNED",if(not(isblank($A18)),if($A18=$A17,G18+H17,G18),if($B18=$B17,G18+H17,G18)))))
C19: {=ifs(and(isblank($A19),isblank($B19)),"", not(iserror(vlookup($A19&$B19,'5) Release_Track'!$F:$F&'5) Release_Track'!$G:$G,1,0))),vlookup($A19&$B19,{'5) Release_Track'!$F:$F&'5) Release_Track'!$G:$G,'5) Release_Track'!$H:$H},2,0), or(and(not(isblank($B19)),$B19=$B18,$A19<>$A18),and(not(isblank($A19)),$A19=$A18,$B19<>$B18)),"ID LISTS UNALIGNED",and($A19<>"",countif('5) Release_Track'!$F:$F,$A19)=0),"NO ISRC MATCH in Release_Track",and($B19<>"",countif('5) Release_Track'!$G:$G,$B19)=0),"NO CATALOG ID MATCH in Release_Track",iserror(vlookup($A19&$B19,'5) Release_Track'!$F:$F&'5) Release_Track'!$G:$G,1,0)),"NO ISRC-CATALOG ID pair MATCH in Release_Track" )} | D19: {=ifs(and(isblank($A19),isblank($B19)),"", not(iserror(vlookup($A19&$B19,'5) Release_Track'!$F:$F&'5) Release_Track'!$G:$G,1,0))),vlookup($A19&$B19,{'5) Release_Track'!$F:$F&'5) Release_Track'!$G:$G,'5) Release_Track'!$I:$I},2,0), or(and(not(isblank($B19)),$B19=$B18,$A19<>$A18),and(not(isblank($A19)),$A19=$A18,$B19<>$B18)),"ID LISTS UNALIGNED",and($A19<>"",countif('5) Release_Track'!$F:$F,$A19)=0),"NO ISRC MATCH in Release_Track",and($B19<>"",countif('5) Release_Track'!$G:$G,$B19)=0),"NO CATALOG ID MATCH in Release_Track",iserror(vlookup($A19&$B19,'5) Release_Track'!$F:$F&'5) Release_Track'!$G:$G,1,0)),"NO ISRC-CATALOG ID pair MATCH in Release_Track" )} | H19: =if(isblank(G19),"",if(not(iserror(find("MATCH in ",D19))),D19,if(and(not(isblank($B19)),$B19=$B18,$A19<>$A18),"ID LISTS UNALIGNED",if(not(isblank($A19)),if($A19=$A18,G19+H18,G19),if($B19=$B18,G19+H18,G19)))))
C20: {=ifs(and(isblank($A20),isblank($B20)),"", not(iserror(vlookup($A20&$B20,'5) Release_Track'!$F:$F&'5) Release_Track'!$G:$G,1,0))),vlookup($A20&$B20,{'5) Release_Track'!$F:$F&'5) Release_Track'!$G:$G,'5) Release_Track'!$H:$H},2,0), or(and(not(isblank($B20)),$B20=$B19,$A20<>$A19),and(not(isblank($A20)),$A20=$A19,$B20<>$B19)),"ID LISTS UNALIGNED",and($A20<>"",countif('5) Release_Track'!$F:$F,$A20)=0),"NO ISRC MATCH in Release_Track",and($B20<>"",countif('5) Release_Track'!$G:$G,$B20)=0),"NO CATALOG ID MATCH in Release_Track",iserror(vlookup($A20&$B20,'5) Release_Track'!$F:$F&'5) Release_Track'!$G:$G,1,0)),"NO ISRC-CATALOG ID pair MATCH in Release_Track" )} | D20: {=ifs(and(isblank($A20),isblank($B20)),"", not(iserror(vlookup($A20&$B20,'5) Release_Track'!$F:$F&'5) Release_Track'!$G:$G,1,0))),vlookup($A20&$B20,{'5) Release_Track'!$F:$F&'5) Release_Track'!$G:$G,'5) Release_Track'!$I:$I},2,0), or(and(not(isblank($B20)),$B20=$B19,$A20<>$A19),and(not(isblank($A20)),$A20=$A19,$B20<>$B19)),"ID LISTS UNALIGNED",and($A20<>"",countif('5) Release_Track'!$F:$F,$A20)=0),"NO ISRC MATCH in Release_Track",and($B20<>"",countif('5) Release_Track'!$G:$G,$B20)=0),"NO CATALOG ID MATCH in Release_Track",iserror(vlookup($A20&$B20,'5) Release_Track'!$F:$F&'5) Release_Track'!$G:$G,1,0)),"NO ISRC-CATALOG ID pair MATCH in Release_Track" )} | H20: =if(isblank(G20),"",if(not(iserror(find("MATCH in ",D20))),D20,if(and(not(isblank($B20)),$B20=$B19,$A20<>$A19),"ID LISTS UNALIGNED",if(not(isblank($A20)),if($A20=$A19,G20+H19,G20),if($B20=$B19,G20+H19,G20)))))
... C547: {=ifs(and(isblank($A547),isblank($B547)),"", not(iserror(vlookup($A547&$B547,'5) Release_Track'!$F:$F&'5) Release_Track'!$G:$G,1,0))),vlookup($A547&$B547,{'5) Release_Track'!$F:$F&'5) Release_Track'!$G:$G,'5) Release_Track'!$H:$H},2,0), or(and(not(isblank($B547)),$B547=$B546,$A547<>$A546),and(not(isblank($A547)),$A547=$A546,$B547<>$B546)),"ID LISTS UNALIGNED",and($A547<>"",countif('5) Release_Track'!$F:$F,$A547)=0),"NO ISRC MATCH in Release_Track",and($B547<>"",countif('5) Release_Track'!$G:$G,$B547)=0),"NO CATALOG ID MATCH in Release_Track",iserror(vlookup($A547&$B547,'5) Release_Track'!$F:$F&'5) Release_Track'!$G:$G,1,0)),"NO ISRC-CATALOG ID pair MATCH in Release_Track" )} | D547: {=ifs(and(isblank($A547),isblank($B547)),"", not(iserror(vlookup($A547&$B547,'5) Release_Track'!$F:$F&'5) Release_Track'!$G:$G,1,0))),vlookup($A547&$B547,{'5) Release_Track'!$F:$F&'5) Release_Track'!$G:$G,'5) Release_Track'!$I:$I},2,0), or(and(not(isblank($B547)),$B547=$B546,$A547<>$A546),and(not(isblank($A547)),$A547=$A546,$B547<>$B546)),"ID LISTS UNALIGNED",and($A547<>"",countif('5) Release_Track'!$F:$F,$A547)=0),"NO ISRC MATCH in Release_Track",and($B547<>"",countif('5) Release_Track'!$G:$G,$B547)=0),"NO CATALOG ID MATCH in Release_Track",iserror(vlookup($A547&$B547,'5) Release_Track'!$F:$F&'5) Release_Track'!$G:$G,1,0)),"NO ISRC-CATALOG ID pair MATCH in Release_Track" )} | H547: =if(isblank(G547),"",if(not(iserror(find("MATCH in ",D547))),D547,if(and(not(isblank($B547)),$B547=$B546,$A547<>$A546),"ID LISTS UNALIGNED",if(not(isblank($A547)),if($A547=$A546,G547+H546,G547),if($B547=$B546,G547+H546,G547)))))

Sheet 9) Audio_Properties
A1: =IFERROR(__xludf.DUMMYFUNCTION("COUNTUNIQUE(A5:A711)-'5) Release_Track'!F1"),0.0) -> 0 | B1: =IFERROR(__xludf.DUMMYFUNCTION("COUNTUNIQUE(B5:B711)-'5) Release_Track'!G1"),0.0) -> 0 | C1: = FILLED AUTOMATICALLY IF CODES/IDS MATCH | E1: = READ NOTES / INSTRUCTIONS | H1: = REQUIRED FIELD
A2: TRACK LEVEL - Special Audio Properties<>ISRC/ID: Relates to the track's recording, meaning its master metadata. (Multiple options can be selected for each track)
A3: ISRC/vISRC | B3: CATALOG TRACK ID | C3: TRACK TITLE | D3: TRACK VERSION | G3: SPECIAL AUDIO PROPERTIES
A4: from Release_Track tab | B4: from Release_Track tab | C4: auto-fills if Track Code/Id matches Code/Id in Release_Track tab | E4: REMIX or DERIVATIVE | F4: SAMPLES or STOCK | G4: MIx or COMPILATION | H4: ALTERNATE VERSION | I4: SPECIAL GENRE | J4: NON MUSICAL CONTENT | K4: INCLUDES AI | L4: NONE APPLY
A5: QZW9M2221000 | C5: {=ifs(and(isblank($A5),isblank($B5)),"", not(iserror(vlookup($A5&$B5,'5) Release_Track'!$F:$F&'5) Release_Track'!$G:$G,1,0))),vlookup($A5&$B5,{'5) Release_Track'!$F:$F&'5) Release_Track'!$G:$G,'5) Release_Track'!$H:$H},2,0), or(and(not(isblank($B5)),$B5=#REF!,$A5<>#REF!),and(not(isblank($A5)),$A5=#REF!,$B5<>#REF!)),"ID LISTS UNALIGNED",and($A5<>"",countif('5) Release_Track'!$F:$F,$A5)=0),"NO ISRC MATCH in Release_Track",and($B5<>"",countif('5) Release_Track'!$G:$G,$B5)=0),"NO CATALOG ID MATCH in Release_Track",iserror(vlookup($A5&$B5,'5) Release_Track'!$F:$F&'5) Release_Track'!$G:$G,1,0)),"NO ISRC-CATALOG ID pair MATCH in Release_Track" )} -> Receba | D5: {=ifs(and(isblank($A5),isblank($B5)),"", not(iserror(vlookup($A5&$B5,'5) Release_Track'!$F:$F&'5) Release_Track'!$G:$G,1,0))),vlookup($A5&$B5,{'5) Release_Track'!$F:$F&'5) Release_Track'!$G:$G,'5) Release_Track'!$I:$I},2,0), or(and(not(isblank($B5)),$B5=#REF!,$A5<>#REF!),and(not(isblank($A5)),$A5=#REF!,$B5<>#REF!)),"ID LISTS UNALIGNED",and($A5<>"",countif('5) Release_Track'!$F:$F,$A5)=0),"NO ISRC MATCH in Release_Track",and($B5<>"",countif('5) Release_Track'!$G:$G,$B5)=0),"NO CATALOG ID MATCH in Release_Track",iserror(vlookup($A5&$B5,'5) Release_Track'!$F:$F&'5) Release_Track'!$G:$G,1,0)),"NO ISRC-CATALOG ID pair MATCH in Release_Track" )} -> Extended | E5: FALSE | F5: FALSE | G5: FALSE | H5: FALSE | I5: FALSE | J5: FALSE | K5: FALSE | L5: TRUE | M5: {=sort(if(countif($A$5:$A711&$B$5:$B711,'5) Release_Track'!$F$5:$F711&'5) Release_Track'!$G$5:$G711)=0,'5) Release_Track'!$F$5:$F711&" "&'5) Release_Track'!$G$5:$G711,))}
A6: QZW9M2236571 | C6: {=ifs(and(isblank($A6),isblank($B6)),"", not(iserror(vlookup($A6&$B6,'5) Release_Track'!$F:$F&'5) Release_Track'!$G:$G,1,0))),vlookup($A6&$B6,{'5) Release_Track'!$F:$F&'5) Release_Track'!$G:$G,'5) Release_Track'!$H:$H},2,0), or(and(not(isblank($B6)),$B6=$B5,$A6<>$A5),and(not(isblank($A6)),$A6=$A5,$B6<>$B5)),"ID LISTS UNALIGNED",and($A6<>"",countif('5) Release_Track'!$F:$F,$A6)=0),"NO ISRC MATCH in Release_Track",and($B6<>"",countif('5) Release_Track'!$G:$G,$B6)=0),"NO CATALOG ID MATCH in Release_Track",iserror(vlookup($A6&$B6,'5) Release_Track'!$F:$F&'5) Release_Track'!$G:$G,1,0)),"NO ISRC-CATALOG ID pair MATCH in Release_Track" )} -> A Cláusula do Contrato | D6: {=ifs(and(isblank($A6),isblank($B6)),"", not(iserror(vlookup($A6&$B6,'5) Release_Track'!$F:$F&'5) Release_Track'!$G:$G,1,0))),vlookup($A6&$B6,{'5) Release_Track'!$F:$F&'5) Release_Track'!$G:$G,'5) Release_Track'!$I:$I},2,0), or(and(not(isblank($B6)),$B6=$B5,$A6<>$A5),and(not(isblank($A6)),$A6=$A5,$B6<>$B5)),"ID LISTS UNALIGNED",and($A6<>"",countif('5) Release_Track'!$F:$F,$A6)=0),"NO ISRC MATCH in Release_Track",and($B6<>"",countif('5) Release_Track'!$G:$G,$B6)=0),"NO CATALOG ID MATCH in Release_Track",iserror(vlookup($A6&$B6,'5) Release_Track'!$F:$F&'5) Release_Track'!$G:$G,1,0)),"NO ISRC-CATALOG ID pair MATCH in Release_Track" )} | E6: FALSE | F6: FALSE | G6: FALSE | H6: FALSE | I6: FALSE | J6: FALSE | K6: FALSE | L6: TRUE

Sheet Sample Data
A1: Sample Data
A2: 1) Artists list
A3: =IFERROR(__xludf.DUMMYFUNCTION("COUNTUNIQUE(A7:A126)-if(COUNTIF('4) Release_Artist(s)'!E:E, ""Various Artists"")>0,0,1)"),37.0) -> 37 | B3: List all Artists to Import | C3: =IFERROR(__xludf.DUMMYFUNCTION("COUNTUNIQUE(C7:C126)"),11.0) -> 11 | D3: =IFERROR(__xludf.DUMMYFUNCTION("COUNTUNIQUE(D7:D126)"),13.0) -> 13
A4: = REQUIRED FIELD | B4: = OPTIONAL FIELD | D4: = READ NOTES / INSTRUCTIONS
A5: Artist Name | B5: Artist Image url | C5: Apple ArtistId | D5: Spotify Artist URI
A6: Written EXACTLY as per label copy | B6: public URL triggering DIRECT DOWNLOAD of file | C6: Enter Artist's AppleId or 'NEW'=new AppleId | D6: Enter Artist's Spotify URI link or 'NEW'=new Spotify URI link
A7: Bob Dylan | B7: https://artlistdata.blob.core.windows.net/artlist-artistpage/Assaf_Ayalon_-_P_-_3000.jpg
A8: The Doors
A10: 2) Labels list
A11: List all Labels to Import | B11: =IFERROR(__xludf.DUMMYFUNCTION("COUNTUNIQUE(A15:A126)"),33.0) -> 33
A12: = REQUIRED FIELD
A13: Label Name | B13: Duplicate Names
A14: Written EXACTLY as per label copy | B14: 0
A15: Epic
A17: 3) Release_Label
A18: =IFERROR(__xludf.DUMMYFUNCTION("COUNTUNIQUE(A22:A126)"),28.0) -> 28 | B18: = REQUIRED FIELD | C18: =IFERROR(__xludf.DUMMYFUNCTION("COUNTUNIQUE(B22:B126)"),13.0) -> 13 | D18: =IFERROR(__xludf.DUMMYFUNCTION("COUNTUNIQUE(D22:D126)"),10.0) -> 10 | E18: =IFERROR(__xludf.DUMMYFUNCTION("COUNTUNIQUE(E22:E126)"),23.0) -> 23 | F18: = READ NOTES / INSTRUCTIONS | G18: =COUNTA(F22:F126) -> 30 | H18: = OPTIONAL | I18: =countif(I22:I126,"Video") -> 0 | M18: = REQUIRED FIELD | N18: = OPTIONAL
A19: RELEASE LEVEL - Label<>UPC/ID
A20: LABEL | B20: RELEASE IMAGE URL | C20: IMAGE TYPE | D20: UPC / EAN / JAN | E20: CATALOG RELEASE ID | F20: RELEASE TITLE | G20: TITLE LANGUAGE | H20: RELEASE VERSION | I20: RELEASE TYPE | J20: (P) Copyright | L20: (C) Copyright | N20: ORIGINAL RELEASE DATE | O20: GENRE 1 | P20: GENRE 2
A21: (select from Labels list, start typing or drag) | B21: public URL triggering DIRECT DOWNLOAD of file (required if distributing content) | C21: jpeg / jpg ONLY | D21: UPC: 12 digits EAN: 13 digits blank if no code yet | E21: Internal Ref. ID required if no code yet | F21: Written EXACTLY as per label copy (no version, type or contributor info) | G21: (select from list, start typing or drag) | H21: If applicable | I21: (select from list, start typing or drag) | J21: Year | K21: Holder | L21: Year | M21: Holder | N21: YYYY-MM-DD | O21: Genre (select from list, start typing or drag) | P21: Other/Sub-genre (select from list, start typing or drag)
A22: Epic | B22: https://artlistdata.blob.core.windows.net/artlist-images/Soul_Salvation_-_3000_-_18.6.19.jpg | C22: jpg | D22: 194492001536 | E22: 1503 | F22: Soul Salvation | G22: English | I22: Single | J22: 2019 | K22: Artlist Original | L22: 2019 | M22: Artlist Original | O22: Indie Rock
A24: 4) Release_Artist(s)
A25: 0 | B25: 0 | C25: = FILLED AUTOMATICALLY IF CODES/IDS MATCH | E25: =IFERROR(__xludf.DUMMYFUNCTION("COUNTUNIQUE(E29:E126)"),20.0) -> 20 | F25: = REQUIRED FIELD | G25: = READ NOTES / INSTRUCTIONS
A26: RELEASE LEVEL - Artist<>UPC/ID : One Arist per row. If a Release has multiple Artists, add the same Release Code/ID to a new row for each Artist.
A27: UPC / EAN / JAN | B27: CATALOG RELEASE ID | C27: RELEASE TITLE | D27: RELEASE VERSION | E27: ARTIST | F27: ARTIST ROLE | G27: =countif(F:F,"Primary - Top")-#REF! -> #REF!
A28: from Release_Label tab | B28: from Release_Label tab | C28: auto-fills if Release Code/Id matches Code/Id in Release_Label tab | E28: ONE ARTIST PER ROW select from Artists list, start typing or drag If compilation: Various Artists | F28: (select from list, start typing or drag) | G28: filter(A:B,F:F="Primary - Top")
A29: 194492001536 | B29: 1503 | C29: =if(and(isblank($A29),isblank($B29)),"", if(and(not(isblank($B29)),$B29=$B28,$A29<>$A28),"ID LISTS UNALIGNED",if(not(isblank($A29)),ifna(VLOOKUP($A29,D$22:F$22,3,false),"NO UPC MATCH in Release_Label"),ifna(VLOOKUP($B29,E$22:H$22,2,false),"NO CATALOG ID MATCH in Release_Label") ))) -> Soul Salvation | D29: =if(and(isblank($A29),isblank($B29)),"", if(and(not(isblank($B29)),$B29=$B28,$A29<>$A28),"ID LISTS UNALIGNED",if(not(isblank($A29)),ifna(VLOOKUP($A29,$D$22:$H$22,5,false),"NO UPC MATCH in Release_Label"),ifna(VLOOKUP($B29,$E$22:$H$22,4,false),"NO CATALOG ID MATCH in Release_Label") ))) | E29: Bob Dylan | F29: Primary - Top
A30: 194492001536 | B30: 1503 | C30: =if(and(isblank($A30),isblank($B30)),"", if(and(not(isblank($B30)),$B30=$B29,$A30<>$A29),"ID LISTS UNALIGNED",if(not(isblank($A30)),ifna(VLOOKUP($A30,D$22:F$22,3,false),"NO UPC MATCH in Release_Label"),ifna(VLOOKUP($B30,E$22:H$22,2,false),"NO CATALOG ID MATCH in Release_Label") ))) -> Soul Salvation | D30: =if(and(isblank($A30),isblank($B30)),"", if(and(not(isblank($B30)),$B30=$B29,$A30<>$A29),"ID LISTS UNALIGNED",if(not(isblank($A30)),ifna(VLOOKUP($A30,$D$22:$H$22,5,false),"NO UPC MATCH in Release_Label"),ifna(VLOOKUP($B30,$E$22:$H$22,4,false),"NO CATALOG ID MATCH in Release_Label") ))) | E30: The Doors | F30: Featuring
A32: 5) Release_Track
A33: 0 | B33: 0 | C33: = FILLED AUTOMATICALLY IF CODES/IDS MATCH | E33: =count(E37:E126) -> 7 | F33: =IFERROR(__xludf.DUMMYFUNCTION("COUNTUNIQUE(F37:F126)"),13.0) -> 13 | G33: =IFERROR(__xludf.DUMMYFUNCTION("COUNTUNIQUE(G37:G126)"),14.0) -> 14 | H33: = READ NOTES / INSTRUCTIONS | I33: = OPTIONAL | J33: = REQUIRED FIELD | M33: =IFERROR(__xludf.DUMMYFUNCTION("COUNTUNIQUE(M37:M126)"),3.0) -> 3 | N33: =COUNTA(N37:N126) -> 3
A34: TRACK LEVEL - UPC/ID<>ISRC/ID
A35: UPC / EAN / JAN | B35: CATALOG RELEASE ID | C35: RELEASE TITLE | D35: RELEASE VERSION | E35: TRACK | F35: ISRC | G35: CATALOG TRACK ID | H35: TRACK TITLE | I35: TRACK VERSION | J35: LANGUAGE OF LYRICS | K35: EXPLICIT | L35: TYPE | M35: AUDIO FILE URL | N35: AUDIO TYPE | O35: TRACK PREVIEW
A36: from Release_Label tab | B36: from Release_Label tab | C36: auto-fills if Release Code/Id matches Code/Id in Release_Label tab | E36: NUMBER | F36: CCXXXYY##### blank if no ISRC yet | G36: Internal Ref. ID required if no ISRC/vISRC | H36: Written EXACTLY as per label copy (no version, type or contributor info) | I36: If applicable | J36: (select from list, start typing or drag) If no lyrics, select Instrumental | K36: YES / NO | L36: Original / Public Domain | M36: public URL triggering audio file DOWNLOAD | N36: wav / flac ONLY | O36: Preview Start Time (in seconds)
A37: 194492001536 | B37: 1503 | C37: =if(and(isblank($A37),isblank($B37)),"", if(and(not(isblank($B37)),$B37=$B36,$A37<>$A36),"ID LISTS UNALIGNED",if(not(isblank($A37)),ifna(VLOOKUP($A37,D$22:F$22,3,false),"NO UPC MATCH in Release_Label"),ifna(VLOOKUP($B37,E$22:H$22,2,false),"NO CATALOG ID MATCH in Release_Label") ))) -> Soul Salvation | D37: =if(and(isblank($A37),isblank($B37)),"", if(and(not(isblank($B37)),$B37=$B36,$A37<>$A36),"ID LISTS UNALIGNED",if(not(isblank($A37)),ifna(VLOOKUP($A37,$D$22:$H$22,5,false),"NO UPC MATCH in Release_Label"),ifna(VLOOKUP($B37,$E$22:$H$22,4,false),"NO CATALOG ID MATCH in Release_Label") ))) | E37: =if(and(isblank($A37),isblank($B37)),"",if(not(iserror(find("MATCH in ",D37))),D37,if(and(not(isblank($B37)),$B37=$B36,$A37<>$A36),"ID LISTS UNALIGNED",if(not(isblank($A37)),if($A37=$A36,1+E36,1),if($B37=$B36,1+E36,1))))) -> 1 | F37: IL6651901116 | G37: 13296 | H37: Soul Salvation | J37: English | K37: NO | L37: Original | M37: https://artlistdata.blob.core.windows.net/artlist-wave/Soul_Salvation_-_Soul_Salvation_-_Master_(16-44.1).wav | N37: wav | O37: 70
A38: 194492001536 | B38: 1503 | C38: =if(and(isblank($A38),isblank($B38)),"", if(and(not(isblank($B38)),$B38=$B37,$A38<>$A37),"ID LISTS UNALIGNED",if(not(isblank($A38)),ifna(VLOOKUP($A38,D$22:F$22,3,false),"NO UPC MATCH in Release_Label"),ifna(VLOOKUP($B38,E$22:H$22,2,false),"NO CATALOG ID MATCH in Release_Label") ))) -> Soul Salvation | D38: =if(and(isblank($A38),isblank($B38)),"", if(and(not(isblank($B38)),$B38=$B37,$A38<>$A37),"ID LISTS UNALIGNED",if(not(isblank($A38)),ifna(VLOOKUP($A38,$D$22:$H$22,5,false),"NO UPC MATCH in Release_Label"),ifna(VLOOKUP($B38,$E$22:$H$22,4,false),"NO CATALOG ID MATCH in Release_Label") ))) | E38: =if(and(isblank($A38),isblank($B38)),"",if(not(iserror(find("MATCH in ",D38))),D38,if(and(not(isblank($B38)),$B38=$B37,$A38<>$A37),"ID LISTS UNALIGNED",if(not(isblank($A38)),if($A38=$A37,1+E37,1),if($B38=$B37,1+E37,1))))) -> 2 | F38: IL6651901117 | G38: 13295 | H38: Soul Salvation | I38: Instrumental | J38: Instrumental | K38: NO | L38: Original | M38: https://artlistdata.blob.core.windows.net/artlist-wave/Soul_Salvation_-_Soul_Salvation_-_Instrumental_-_Master_(16-44.1).wav | N38: wav | O38: 100
A39: 194492001536 | B39: 1503 | C39: =if(and(isblank($A39),isblank($B39)),"", if(and(not(isblank($B39)),$B39=$B38,$A39<>$A38),"ID LISTS UNALIGNED",if(not(isblank($A39)),ifna(VLOOKUP($A39,D$22:F$22,3,false),"NO UPC MATCH in Release_Label"),ifna(VLOOKUP($B39,E$22:H$22,2,false),"NO CATALOG ID MATCH in Release_Label") ))) -> Soul Salvation | D39: =if(and(isblank($A39),isblank($B39)),"", if(and(not(isblank($B39)),$B39=$B38,$A39<>$A38),"ID LISTS UNALIGNED",if(not(isblank($A39)),ifna(VLOOKUP($A39,$D$22:$H$22,5,false),"NO UPC MATCH in Release_Label"),ifna(VLOOKUP($B39,$E$22:$H$22,4,false),"NO CATALOG ID MATCH in Release_Label") ))) | E39: =if(and(isblank($A39),isblank($B39)),"",if(not(iserror(find("MATCH in ",D39))),D39,if(and(not(isblank($B39)),$B39=$B38,$A39<>$A38),"ID LISTS UNALIGNED",if(not(isblank($A39)),if($A39=$A38,1+E38,1),if($B39=$B38,1+E38,1))))) -> 3 | F39: IL6651901128 | G39: 13452 | H39: Going Back | I39: Instrumental | J39: Instrumental | K39: NO | L39: Original | M39: https://artlistdata.blob.core.windows.net/artlist-wave/Soul_Salvation_-_Going_Back_(16-44.1).wav | N39: flac | O39: 100
A41: 6) Track_Artist(s)
A42: 0 | B42: 0 | C42: = FILLED AUTOMATICALLY IF CODES/IDS MATCH | E42: =IFERROR(__xludf.DUMMYFUNCTION("COUNTUNIQUE(E46:E126)"),11.0) -> 11 | F42: = REQUIRED FIELD | G42: = READ NOTES / INSTRUCTIONS
A43: TRACK LEVEL - Artist<>ISRC/ID: One Arist per row. If a Track has multiple Artists, add the same Track ISRC/ID to a new row for each Artist.
A44: ISRC | B44: CATALOG TRACK ID | C44: TRACK TITLE | D44: TRACK VERSION | E44: ARTIST | F44: ARTIST ROLE | G44: =IFERROR(__xludf.DUMMYFUNCTION("countif(F:F,""Primary - Top"")-arrayformula(COUNTUNIQUE('5) Release_Track'!F7:F126&'5) Release_Track'!G7:G126))"),4.0) -> 4
A45: from Release_Track tab | B45: from Release_Track tab | C45: auto-fills if Track Code/Id matches Code/Id in Release_Track tab | E45: ONE ARTIST PER ROW select from Artists list, start typing or drag | F45: (select from list, start typing or drag) | G45: filter(A:B,F:F="Primary - Top")
A46: IL6651901116 | B46: 13296 | C46: Soul Salvation | D46: =if(and(isblank($A46),isblank($B46)),"", if(and(not(isblank($B46)),$B46=$B45,$A46<>$A45),"ID LISTS UNALIGNED",if(not(isblank($A46)),ifna(VLOOKUP($A46,$F$37:$I$39,4,false),"NO ISRC MATCH in Release_Track"),ifna(VLOOKUP($B46,$G$37:$I$39,2,false),"NO CATALOG ID MATCH in Release_Track") ))) | E46: Bob Dylan | F46: Primary - Top
A47: IL6651901116 | B47: 13296 | C47: Soul Salvation | D47: =if(and(isblank($A47),isblank($B47)),"", if(and(not(isblank($B47)),$B47=$B46,$A47<>$A46),"ID LISTS UNALIGNED",if(not(isblank($A47)),ifna(VLOOKUP($A47,$F$37:$I$39,4,false),"NO ISRC MATCH in Release_Track"),ifna(VLOOKUP($B47,$G$37:$I$39,2,false),"NO CATALOG ID MATCH in Release_Track") ))) | E47: The Doors | F47: Featuring
A48: IL6651901117 | B48: 13295 | C48: Soul Salvation | D48: =if(and(isblank($A48),isblank($B48)),"", if(and(not(isblank($B48)),$B48=$B47,$A48<>$A47),"ID LISTS UNALIGNED",if(not(isblank($A48)),ifna(VLOOKUP($A48,$F$37:$I$39,4,false),"NO ISRC MATCH in Release_Track"),ifna(VLOOKUP($B48,$G$37:$I$39,2,false),"NO CATALOG ID MATCH in Release_Track") ))) -> Instrumental | E48: Bob Dylan | F48: Primary - Top
A49: IL6651901128 | B49: 13452 | C49: Going Back | D49: =if(and(isblank($A49),isblank($B49)),"", if(and(not(isblank($B49)),$B49=$B48,$A49<>$A48),"ID LISTS UNALIGNED",if(not(isblank($A49)),ifna(VLOOKUP($A49,$F$37:$I$39,4,false),"NO ISRC MATCH in Release_Track"),ifna(VLOOKUP($B49,$G$37:$I$39,2,false),"NO CATALOG ID MATCH in Release_Track") ))) -> Instrumental | E49: Bob Dylan | F49: Primary - Top
A51: 7) Comp Contributor/Publisher lists
A52: List all Composition Parties to Import | B52: =IFERROR(__xludf.DUMMYFUNCTION("COUNTUNIQUE(A56:A126)"),12.0) -> 12 | D52: List all Compostion Publishers to Import | E52: =IFERROR(__xludf.DUMMYFUNCTION("COUNTUNIQUE(D56:D126)"),4.0) -> 4
A53: = REQUIRED FIELD | B53: Duplicate Names | D53: = READ NOTES / INSTRUCTIONS | E53: Duplicate Names
A54: Composition Contributor | B54: 0 | D54: Publisher Name | E54: 0
