Workbook
Name EntId: '1) Artists list'!$H$1
Name CompContributor: '7) Comp ContributorPublisher li'!$A$5:$A$1001
Name TrackProperties: 'Reference info'!$R$3:$R$10
Name ReleaseType: 'Reference info'!$G$3:$G$7
Name Language: 'Reference info'!$K$3:$K$418
Name Publishing: 'Reference info'!$O$3:$O$5
Name ArtistRole: 'Reference info'!$J$3:$J$430
Name CompositionRole: 'Reference info'!$Q$3:$Q$14
Name Label: '2) Labels list'!$A$5:$A$999
Name Genre: 'Reference info'!$H$3:$H$419
Name Publisher: '7) Comp ContributorPublisher li'!$G$5:$G$1001
Name Artist: '1) Artists list'!$A$5:$A$999
Name TenantId: '1) Artists list'!$J$2

Sheet Introduction
B1: INTRODUCTION
A2: 1) | B2: Please make a copy of the master document in order to start filling it out. Make a copy by going to: File > Make a copy
A3: 2) | B3: Rename this document by replacing "MASTER" with your company name.
B7: You can also add anyone else from your team as needed.
B9: • Please fill out the catalog insert tabs enumerated in this spreadsheet by following the instructions in the corresponding fields and reading any applicable notes throughout
B10: • A black triangle in the top right corner of a cell means that there is a note — mouse over it to read it
B11: • If you are importing catalog metadata for reporting purposes only, then you only need to complete fields marked as REQUIRED as well as any UPC/ISRC or ID fields through tab 6
B13: Use the 'Sample Data' tab for additional guidance
B15: NOTE: Batch importing new catalog from the worksheet is generally not available on an ongoing basis so be sure all releases and tracks for import are included in the worksheet beforehand.
B16: After the initial import, adding catalog is meant to be done from the frontend of your account (or with the API if you are on an API plan). There are liable to be additional fees if the worksheet is to be used for new catalog after the initial import.
B18: • We DO NOT support importing files from Google Drive
B21: NO DSP sale reports should be uploaded and reporting feeds should NOT be set up until the account's catalog has been finalized, which includes the following steps:
B22: • ALL EXISTING catalog content has been imported
B23: • ALL catalog Delivery/Ingestion FEEDS have been DISABLED
B24: • Existing catalog has been validated (based on catalog export from account)
... B30: • Delete ALL error matching rules

Sheet 1) Artists list
A1: =IFERROR(__xludf.DUMMYFUNCTION("COUNTUNIQUE(A5:A999)-if(COUNTIF('4) Release_Artist(s)'!E:E, ""Various Artists"")>0,0,1)"),47.0) -> 47 | B1: List all Artists to Import | C1: =IFERROR(__xludf.DUMMYFUNCTION("COUNTUNIQUE(C5:C999)"),47.0) -> 47 | D1: =IFERROR(__xludf.DUMMYFUNCTION("COUNTUNIQUE(D5:D999)"),47.0) -> 47 | E1: =IFERROR(__xludf.DUMMYFUNCTION("COUNTUNIQUE(E5:E999)"),0.0) -> 0 | F1: =IFERROR(__xludf.DUMMYFUNCTION("COUNTUNIQUE(F5:F999)"),0.0) -> 0 | G1: =IFERROR(__xludf.DUMMYFUNCTION("COUNTUNIQUE(G5:G999)"),0.0) -> 0 | H1: =IFERROR(__xludf.DUMMYFUNCTION("COUNTUNIQUE(B5:B999)"),0.0) -> 0 | I1: EnterpriseId= | J1: 693619
A2: = REQUIRED FIELD | B2: = OPTIONAL FIELD | D2: = READ NOTES / INSTRUCTIONS | F2: = OPTIONAL FIELD | H2: =countif(B5:B999,"<>""")-countif(B5:B999,"") -> 0 | I2: TenantId= | J2: 332920
A3: Artist Name | B3: Artist Image url | C3: Apple ArtistId | D3: Spotify Artist URI | E3: Meta ArtistId | F3: SoundCloud ProfileId | G3: ISNI | I3: Duplicate Names
A4: Written EXACTLY as per label copy | B4: public URL triggering DIRECT DOWNLOAD of file | C4: Enter Artist's AppleId or 'NEW'=new AppleId | D4: Enter Artist's Spotify URI link or 'NEW'=new Spotify URI link | E4: Facebook Audio Library & Rights Manager ArtistId | F4: SoundCloud Artist Username | I4: =IFERROR(__xludf.DUMMYFUNCTION("counta(A5:A999)-COUNTUNIQUE(A5:A999)"),0.0) -> 0
A5: Ranjit Bawa | C5: 999098231 | D5: spotify:artist:6pU5oz09VUYtnFTd4P1Mxn | I5: =IFERROR(__xludf.DUMMYFUNCTION("if(B5="""","""",""insert into Images VALUES (NEWID(),'""&REGEXREPLACE(A5,""[^[:alnum:]]"","""")&EntId&H5&""', '""&H5&""', getdate(), 0, null, '""&trim(B5)&""', 0, getdate(), null, null)"")"),"")
A6: Sunidhi Chauhan | C6: 14291650 | D6: spotify:artist:3eDT9fwXKuHWFvgZaaYC5v
A7: Gurmoh | C7: 591803144 | D7: spotify:artist:3mgciNhvc5PbGOjbmfcU2s
A8: Amrinder Gill | C8: 205696074 | D8: spotify:artist:1x02ug1CLkx7mrQP9FRswh
A9: Jatinder Shah | C9: 442638980 | D9: spotify:artist:4vGVzTMuXsO1vb5YA8vKEr
A10: Nimrat Khaira | C10: 1043132330 | D10: spotify:artist:0ea0y5ZxnN5TbEDzNtx5Fk
A11: Ammy Virk | C11: 492592838 | D11: spotify:artist:2RlWC7XKizSOsZ8F3uGi59
A12: Gurshabad | C12: 1042246708 | D12: spotify:artist:557gXmWZK1P5T3yNLjvLXP
A13: Tarsem Jassar | C13: 598287173 | D13: spotify:artist:67XQGZSc63AMXMINY8H7Fx
A14: R. Guru | C14: 1490004980 | D14: spotify:artist:2LKgaY0VVvgyQniOk6JA3V
A15: Bir Singh | C15: 1088182751 | D15: spotify:artist:6Su06O6MCxKJXOtxkM8iBi
A16: Satta Vairowalia | C16: 1017611432 | D16: spotify:artist:6NXhW9mHzDrkMl3SfFoCuG
A17: Gurpreet Maan | C17: 935676399 | D17: spotify:artist:5ukG4Kfwgbpt2oUWWTKNTM
... A51: B Praak | C51: 747872156 | D51: spotify:artist:56SjZARoEvag3RoKWIb16j
A999: Various Artists

Sheet 2) Labels list
A1: List all Labels to Import | B1: =IFERROR(__xludf.DUMMYFUNCTION("COUNTUNIQUE(A5:A999)"),1.0) -> 1
A2: = REQUIRED FIELD | B2: Duplicate Names
A3: Label Name | B3: =IFERROR(__xludf.DUMMYFUNCTION("counta(A5:A999)-COUNTUNIQUE(A5:A999)"),0.0) -> 0
A4: Written EXACTLY as per label copy
A5: Rhythm Boyz

Sheet 3) Release_Label
A1: =IFERROR(__xludf.DUMMYFUNCTION("COUNTUNIQUE(A5:A996)"),1.0) -> 1 | B1: = REQUIRED FIELD | C1: =IFERROR(__xludf.DUMMYFUNCTION("COUNTUNIQUE(B5:B996)"),71.0) -> 71 | D1: =IFERROR(__xludf.DUMMYFUNCTION("COUNTUNIQUE(D5:D996)"),71.0) -> 71 | E1: =IFERROR(__xludf.DUMMYFUNCTION("COUNTUNIQUE(E5:E996)"),0.0) -> 0 | F1: = READ NOTES / INSTRUCTIONS | G1: =COUNTA(F5:F996) -> 71 | H1: = OPTIONAL | I1: =countif(I5:I996,"Video")+countif(I5:I996,"Ringtone") -> 0 | M1: = REQUIRED FIELD | N1: = OPTIONAL
A2: RELEASE LEVEL - Label<>UPC/ID
A3: LABEL | B3: COVER IMAGE URL | C3: IMAGE TYPE | D3: UPC / EAN / JAN | E3: CATALOG RELEASE ID | F3: RELEASE TITLE | G3: TITLE LANGUAGE | H3: RELEASE VERSION | I3: RELEASE TYPE | J3: (P) Copyright | L3: (C) Copyright | N3: ORIGINAL RELEASE DATE | O3: GENRE 1 | P3: GENRE 2
A4: (select from Labels list, start typing or drag) | B4: public URL triggering DIRECT DOWNLOAD of file (10 MB max) required if distributing content | C4: jpeg / jpg ONLY | D4: UPC: 12 digits EAN: 13 digits blank if no code yet | E4: Internal Ref. ID required if no code yet | F4: Written EXACTLY as per label copy (no version, type or contributor info) | G4: (select from list, start typing or drag) | H4: If applicable | I4: (select from list, start typing or drag) | J4: Year | K4: Holder | L4: Year | M4: Holder | N4: YYYY-MM-DD | O4: (select from list, start typing or drag) | P4: (select from list, start typing or drag)
A5: Rhythm Boyz | B5: https://www.dropbox.com/scl/fi/qufijuq6phjyuq27sgstf/9995964332174.jpg?rlkey=wbd7ow19kc9yjnzje9xip5sok&st=ejmpczbx&dl=1 | C5: jpg | D5: 9995964332174 | F5: Aakad (From "Bhalwan Singh" Soundtrack) | G5: Punjabi | J5: 2017 | K5: Rhythm Boyz | L5: 2017 | M5: Rhythm Boyz | N5: 43029 | O5: Punjabi
A6: Rhythm Boyz | B6: https://www.dropbox.com/scl/fi/jk53oygv0mtn5g0z4ph2q/9995964356132.jpg?rlkey=cnw9bgvu42zneygn88zu9y25k&st=kukw5670&dl=1 | C6: jpg | D6: 9995964356132 | F6: Aisi Taisi (From "Golak Bugni Bank Te Batua" Soundtrack) | G6: Punjabi | J6: 2018 | K6: Rhythm Boyz | L6: 2018 | M6: Rhythm Boyz | N6: 43186 | O6: Punjabi
A7: Rhythm Boyz | B7: https://www.dropbox.com/scl/fi/ooqoh3adyfd75t3fp8b8f/9995964330651.jpg?rlkey=i3ia0ggccao5jx3v1xm2ds9gx&st=jp53xlf8&dl=1 | C7: jpg | D7: 9995964330651 | F7: Akhar - Female Version (From "Lahoriye" Soundtrack) | G7: Punjabi | J7: 2017 | K7: Rhythm Boyz | L7: 2017 | M7: Rhythm Boyz | N7: 43013 | O7: Punjabi
A8: Rhythm Boyz | B8: https://www.dropbox.com/scl/fi/kl3plq1efi0h99ig931pi/9995964330088.jpg?rlkey=ljx8c2idx1y64f1agfxabpj8d&st=gdpx78pq&dl=1 | C8: jpg | D8: 9995964330088 | F8: Akhar (From "Lahoriye" Soundtrack) | G8: Punjabi | J8: 2017 | K8: Rhythm Boyz | L8: 2017 | M8: Rhythm Boyz | N8: 42815 | O8: Punjabi
A9: Rhythm Boyz | B9: https://www.dropbox.com/scl/fi/9clnttcj5jh46hdnem2yf/9995964312657.jpg?rlkey=6a2gv031koqn7lab2xhbpstaz&st=5qrd9q82&dl=1 | C9: jpg | D9: 9995964312657 | F9: Angrej (Original Motion Picture Soundtrack) | G9: Punjabi | J9: 2015 | K9: Rhythm Boyz | L9: 2015 | M9: Rhythm Boyz | N9: 42208 | O9: Punjabi
A10: Rhythm Boyz | B10: https://www.dropbox.com/scl/fi/qu9mon6dhf6zcd9nf9u8j/9995964321390.jpg?rlkey=gh1yqcjqd6tndpkoltu0d0bsj&st=4fodrmi1&dl=1 | C10: jpg | D10: 9995964321390 | F10: Bambukat (From "Bambukat" Soundtrack) | G10: Punjabi | J10: 2016 | K10: Rhythm Boyz | L10: 2016 | M10: Rhythm Boyz | N10: 42578 | O10: Punjabi
A11: Rhythm Boyz | B11: https://www.dropbox.com/scl/fi/5obuv3byyzpudqegm9jem/9995964330187.jpg?rlkey=6ircnk2t5wpgozit6qdyvug5d&st=kqit24nw&dl=1 | C11: jpg | D11: 9995964330187 | F11: Chann Ve | G11: Punjabi | J11: 2017 | K11: Rhythm Boyz | L11: 2017 | M11: Rhythm Boyz | N11: 42824 | O11: Punjabi
A12: Rhythm Boyz | B12: https://www.dropbox.com/scl/fi/v2ej6tz1ohnn9yzgo0nfg/9995964330446.jpg?rlkey=fj0gio1t6j8557388vocmiciv&st=p4p8aqe3&dl=1 | C12: jpg | D12: 9995964330446 | F12: Chunni (From "Lahoriye" Soundtrack) | G12: Punjabi | J12: 2017 | K12: Rhythm Boyz | L12: 2017 | M12: Rhythm Boyz | N12: 42848 | O12: Punjabi
A13: Rhythm Boyz | B13: https://www.dropbox.com/scl/fi/cwnf46zcvczf2vgkpl1i8/9995964357078.jpg?rlkey=3v5943hxc8x37zndmkav2xyyh&st=lme4npqz&dl=1 | C13: jpg | D13: 9995964357078 | F13: Daana Paani - Title Song (From "Daana Paani" Soundtrack) | G13: Punjabi | J13: 2018 | K13: Rhythm Boyz | L13: 2018 | M13: Rhythm Boyz | N13: 43286 | O13: Punjabi
A14: Rhythm Boyz | B14: https://www.dropbox.com/scl/fi/h7aax7ov58o7p2o5u9oxp/9995964357016.jpg?rlkey=bwegzrcmkipujshp1nftrux4m&st=bep1drs0&dl=1 | C14: jpg | D14: 9995964357016 | F14: Daana Paani (From "Daana Paani" Soundtrack) | G14: Punjabi | J14: 2018 | K14: Rhythm Boyz | L14: 2018 | M14: Rhythm Boyz | N14: 43105 | O14: Punjabi
A15: Rhythm Boyz | B15: https://www.dropbox.com/scl/fi/5jwtx12fg73gb30md8itr/9995964332198.jpg?rlkey=a1at9qaz0izecnw7xc6wxmosb&st=sg9a4blk&dl=1 | C15: jpg | D15: 9995964332198 | F15: Dil Di Dua (From "Bhalwan Singh" Soundtrack) | G15: Punjabi | J15: 2017 | K15: Rhythm Boyz | L15: 2017 | M15: Rhythm Boyz | N15: 43031 | O15: Punjabi
A16: Rhythm Boyz | B16: https://www.dropbox.com/scl/fi/ko30g71pn0qpbl4y8i68v/9995964321710.jpg?rlkey=jun4sw5svvh55ypuurnia559t&st=841t61xv&dl=1 | C16: jpg | D16: 9995964321710 | F16: Geetkariyan | G16: Punjabi | J16: 2016 | K16: Rhythm Boyz | L16: 2016 | M16: Rhythm Boyz | N16: 42600 | O16: Punjabi
... A75: Rhythm Boyz | B75: https://www.dropbox.com/scl/fi/c5wehe6pilb75qcb31hdc/9999552111417.jpg?rlkey=n01eo7wlj1hrhu3wojo0901mc&st=yr73bn1l&dl=1 | C75: jpg | D75: 9999552111417 | F75: Doubt | G75: Punjabi | J75: 2020 | K75: Rhythm Boyz | L75: 2020 | M75: Rhythm Boyz | N75: 44047 | O75: Punjabi

Sheet 4) Release_Artist(s)
A1: =IFERROR(__xludf.DUMMYFUNCTION("COUNTUNIQUE(A5:A926)-'3) Release_Label'!D1"),0.0) -> 0 | B1: =IFERROR(__xludf.DUMMYFUNCTION("COUNTUNIQUE(B5:B926)-'3) Release_Label'!E1"),0.0) -> 0 | C1: = FILLED AUTOMATICALLY IF CODES/IDS MATCH | E1: =IFERROR(__xludf.DUMMYFUNCTION("COUNTUNIQUE(E5:E926)"),45.0) -> 45 | F1: = REQUIRED FIELD | G1: =countif(F:F,"Main Primary Artist")-'3) Release_Label'!G1 -> 0 | H1: = READ NOTES / INSTRUCTIONS
A2: RELEASE LEVEL - Artist<>UPC/ID : One Arist per row. If a Release has multiple Artists, add the same Release Code/ID to a new row for each Artist.
A3: UPC / EAN / JAN | B3: CATALOG RELEASE ID | C3: RELEASE TITLE | D3: RELEASE VERSION | E3: ARTIST | F3: ARTIST ROLE | G3: ARTIST ROLE CATEGORY | H3: =IFERROR(__xludf.DUMMYFUNCTION("if(iserror(filter(A:B,G:G=""Producer & Engineer"")),0, countunique(filter(A:B,G:G=""Producer & Engineer"")))-'3) Release_Label'!G1"),0.0) -> 0
A4: from Release_Label tab | B4: from Release_Label tab | C4: auto-fills if Release Code/Id matches Code/Id in Release_Label tab | E4: ONE ARTIST PER ROW select from Artists list, start typing or drag If compilation: Various Artists | F4: (select from list, start typing or drag) | G4: artist category auto-fills based on artist role | H4: =IFERROR(__xludf.DUMMYFUNCTION("if(iserror(filter(A:B,G:G=""Performer"")),0, countunique(filter(A:B,G:G=""Performer"")))-'3) Release_Label'!G1"),-71.0) -> -71
A5: 9995964332174 | C5: {=ifs(and(isblank($A5),isblank($B5)),"", not(iserror(vlookup($A5&$B5,'3) Release_Label'!$D:$D&'3) Release_Label'!$E:$E,1,0))),vlookup($A5&$B5,{'3) Release_Label'!$D:$D&'3) Release_Label'!$E:$E,'3) Release_Label'!$F:$F},2,0), or(and(not(isblank($B5)),$B5=$B4,$A5<>$A4),and(not(isblank($A5)),$A5=$A4,$B5<>$B4)),"ID LISTS UNALIGNED",and($A5<>"",countif('3) Release_Label'!$D:$D,$A5)=0),"NO UPC MATCH in Release_Label",and($B5<>"",countif('3) Release_Label'!$E:$E,$B5)=0),"NO CATALOG ID MATCH in Release_Label",iserror(vlookup($A5&$B5,'3) Release_Label'!$D:$D&'3) Release_Label'!$E:$E,1,0)),"NO UPC-CATALOG ID pair MATCH in Release_Label" )} -> Aakad (From "Bhalwan Singh" Soundtrack) | D5: {=ifs(and(isblank($A5),isblank($B5)),"", not(iserror(vlookup($A5&$B5,'3) Release_Label'!$D:$D&'3) Release_Label'!$E:$E,1,0))),vlookup($A5&$B5,{'3) Release_Label'!$D:$D&'3) Release_Label'!$E:$E,'3) Release_Label'!$H:$H},2,0), or(and(not(isblank($B5)),$B5=$B4,$A5<>$A4),and(not(isblank($A5)),$A5=$A4,$B5<>$B4)),"ID LISTS UNALIGNED",and($A5<>"",countif('3) Release_Label'!$D:$D,$A5)=0),"NO UPC MATCH in Release_Label",and($B5<>"",countif('3) Release_Label'!$E:$E,$B5)=0),"NO CATALOG ID MATCH in Release_Label",iserror(vlookup($A5&$B5,'3) Release_Label'!$D:$D&'3) Release_Label'!$E:$E,1,0)),"NO UPC-CATALOG ID pair MATCH in Release_Label" )} | E5: Ranjit Bawa | F5: Main Primary Artist | G5: {=ifs(or($F5="",$F5="Main Primary Artist"),$F5,not(iserror(vlookup($F5,'Reference info'!$J$5:$J$8,1,0))),"Key Artist",not(iserror(vlookup($F5,'Reference info'!$J$38:$J$405,1,0))),"Performer",not(iserror(vlookup($F5,'Reference info'!$J$10:$J$36,1,0))),"Producer & Engineer")} -> Main Primary Artist
A6: 9995964332174 | C6: {=ifs(and(isblank($A6),isblank($B6)),"", not(iserror(vlookup($A6&$B6,'3) Release_Label'!$D:$D&'3) Release_Label'!$E:$E,1,0))),vlookup($A6&$B6,{'3) Release_Label'!$D:$D&'3) Release_Label'!$E:$E,'3) Release_Label'!$F:$F},2,0), or(and(not(isblank($B6)),$B6=$B5,$A6<>$A5),and(not(isblank($A6)),$A6=$A5,$B6<>$B5)),"ID LISTS UNALIGNED",and($A6<>"",countif('3) Release_Label'!$D:$D,$A6)=0),"NO UPC MATCH in Release_Label",and($B6<>"",countif('3) Release_Label'!$E:$E,$B6)=0),"NO CATALOG ID MATCH in Release_Label",iserror(vlookup($A6&$B6,'3) Release_Label'!$D:$D&'3) Release_Label'!$E:$E,1,0)),"NO UPC-CATALOG ID pair MATCH in Release_Label" )} -> Aakad (From "Bhalwan Singh" Soundtrack) | D6: {=ifs(and(isblank($A6),isblank($B6)),"", not(iserror(vlookup($A6&$B6,'3) Release_Label'!$D:$D&'3) Release_Label'!$E:$E,1,0))),vlookup($A6&$B6,{'3) Release_Label'!$D:$D&'3) Release_Label'!$E:$E,'3) Release_Label'!$H:$H},2,0), or(and(not(isblank($B6)),$B6=$B5,$A6<>$A5),and(not(isblank($A6)),$A6=$A5,$B6<>$B5)),"ID LISTS UNALIGNED",and($A6<>"",countif('3) Release_Label'!$D:$D,$A6)=0),"NO UPC MATCH in Release_Label",and($B6<>"",countif('3) Release_Label'!$E:$E,$B6)=0),"NO CATALOG ID MATCH in Release_Label",iserror(vlookup($A6&$B6,'3) Release_Label'!$D:$D&'3) Release_Label'!$E:$E,1,0)),"NO UPC-CATALOG ID pair MATCH in Release_Label" )} | E6: Sunidhi Chauhan | F6: Primary Artist | G6: {=ifs(or($F6="",$F6="Main Primary Artist"),$F6,not(iserror(vlookup($F6,'Reference info'!$J$5:$J$8,1,0))),"Key Artist",not(iserror(vlookup($F6,'Reference info'!$J$38:$J$405,1,0))),"Performer",not(iserror(vlookup($F6,'Reference info'!$J$10:$J$36,1,0))),"Producer & Engineer")} -> Key Artist
A7: 9995964332174 | C7: {=ifs(and(isblank($A7),isblank($B7)),"", not(iserror(vlookup($A7&$B7,'3) Release_Label'!$D:$D&'3) Release_Label'!$E:$E,1,0))),vlookup($A7&$B7,{'3) Release_Label'!$D:$D&'3) Release_Label'!$E:$E,'3) Release_Label'!$F:$F},2,0), or(and(not(isblank($B7)),$B7=$B6,$A7<>$A6),and(not(isblank($A7)),$A7=$A6,$B7<>$B6)),"ID LISTS UNALIGNED",and($A7<>"",countif('3) Release_Label'!$D:$D,$A7)=0),"NO UPC MATCH in Release_Label",and($B7<>"",countif('3) Release_Label'!$E:$E,$B7)=0),"NO CATALOG ID MATCH in Release_Label",iserror(vlookup($A7&$B7,'3) Release_Label'!$D:$D&'3) Release_Label'!$E:$E,1,0)),"NO UPC-CATALOG ID pair MATCH in Release_Label" )} -> Aakad (From "Bhalwan Singh" Soundtrack) | D7: {=ifs(and(isblank($A7),isblank($B7)),"", not(iserror(vlookup($A7&$B7,'3) Release_Label'!$D:$D&'3) Release_Label'!$E:$E,1,0))),vlookup($A7&$B7,{'3) Release_Label'!$D:$D&'3) Release_Label'!$E:$E,'3) Release_Label'!$H:$H},2,0), or(and(not(isblank($B7)),$B7=$B6,$A7<>$A6),and(not(isblank($A7)),$A7=$A6,$B7<>$B6)),"ID LISTS UNALIGNED",and($A7<>"",countif('3) Release_Label'!$D:$D,$A7)=0),"NO UPC MATCH in Release_Label",and($B7<>"",countif('3) Release_Label'!$E:$E,$B7)=0),"NO CATALOG ID MATCH in Release_Label",iserror(vlookup($A7&$B7,'3) Release_Label'!$D:$D&'3) Release_Label'!$E:$E,1,0)),"NO UPC-CATALOG ID pair MATCH in Release_Label" )} | E7: Gurmoh | F7: With | G7: {=ifs(or($F7="",$F7="Main Primary Artist"),$F7,not(iserror(vlookup($F7,'Reference info'!$J$5:$J$8,1,0))),"Key Artist",not(iserror(vlookup($F7,'Reference info'!$J$38:$J$405,1,0))),"Performer",not(iserror(vlookup($F7,'Reference info'!$J$10:$J$36,1,0))),"Producer & Engineer")} -> Key Artist
A8: 9995964332174 | C8: {=ifs(and(isblank($A8),isblank($B8)),"", not(iserror(vlookup($A8&$B8,'3) Release_Label'!$D:$D&'3) Release_Label'!$E:$E,1,0))),vlookup($A8&$B8,{'3) Release_Label'!$D:$D&'3) Release_Label'!$E:$E,'3) Release_Label'!$F:$F},2,0), or(and(not(isblank($B8)),$B8=$B6,$A8<>$A6),and(not(isblank($A8)),$A8=$A6,$B8<>$B6)),"ID LISTS UNALIGNED",and($A8<>"",countif('3) Release_Label'!$D:$D,$A8)=0),"NO UPC MATCH in Release_Label",and($B8<>"",countif('3) Release_Label'!$E:$E,$B8)=0),"NO CATALOG ID MATCH in Release_Label",iserror(vlookup($A8&$B8,'3) Release_Label'!$D:$D&'3) Release_Label'!$E:$E,1,0)),"NO UPC-CATALOG ID pair MATCH in Release_Label" )} -> Aakad (From "Bhalwan Singh" Soundtrack) | D8: {=ifs(and(isblank($A8),isblank($B8)),"", not(iserror(vlookup($A8&$B8,'3) Release_Label'!$D:$D&'3) Release_Label'!$E:$E,1,0))),vlookup($A8&$B8,{'3) Release_Label'!$D:$D&'3) Release_Label'!$E:$E,'3) Release_Label'!$H:$H},2,0), or(and(not(isblank($B8)),$B8=$B6,$A8<>$A6),and(not(isblank($A8)),$A8=$A6,$B8<>$B6)),"ID LISTS UNALIGNED",and($A8<>"",countif('3) Release_Label'!$D:$D,$A8)=0),"NO UPC MATCH in Release_Label",and($B8<>"",countif('3) Release_Label'!$E:$E,$B8)=0),"NO CATALOG ID MATCH in Release_Label",iserror(vlookup($A8&$B8,'3) Release_Label'!$D:$D&'3) Release_Label'!$E:$E,1,0)),"NO UPC-CATALOG ID pair MATCH in Release_Label" )} | E8: Gurmoh | F8: Producer | G8: {=ifs(or($F8="",$F8="Main Primary Artist"),$F8,not(iserror(vlookup($F8,'Reference info'!$J$5:$J$8,1,0))),"Key Artist",not(iserror(vlookup($F8,'Reference info'!$J$38:$J$405,1,0))),"Performer",not(iserror(vlookup($F8,'Reference info'!$J$10:$J$36,1,0))),"Producer & Engineer")} -> Producer & Engineer
A9: 9995964356132 | C9: {=ifs(and(isblank($A9),isblank($B9)),"", not(iserror(vlookup($A9&$B9,'3) Release_Label'!$D:$D&'3) Release_Label'!$E:$E,1,0))),vlookup($A9&$B9,{'3) Release_Label'!$D:$D&'3) Release_Label'!$E:$E,'3) Release_Label'!$F:$F},2,0), or(and(not(isblank($B9)),$B9=$B7,$A9<>$A7),and(not(isblank($A9)),$A9=$A7,$B9<>$B7)),"ID LISTS UNALIGNED",and($A9<>"",countif('3) Release_Label'!$D:$D,$A9)=0),"NO UPC MATCH in Release_Label",and($B9<>"",countif('3) Release_Label'!$E:$E,$B9)=0),"NO CATALOG ID MATCH in Release_Label",iserror(vlookup($A9&$B9,'3) Release_Label'!$D:$D&'3) Release_Label'!$E:$E,1,0)),"NO UPC-CATALOG ID pair MATCH in Release_Label" )} -> Aisi Taisi (From "Golak Bugni Bank Te Batua" Soundtrack) | D9: {=ifs(and(isblank($A9),isblank($B9)),"", not(iserror(vlookup($A9&$B9,'3) Release_Label'!$D:$D&'3) Release_Label'!$E:$E,1,0))),vlookup($A9&$B9,{'3) Release_Label'!$D:$D&'3) Release_Label'!$E:$E,'3) Release_Label'!$H:$H},2,0), or(and(not(isblank($B9)),$B9=$B7,$A9<>$A7),and(not(isblank($A9)),$A9=$A7,$B9<>$B7)),"ID LISTS UNALIGNED",and($A9<>"",countif('3) Release_Label'!$D:$D,$A9)=0),"NO UPC MATCH in Release_Label",and($B9<>"",countif('3) Release_Label'!$E:$E,$B9)=0),"NO CATALOG ID MATCH in Release_Label",iserror(vlookup($A9&$B9,'3) Release_Label'!$D:$D&'3) Release_Label'!$E:$E,1,0)),"NO UPC-CATALOG ID pair MATCH in Release_Label" )} | E9: Amrinder Gill | F9: Main Primary Artist | G9: {=ifs(or($F9="",$F9="Main Primary Artist"),$F9,not(iserror(vlookup($F9,'Reference info'!$J$5:$J$8,1,0))),"Key Artist",not(iserror(vlookup($F9,'Reference info'!$J$38:$J$405,1,0))),"Performer",not(iserror(vlookup($F9,'Reference info'!$J$10:$J$36,1,0))),"Producer & Engineer")} -> Main Primary Artist
A10: 9995964356132 | C10: {=ifs(and(isblank($A10),isblank($B10)),"", not(iserror(vlookup($A10&$B10,'3) Release_Label'!$D:$D&'3) Release_Label'!$E:$E,1,0))),vlookup($A10&$B10,{'3) Release_Label'!$D:$D&'3) Release_Label'!$E:$E,'3) Release_Label'!$F:$F},2,0), or(and(not(isblank($B10)),$B10=$B9,$A10<>$A9),and(not(isblank($A10)),$A10=$A9,$B10<>$B9)),"ID LISTS UNALIGNED",and($A10<>"",countif('3) Release_Label'!$D:$D,$A10)=0),"NO UPC MATCH in Release_Label",and($B10<>"",countif('3) Release_Label'!$E:$E,$B10)=0),"NO CATALOG ID MATCH in Release_Label",iserror(vlookup($A10&$B10,'3) Release_Label'!$D:$D&'3) Release_Label'!$E:$E,1,0)),"NO UPC-CATALOG ID pair MATCH in Release_Label" )} -> Aisi Taisi (From "Golak Bugni Bank Te Batua" Soundtrack) | D10: {=ifs(and(isblank($A10),isblank($B10)),"", not(iserror(vlookup($A10&$B10,'3) Release_Label'!$D:$D&'3) Release_Label'!$E:$E,1,0))),vlookup($A10&$B10,{'3) Release_Label'!$D:$D&'3) Release_Label'!$E:$E,'3) Release_Label'!$H:$H},2,0), or(and(not(isblank($B10)),$B10=$B9,$A10<>$A9),and(not(isblank($A10)),$A10=$A9,$B10<>$B9)),"ID LISTS UNALIGNED",and($A10<>"",countif('3) Release_Label'!$D:$D,$A10)=0),"NO UPC MATCH in Release_Label",and($B10<>"",countif('3) Release_Label'!$E:$E,$B10)=0),"NO CATALOG ID MATCH in Release_Label",iserror(vlookup($A10&$B10,'3) Release_Label'!$D:$D&'3) Release_Label'!$E:$E,1,0)),"NO UPC-CATALOG ID pair MATCH in Release_Label" )} | E10: Jatinder Shah | F10: With | G10: {=ifs(or($F10="",$F10="Main Primary Artist"),$F10,not(iserror(vlookup($F10,'Reference info'!$J$5:$J$8,1,0))),"Key Artist",not(iserror(vlookup($F10,'Reference info'!$J$38:$J$405,1,0))),"Performer",not(iserror(vlookup($F10,'Reference info'!$J$10:$J$36,1,0))),"Producer & Engineer")} -> Key Artist
A11: 9995964330651 | C11: {=ifs(and(isblank($A11),isblank($B11)),"", not(iserror(vlookup($A11&$B11,'3) Release_Label'!$D:$D&'3) Release_Label'!$E:$E,1,0))),vlookup($A11&$B11,{'3) Release_Label'!$D:$D&'3) Release_Label'!$E:$E,'3) Release_Label'!$F:$F},2,0), or(and(not(isblank($B11)),$B11=$B10,$A11<>$A10),and(not(isblank($A11)),$A11=$A10,$B11<>$B10)),"ID LISTS UNALIGNED",and($A11<>"",countif('3) Release_Label'!$D:$D,$A11)=0),"NO UPC MATCH in Release_Label",and($B11<>"",countif('3) Release_Label'!$E:$E,$B11)=0),"NO CATALOG ID MATCH in Release_Label",iserror(vlookup($A11&$B11,'3) Release_Label'!$D:$D&'3) Release_Label'!$E:$E,1,0)),"NO UPC-CATALOG ID pair MATCH in Release_Label" )} -> Akhar - Female Version (From "Lahoriye" Soundtrack) | D11: {=ifs(and(isblank($A11),isblank($B11)),"", not(iserror(vlookup($A11&$B11,'3) Release_Label'!$D:$D&'3) Release_Label'!$E:$E,1,0))),vlookup($A11&$B11,{'3) Release_Label'!$D:$D&'3) Release_Label'!$E:$E,'3) Release_Label'!$H:$H},2,0), or(and(not(isblank($B11)),$B11=$B10,$A11<>$A10),and(not(isblank($A11)),$A11=$A10,$B11<>$B10)),"ID LISTS UNALIGNED",and($A11<>"",countif('3) Release_Label'!$D:$D,$A11)=0),"NO UPC MATCH in Release_Label",and($B11<>"",countif('3) Release_Label'!$E:$E,$B11)=0),"NO CATALOG ID MATCH in Release_Label",iserror(vlookup($A11&$B11,'3) Release_Label'!$D:$D&'3) Release_Label'!$E:$E,1,0)),"NO UPC-CATALOG ID pair MATCH in Release_Label" )} | E11: Nimrat Khaira | F11: Main Primary Artist | G11: {=ifs(or($F11="",$F11="Main Primary Artist"),$F11,not(iserror(vlookup($F11,'Reference info'!$J$5:$J$8,1,0))),"Key Artist",not(iserror(vlookup($F11,'Reference info'!$J$38:$J$405,1,0))),"Performer",not(iserror(vlookup($F11,'Reference info'!$J$10:$J$36,1,0))),"Producer & Engineer")} -> Main Primary Artist
A12: 9995964330651 | C12: {=ifs(and(isblank($A12),isblank($B12)),"", not(iserror(vlookup($A12&$B12,'3) Release_Label'!$D:$D&'3) Release_Label'!$E:$E,1,0))),vlookup($A12&$B12,{'3) Release_Label'!$D:$D&'3) Release_Label'!$E:$E,'3) Release_Label'!$F:$F},2,0), or(and(not(isblank($B12)),$B12=$B11,$A12<>$A11),and(not(isblank($A12)),$A12=$A11,$B12<>$B11)),"ID LISTS UNALIGNED",and($A12<>"",countif('3) Release_Label'!$D:$D,$A12)=0),"NO UPC MATCH in Release_Label",and($B12<>"",countif('3) Release_Label'!$E:$E,$B12)=0),"NO CATALOG ID MATCH in Release_Label",iserror(vlookup($A12&$B12,'3) Release_Label'!$D:$D&'3) Release_Label'!$E:$E,1,0)),"NO UPC-CATALOG ID pair MATCH in Release_Label" )} -> Akhar - Female Version (From "Lahoriye" Soundtrack) | D12: {=ifs(and(isblank($A12),isblank($B12)),"", not(iserror(vlookup($A12&$B12,'3) Release_Label'!$D:$D&'3) Release_Label'!$E:$E,1,0))),vlookup($A12&$B12,{'3) Release_Label'!$D:$D&'3) Release_Label'!$E:$E,'3) Release_Label'!$H:$H},2,0), or(and(not(isblank($B12)),$B12=$B11,$A12<>$A11),and(not(isblank($A12)),$A12=$A11,$B12<>$B11)),"ID LISTS UNALIGNED",and($A12<>"",countif('3) Release_Label'!$D:$D,$A12)=0),"NO UPC MATCH in Release_Label",and($B12<>"",countif('3) Release_Label'!$E:$E,$B12)=0),"NO CATALOG ID MATCH in Release_Label",iserror(vlookup($A12&$B12,'3) Release_Label'!$D:$D&'3) Release_Label'!$E:$E,1,0)),"NO UPC-CATALOG ID pair MATCH in Release_Label" )} | E12: Jatinder Shah | F12: With | G12: {=ifs(or($F12="",$F12="Main Primary Artist"),$F12,not(iserror(vlookup($F12,'Reference info'!$J$5:$J$8,1,0))),"Key Artist",not(iserror(vlookup($F12,'Reference info'!$J$38:$J$405,1,0))),"Performer",not(iserror(vlookup($F12,'Reference info'!$J$10:$J$36,1,0))),"Producer & Engineer")} -> Key Artist | H12: sort(if(countif($A$5:$A&$B$5:$B,'3) Release_Label'!$D$5:$D&'3) Release_Label'!$E$5:$E)=0,'3) Release_Label'!$D$5:$D&" "&'3) Release_Label'!$E$5:$E,))
A13: 9995964330088 | C13: {=ifs(and(isblank($A13),isblank($B13)),"", not(iserror(vlookup($A13&$B13,'3) Release_Label'!$D:$D&'3) Release_Label'!$E:$E,1,0))),vlookup($A13&$B13,{'3) Release_Label'!$D:$D&'3) Release_Label'!$E:$E,'3) Release_Label'!$F:$F},2,0), or(and(not(isblank($B13)),$B13=$B12,$A13<>$A12),and(not(isblank($A13)),$A13=$A12,$B13<>$B12)),"ID LISTS UNALIGNED",and($A13<>"",countif('3) Release_Label'!$D:$D,$A13)=0),"NO UPC MATCH in Release_Label",and($B13<>"",countif('3) Release_Label'!$E:$E,$B13)=0),"NO CATALOG ID MATCH in Release_Label",iserror(vlookup($A13&$B13,'3) Release_Label'!$D:$D&'3) Release_Label'!$E:$E,1,0)),"NO UPC-CATALOG ID pair MATCH in Release_Label" )} -> Akhar (From "Lahoriye" Soundtrack) | D13: {=ifs(and(isblank($A13),isblank($B13)),"", not(iserror(vlookup($A13&$B13,'3) Release_Label'!$D:$D&'3) Release_Label'!$E:$E,1,0))),vlookup($A13&$B13,{'3) Release_Label'!$D:$D&'3) Release_Label'!$E:$E,'3) Release_Label'!$H:$H},2,0), or(and(not(isblank($B13)),$B13=$B12,$A13<>$A12),and(not(isblank($A13)),$A13=$A12,$B13<>$B12)),"ID LISTS UNALIGNED",and($A13<>"",countif('3) Release_Label'!$D:$D,$A13)=0),"NO UPC MATCH in Release_Label",and($B13<>"",countif('3) Release_Label'!$E:$E,$B13)=0),"NO CATALOG ID MATCH in Release_Label",iserror(vlookup($A13&$B13,'3) Release_Label'!$D:$D&'3) Release_Label'!$E:$E,1,0)),"NO UPC-CATALOG ID pair MATCH in Release_Label" )} | E13: Amrinder Gill | F13: Main Primary Artist | G13: {=ifs(or($F13="",$F13="Main Primary Artist"),$F13,not(iserror(vlookup($F13,'Reference info'!$J$5:$J$8,1,0))),"Key Artist",not(iserror(vlookup($F13,'Reference info'!$J$38:$J$405,1,0))),"Performer",not(iserror(vlookup($F13,'Reference info'!$J$10:$J$36,1,0))),"Producer & Engineer")} -> Main Primary Artist | H13: sort(if(countif({A5:A,B5:B},{'3) Release_Label'!D5:D,'3) Release_Label'!E5:E})=0,{'3) Release_Label'!D5:D,'3) Release_Label'!E5:E},))
A14: 9995964330088 | C14: {=ifs(and(isblank($A14),isblank($B14)),"", not(iserror(vlookup($A14&$B14,'3) Release_Label'!$D:$D&'3) Release_Label'!$E:$E,1,0))),vlookup($A14&$B14,{'3) Release_Label'!$D:$D&'3) Release_Label'!$E:$E,'3) Release_Label'!$F:$F},2,0), or(and(not(isblank($B14)),$B14=$B13,$A14<>$A13),and(not(isblank($A14)),$A14=$A13,$B14<>$B13)),"ID LISTS UNALIGNED",and($A14<>"",countif('3) Release_Label'!$D:$D,$A14)=0),"NO UPC MATCH in Release_Label",and($B14<>"",countif('3) Release_Label'!$E:$E,$B14)=0),"NO CATALOG ID MATCH in Release_Label",iserror(vlookup($A14&$B14,'3) Release_Label'!$D:$D&'3) Release_Label'!$E:$E,1,0)),"NO UPC-CATALOG ID pair MATCH in Release_Label" )} -> Akhar (From "Lahoriye" Soundtrack) | D14: {=ifs(and(isblank($A14),isblank($B14)),"", not(iserror(vlookup($A14&$B14,'3) Release_Label'!$D:$D&'3) Release_Label'!$E:$E,1,0))),vlookup($A14&$B14,{'3) Release_Label'!$D:$D&'3) Release_Label'!$E:$E,'3) Release_Label'!$H:$H},2,0), or(and(not(isblank($B14)),$B14=$B13,$A14<>$A13),and(not(isblank($A14)),$A14=$A13,$B14<>$B13)),"ID LISTS UNALIGNED",and($A14<>"",countif('3) Release_Label'!$D:$D,$A14)=0),"NO UPC MATCH in Release_Label",and($B14<>"",countif('3) Release_Label'!$E:$E,$B14)=0),"NO CATALOG ID MATCH in Release_Label",iserror(vlookup($A14&$B14,'3) Release_Label'!$D:$D&'3) Release_Label'!$E:$E,1,0)),"NO UPC-CATALOG ID pair MATCH in Release_Label" )} | E14: Jatinder Shah | F14: With | G14: {=ifs(or($F14="",$F14="Main Primary Artist"),$F14,not(iserror(vlookup($F14,'Reference info'!$J$5:$J$8,1,0))),"Key Artist",not(iserror(vlookup($F14,'Reference info'!$J$38:$J$405,1,0))),"Performer",not(iserror(vlookup($F14,'Reference info'!$J$10:$J$36,1,0))),"Producer & Engineer")} -> Key Artist | H14: sort(if(countif(filter($A:$B,$F:$F="Main Primary Artist"),'3) Release_Label'!$D$5:$E)=0,'3) Release_Label'!$D$5:$E,))
A15: 9995964312657 | C15: {=ifs(and(isblank($A15),isblank($B15)),"", not(iserror(vlookup($A15&$B15,'3) Release_Label'!$D:$D&'3) Release_Label'!$E:$E,1,0))),vlookup($A15&$B15,{'3) Release_Label'!$D:$D&'3) Release_Label'!$E:$E,'3) Release_Label'!$F:$F},2,0), or(and(not(isblank($B15)),$B15=$B14,$A15<>$A14),and(not(isblank($A15)),$A15=$A14,$B15<>$B14)),"ID LISTS UNALIGNED",and($A15<>"",countif('3) Release_Label'!$D:$D,$A15)=0),"NO UPC MATCH in Release_Label",and($B15<>"",countif('3) Release_Label'!$E:$E,$B15)=0),"NO CATALOG ID MATCH in Release_Label",iserror(vlookup($A15&$B15,'3) Release_Label'!$D:$D&'3) Release_Label'!$E:$E,1,0)),"NO UPC-CATALOG ID pair MATCH in Release_Label" )} -> Angrej (Original Motion Picture Soundtrack) | D15: {=ifs(and(isblank($A15),isblank($B15)),"", not(iserror(vlookup($A15&$B15,'3) Release_Label'!$D:$D&'3) Release_Label'!$E:$E,1,0))),vlookup($A15&$B15,{'3) Release_Label'!$D:$D&'3) Release_Label'!$E:$E,'3) Release_Label'!$H:$H},2,0), or(and(not(isblank($B15)),$B15=$B14,$A15<>$A14),and(not(isblank($A15)),$A15=$A14,$B15<>$B14)),"ID LISTS UNALIGNED",and($A15<>"",countif('3) Release_Label'!$D:$D,$A15)=0),"NO UPC MATCH in Release_Label",and($B15<>"",countif('3) Release_Label'!$E:$E,$B15)=0),"NO CATALOG ID MATCH in Release_Label",iserror(vlookup($A15&$B15,'3) Release_Label'!$D:$D&'3) Release_Label'!$E:$E,1,0)),"NO UPC-CATALOG ID pair MATCH in Release_Label" )} | E15: Amrinder Gill | F15: Main Primary Artist | G15: {=ifs(or($F15="",$F15="Main Primary Artist"),$F15,not(iserror(vlookup($F15,'Reference info'!$J$5:$J$8,1,0))),"Key Artist",not(iserror(vlookup($F15,'Reference info'!$J$38:$J$405,1,0))),"Performer",not(iserror(vlookup($F15,'Reference info'!$J$10:$J$36,1,0))),"Producer & Engineer")} -> Main Primary Artist | H15: sort(if(countif(filter($A:$B,$F:$F="Main Primary Artist"),'3) Release_Label'!$D$5:$E)>1,'3) Release_Label'!$D$5:$E,))
A16: 9995964321390 | C16: {=ifs(and(isblank($A16),isblank($B16)),"", not(iserror(vlookup($A16&$B16,'3) Release_Label'!$D:$D&'3) Release_Label'!$E:$E,1,0))),vlookup($A16&$B16,{'3) Release_Label'!$D:$D&'3) Release_Label'!$E:$E,'3) Release_Label'!$F:$F},2,0), or(and(not(isblank($B16)),$B16=#REF!,$A16<>#REF!),and(not(isblank($A16)),$A16=#REF!,$B16<>#REF!)),"ID LISTS UNALIGNED",and($A16<>"",countif('3) Release_Label'!$D:$D,$A16)=0),"NO UPC MATCH in Release_Label",and($B16<>"",countif('3) Release_Label'!$E:$E,$B16)=0),"NO CATALOG ID MATCH in Release_Label",iserror(vlookup($A16&$B16,'3) Release_Label'!$D:$D&'3) Release_Label'!$E:$E,1,0)),"NO UPC-CATALOG ID pair MATCH in Release_Label" )} -> Bambukat (From "Bambukat" Soundtrack) | D16: {=ifs(and(isblank($A16),isblank($B16)),"", not(iserror(vlookup($A16&$B16,'3) Release_Label'!$D:$D&'3) Release_Label'!$E:$E,1,0))),vlookup($A16&$B16,{'3) Release_Label'!$D:$D&'3) Release_Label'!$E:$E,'3) Release_Label'!$H:$H},2,0), or(and(not(isblank($B16)),$B16=#REF!,$A16<>#REF!),and(not(isblank($A16)),$A16=#REF!,$B16<>#REF!)),"ID LISTS UNALIGNED",and($A16<>"",countif('3) Release_Label'!$D:$D,$A16)=0),"NO UPC MATCH in Release_Label",and($B16<>"",countif('3) Release_Label'!$E:$E,$B16)=0),"NO CATALOG ID MATCH in Release_Label",iserror(vlookup($A16&$B16,'3) Release_Label'!$D:$D&'3) Release_Label'!$E:$E,1,0)),"NO UPC-CATALOG ID pair MATCH in Release_Label" )} | E16: Ammy Virk | F16: Main Primary Artist | G16: {=ifs(or($F16="",$F16="Main Primary Artist"),$F16,not(iserror(vlookup($F16,'Reference info'!$J$5:$J$8,1,0))),"Key Artist",not(iserror(vlookup($F16,'Reference info'!$J$38:$J$405,1,0))),"Performer",not(iserror(vlookup($F16,'Reference info'!$J$10:$J$36,1,0))),"Producer & Engineer")} -> Main Primary Artist
A17: 9995964321390 | C17: {=ifs(and(isblank($A17),isblank($B17)),"", not(iserror(vlookup($A17&$B17,'3) Release_Label'!$D:$D&'3) Release_Label'!$E:$E,1,0))),vlookup($A17&$B17,{'3) Release_Label'!$D:$D&'3) Release_Label'!$E:$E,'3) Release_Label'!$F:$F},2,0), or(and(not(isblank($B17)),$B17=$B16,$A17<>$A16),and(not(isblank($A17)),$A17=$A16,$B17<>$B16)),"ID LISTS UNALIGNED",and($A17<>"",countif('3) Release_Label'!$D:$D,$A17)=0),"NO UPC MATCH in Release_Label",and($B17<>"",countif('3) Release_Label'!$E:$E,$B17)=0),"NO CATALOG ID MATCH in Release_Label",iserror(vlookup($A17&$B17,'3) Release_Label'!$D:$D&'3) Release_Label'!$E:$E,1,0)),"NO UPC-CATALOG ID pair MATCH in Release_Label" )} -> Bambukat (From "Bambukat" Soundtrack) | D17: {=ifs(and(isblank($A17),isblank($B17)),"", not(iserror(vlookup($A17&$B17,'3) Release_Label'!$D:$D&'3) Release_Label'!$E:$E,1,0))),vlookup($A17&$B17,{'3) Release_Label'!$D:$D&'3) Release_Label'!$E:$E,'3) Release_Label'!$H:$H},2,0), or(and(not(isblank($B17)),$B17=$B16,$A17<>$A16),and(not(isblank($A17)),$A17=$A16,$B17<>$B16)),"ID LISTS UNALIGNED",and($A17<>"",countif('3) Release_Label'!$D:$D,$A17)=0),"NO UPC MATCH in Release_Label",and($B17<>"",countif('3) Release_Label'!$E:$E,$B17)=0),"NO CATALOG ID MATCH in Release_Label",iserror(vlookup($A17&$B17,'3) Release_Label'!$D:$D&'3) Release_Label'!$E:$E,1,0)),"NO UPC-CATALOG ID pair MATCH in Release_Label" )} | E17: Jatinder Shah | F17: With | G17: {=ifs(or($F17="",$F17="Main Primary Artist"),$F17,not(iserror(vlookup($F17,'Reference info'!$J$5:$J$8,1,0))),"Key Artist",not(iserror(vlookup($F17,'Reference info'!$J$38:$J$405,1,0))),"Performer",not(iserror(vlookup($F17,'Reference info'!$J$10:$J$36,1,0))),"Producer & Engineer")} -> Key Artist
A18: 9995964330187 | C18: {=ifs(and(isblank($A18),isblank($B18)),"", not(iserror(vlookup($A18&$B18,'3) Release_Label'!$D:$D&'3) Release_Label'!$E:$E,1,0))),vlookup($A18&$B18,{'3) Release_Label'!$D:$D&'3) Release_Label'!$E:$E,'3) Release_Label'!$F:$F},2,0), or(and(not(isblank($B18)),$B18=$B17,$A18<>$A17),and(not(isblank($A18)),$A18=$A17,$B18<>$B17)),"ID LISTS UNALIGNED",and($A18<>"",countif('3) Release_Label'!$D:$D,$A18)=0),"NO UPC MATCH in Release_Label",and($B18<>"",countif('3) Release_Label'!$E:$E,$B18)=0),"NO CATALOG ID MATCH in Release_Label",iserror(vlookup($A18&$B18,'3) Release_Label'!$D:$D&'3) Release_Label'!$E:$E,1,0)),"NO UPC-CATALOG ID pair MATCH in Release_Label" )} -> Chann Ve | D18: {=ifs(and(isblank($A18),isblank($B18)),"", not(iserror(vlookup($A18&$B18,'3) Release_Label'!$D:$D&'3) Release_Label'!$E:$E,1,0))),vlookup($A18&$B18,{'3) Release_Label'!$D:$D&'3) Release_Label'!$E:$E,'3) Release_Label'!$H:$H},2,0), or(and(not(isblank($B18)),$B18=$B17,$A18<>$A17),and(not(isblank($A18)),$A18=$A17,$B18<>$B17)),"ID LISTS UNALIGNED",and($A18<>"",countif('3) Release_Label'!$D:$D,$A18)=0),"NO UPC MATCH in Release_Label",and($B18<>"",countif('3) Release_Label'!$E:$E,$B18)=0),"NO CATALOG ID MATCH in Release_Label",iserror(vlookup($A18&$B18,'3) Release_Label'!$D:$D&'3) Release_Label'!$E:$E,1,0)),"NO UPC-CATALOG ID pair MATCH in Release_Label" )} | E18: Gurshabad | F18: Main Primary Artist | G18: {=ifs(or($F18="",$F18="Main Primary Artist"),$F18,not(iserror(vlookup($F18,'Reference info'!$J$5:$J$8,1,0))),"Key Artist",not(iserror(vlookup($F18,'Reference info'!$J$38:$J$405,1,0))),"Performer",not(iserror(vlookup($F18,'Reference info'!$J$10:$J$36,1,0))),"Producer & Engineer")} -> Main Primary Artist
A19: 9995964330187 | C19: {=ifs(and(isblank($A19),isblank($B19)),"", not(iserror(vlookup($A19&$B19,'3) Release_Label'!$D:$D&'3) Release_Label'!$E:$E,1,0))),vlookup($A19&$B19,{'3) Release_Label'!$D:$D&'3) Release_Label'!$E:$E,'3) Release_Label'!$F:$F},2,0), or(and(not(isblank($B19)),$B19=$B18,$A19<>$A18),and(not(isblank($A19)),$A19=$A18,$B19<>$B18)),"ID LISTS UNALIGNED",and($A19<>"",countif('3) Release_Label'!$D:$D,$A19)=0),"NO UPC MATCH in Release_Label",and($B19<>"",countif('3) Release_Label'!$E:$E,$B19)=0),"NO CATALOG ID MATCH in Release_Label",iserror(vlookup($A19&$B19,'3) Release_Label'!$D:$D&'3) Release_Label'!$E:$E,1,0)),"NO UPC-CATALOG ID pair MATCH in Release_Label" )} -> Chann Ve | D19: {=ifs(and(isblank($A19),isblank($B19)),"", not(iserror(vlookup($A19&$B19,'3) Release_Label'!$D:$D&'3) Release_Label'!$E:$E,1,0))),vlookup($A19&$B19,{'3) Release_Label'!$D:$D&'3) Release_Label'!$E:$E,'3) Release_Label'!$H:$H},2,0), or(and(not(isblank($B19)),$B19=$B18,$A19<>$A18),and(not(isblank($A19)),$A19=$A18,$B19<>$B18)),"ID LISTS UNALIGNED",and($A19<>"",countif('3) Release_Label'!$D:$D,$A19)=0),"NO UPC MATCH in Release_Label",and($B19<>"",countif('3) Release_Label'!$E:$E,$B19)=0),"NO CATALOG ID MATCH in Release_Label",iserror(vlookup($A19&$B19,'3) Release_Label'!$D:$D&'3) Release_Label'!$E:$E,1,0)),"NO UPC-CATALOG ID pair MATCH in Release_Label" )} | E19: Gurmoh | F19: With | G19: {=ifs(or($F19="",$F19="Main Primary Artist"),$F19,not(iserror(vlookup($F19,'Reference info'!$J$5:$J$8,1,0))),"Key Artist",not(iserror(vlookup($F19,'Reference info'!$J$38:$J$405,1,0))),"Performer",not(iserror(vlookup($F19,'Reference info'!$J$10:$J$36,1,0))),"Producer & Engineer")} -> Key Artist
A20: 9995964330446 | C20: {=ifs(and(isblank($A20),isblank($B20)),"", not(iserror(vlookup($A20&$B20,'3) Release_Label'!$D:$D&'3) Release_Label'!$E:$E,1,0))),vlookup($A20&$B20,{'3) Release_Label'!$D:$D&'3) Release_Label'!$E:$E,'3) Release_Label'!$F:$F},2,0), or(and(not(isblank($B20)),$B20=$B19,$A20<>$A19),and(not(isblank($A20)),$A20=$A19,$B20<>$B19)),"ID LISTS UNALIGNED",and($A20<>"",countif('3) Release_Label'!$D:$D,$A20)=0),"NO UPC MATCH in Release_Label",and($B20<>"",countif('3) Release_Label'!$E:$E,$B20)=0),"NO CATALOG ID MATCH in Release_Label",iserror(vlookup($A20&$B20,'3) Release_Label'!$D:$D&'3) Release_Label'!$E:$E,1,0)),"NO UPC-CATALOG ID pair MATCH in Release_Label" )} -> Chunni (From "Lahoriye" Soundtrack) | D20: {=ifs(and(isblank($A20),isblank($B20)),"", not(iserror(vlookup($A20&$B20,'3) Release_Label'!$D:$D&'3) Release_Label'!$E:$E,1,0))),vlookup($A20&$B20,{'3) Release_Label'!$D:$D&'3) Release_Label'!$E:$E,'3) Release_Label'!$H:$H},2,0), or(and(not(isblank($B20)),$B20=$B19,$A20<>$A19),and(not(isblank($A20)),$A20=$A19,$B20<>$B19)),"ID LISTS UNALIGNED",and($A20<>"",countif('3) Release_Label'!$D:$D,$A20)=0),"NO UPC MATCH in Release_Label",and($B20<>"",countif('3) Release_Label'!$E:$E,$B20)=0),"NO CATALOG ID MATCH in Release_Label",iserror(vlookup($A20&$B20,'3) Release_Label'!$D:$D&'3) Release_Label'!$E:$E,1,0)),"NO UPC-CATALOG ID pair MATCH in Release_Label" )} | E20: Amrinder Gill | F20: Main Primary Artist | G20: {=ifs(or($F20="",$F20="Main Primary Artist"),$F20,not(iserror(vlookup($F20,'Reference info'!$J$5:$J$8,1,0))),"Key Artist",not(iserror(vlookup($F20,'Reference info'!$J$38:$J$405,1,0))),"Performer",not(iserror(vlookup($F20,'Reference info'!$J$10:$J$36,1,0))),"Producer & Engineer")} -> Main Primary Artist
A21: 9995964330446 | C21: {=ifs(and(isblank($A21),isblank($B21)),"", not(iserror(vlookup($A21&$B21,'3) Release_Label'!$D:$D&'3) Release_Label'!$E:$E,1,0))),vlookup($A21&$B21,{'3) Release_Label'!$D:$D&'3) Release_Label'!$E:$E,'3) Release_Label'!$F:$F},2,0), or(and(not(isblank($B21)),$B21=$B20,$A21<>$A20),and(not(isblank($A21)),$A21=$A20,$B21<>$B20)),"ID LISTS UNALIGNED",and($A21<>"",countif('3) Release_Label'!$D:$D,$A21)=0),"NO UPC MATCH in Release_Label",and($B21<>"",countif('3) Release_Label'!$E:$E,$B21)=0),"NO CATALOG ID MATCH in Release_Label",iserror(vlookup($A21&$B21,'3) Release_Label'!$D:$D&'3) Release_Label'!$E:$E,1,0)),"NO UPC-CATALOG ID pair MATCH in Release_Label" )} -> Chunni (From "Lahoriye" Soundtrack) | D21: {=ifs(and(isblank($A21),isblank($B21)),"", not(iserror(vlookup($A21&$B21,'3) Release_Label'!$D:$D&'3) Release_Label'!$E:$E,1,0))),vlookup($A21&$B21,{'3) Release_Label'!$D:$D&'3) Release_Label'!$E:$E,'3) Release_Label'!$H:$H},2,0), or(and(not(isblank($B21)),$B21=$B20,$A21<>$A20),and(not(isblank($A21)),$A21=$A20,$B21<>$B20)),"ID LISTS UNALIGNED",and($A21<>"",countif('3) Release_Label'!$D:$D,$A21)=0),"NO UPC MATCH in Release_Label",and($B21<>"",countif('3) Release_Label'!$E:$E,$B21)=0),"NO CATALOG ID MATCH in Release_Label",iserror(vlookup($A21&$B21,'3) Release_Label'!$D:$D&'3) Release_Label'!$E:$E,1,0)),"NO UPC-CATALOG ID pair MATCH in Release_Label" )} | E21: Jatinder Shah | F21: With | G21: {=ifs(or($F21="",$F21="Main Primary Artist"),$F21,not(iserror(vlookup($F21,'Reference info'!$J$5:$J$8,1,0))),"Key Artist",not(iserror(vlookup($F21,'Reference info'!$J$38:$J$405,1,0))),"Performer",not(iserror(vlookup($F21,'Reference info'!$J$10:$J$36,1,0))),"Producer & Engineer")} -> Key Artist
A22: 9995964357078 | C22: {=ifs(and(isblank($A22),isblank($B22)),"", not(iserror(vlookup($A22&$B22,'3) Release_Label'!$D:$D&'3) Release_Label'!$E:$E,1,0))),vlookup($A22&$B22,{'3) Release_Label'!$D:$D&'3) Release_Label'!$E:$E,'3) Release_Label'!$F:$F},2,0), or(and(not(isblank($B22)),$B22=$B21,$A22<>$A21),and(not(isblank($A22)),$A22=$A21,$B22<>$B21)),"ID LISTS UNALIGNED",and($A22<>"",countif('3) Release_Label'!$D:$D,$A22)=0),"NO UPC MATCH in Release_Label",and($B22<>"",countif('3) Release_Label'!$E:$E,$B22)=0),"NO CATALOG ID MATCH in Release_Label",iserror(vlookup($A22&$B22,'3) Release_Label'!$D:$D&'3) Release_Label'!$E:$E,1,0)),"NO UPC-CATALOG ID pair MATCH in Release_Label" )} -> Daana Paani - Title Song (From "Daana Paani" Soundtrack) | D22: {=ifs(and(isblank($A22),isblank($B22)),"", not(iserror(vlookup($A22&$B22,'3) Release_Label'!$D:$D&'3) Release_Label'!$E:$E,1,0))),vlookup($A22&$B22,{'3) Release_Label'!$D:$D&'3) Release_Label'!$E:$E,'3) Release_Label'!$H:$H},2,0), or(and(not(isblank($B22)),$B22=$B21,$A22<>$A21),and(not(isblank($A22)),$A22=$A21,$B22<>$B21)),"ID LISTS UNALIGNED",and($A22<>"",countif('3) Release_Label'!$D:$D,$A22)=0),"NO UPC MATCH in Release_Label",and($B22<>"",countif('3) Release_Label'!$E:$E,$B22)=0),"NO CATALOG ID MATCH in Release_Label",iserror(vlookup($A22&$B22,'3) Release_Label'!$D:$D&'3) Release_Label'!$E:$E,1,0)),"NO UPC-CATALOG ID pair MATCH in Release_Label" )} | E22: Tarsem Jassar | F22: Main Primary Artist | G22: {=ifs(or($F22="",$F22="Main Primary Artist"),$F22,not(iserror(vlookup($F22,'Reference info'!$J$5:$J$8,1,0))),"Key Artist",not(iserror(vlookup($F22,'Reference info'!$J$38:$J$405,1,0))),"Performer",not(iserror(vlookup($F22,'Reference info'!$J$10:$J$36,1,0))),"Producer & Engineer")} -> Main Primary Artist
A23: 9995964357078 | C23: {=ifs(and(isblank($A23),isblank($B23)),"", not(iserror(vlookup($A23&$B23,'3) Release_Label'!$D:$D&'3) Release_Label'!$E:$E,1,0))),vlookup($A23&$B23,{'3) Release_Label'!$D:$D&'3) Release_Label'!$E:$E,'3) Release_Label'!$F:$F},2,0), or(and(not(isblank($B23)),$B23=$B22,$A23<>$A22),and(not(isblank($A23)),$A23=$A22,$B23<>$B22)),"ID LISTS UNALIGNED",and($A23<>"",countif('3) Release_Label'!$D:$D,$A23)=0),"NO UPC MATCH in Release_Label",and($B23<>"",countif('3) Release_Label'!$E:$E,$B23)=0),"NO CATALOG ID MATCH in Release_Label",iserror(vlookup($A23&$B23,'3) Release_Label'!$D:$D&'3) Release_Label'!$E:$E,1,0)),"NO UPC-CATALOG ID pair MATCH in Release_Label" )} -> Daana Paani - Title Song (From "Daana Paani" Soundtrack) | D23: {=ifs(and(isblank($A23),isblank($B23)),"", not(iserror(vlookup($A23&$B23,'3) Release_Label'!$D:$D&'3) Release_Label'!$E:$E,1,0))),vlookup($A23&$B23,{'3) Release_Label'!$D:$D&'3) Release_Label'!$E:$E,'3) Release_Label'!$H:$H},2,0), or(and(not(isblank($B23)),$B23=$B22,$A23<>$A22),and(not(isblank($A23)),$A23=$A22,$B23<>$B22)),"ID LISTS UNALIGNED",and($A23<>"",countif('3) Release_Label'!$D:$D,$A23)=0),"NO UPC MATCH in Release_Label",and($B23<>"",countif('3) Release_Label'!$E:$E,$B23)=0),"NO CATALOG ID MATCH in Release_Label",iserror(vlookup($A23&$B23,'3) Release_Label'!$D:$D&'3) Release_Label'!$E:$E,1,0)),"NO UPC-CATALOG ID pair MATCH in Release_Label" )} | E23: R. Guru | F23: With | G23: {=ifs(or($F23="",$F23="Main Primary Artist"),$F23,not(iserror(vlookup($F23,'Reference info'!$J$5:$J$8,1,0))),"Key Artist",not(iserror(vlookup($F23,'Reference info'!$J$38:$J$405,1,0))),"Performer",not(iserror(vlookup($F23,'Reference info'!$J$10:$J$36,1,0))),"Producer & Engineer")} -> Key Artist
A24: 9995964357016 | C24: {=ifs(and(isblank($A24),isblank($B24)),"", not(iserror(vlookup($A24&$B24,'3) Release_Label'!$D:$D&'3) Release_Label'!$E:$E,1,0))),vlookup($A24&$B24,{'3) Release_Label'!$D:$D&'3) Release_Label'!$E:$E,'3) Release_Label'!$F:$F},2,0), or(and(not(isblank($B24)),$B24=$B23,$A24<>$A23),and(not(isblank($A24)),$A24=$A23,$B24<>$B23)),"ID LISTS UNALIGNED",and($A24<>"",countif('3) Release_Label'!$D:$D,$A24)=0),"NO UPC MATCH in Release_Label",and($B24<>"",countif('3) Release_Label'!$E:$E,$B24)=0),"NO CATALOG ID MATCH in Release_Label",iserror(vlookup($A24&$B24,'3) Release_Label'!$D:$D&'3) Release_Label'!$E:$E,1,0)),"NO UPC-CATALOG ID pair MATCH in Release_Label" )} -> Daana Paani (From "Daana Paani" Soundtrack) | D24: {=ifs(and(isblank($A24),isblank($B24)),"", not(iserror(vlookup($A24&$B24,'3) Release_Label'!$D:$D&'3) Release_Label'!$E:$E,1,0))),vlookup($A24&$B24,{'3) Release_Label'!$D:$D&'3) Release_Label'!$E:$E,'3) Release_Label'!$H:$H},2,0), or(and(not(isblank($B24)),$B24=$B23,$A24<>$A23),and(not(isblank($A24)),$A24=$A23,$B24<>$B23)),"ID LISTS UNALIGNED",and($A24<>"",countif('3) Release_Label'!$D:$D,$A24)=0),"NO UPC MATCH in Release_Label",and($B24<>"",countif('3) Release_Label'!$E:$E,$B24)=0),"NO CATALOG ID MATCH in Release_Label",iserror(vlookup($A24&$B24,'3) Release_Label'!$D:$D&'3) Release_Label'!$E:$E,1,0)),"NO UPC-CATALOG ID pair MATCH in Release_Label" )} | E24: Amrinder Gill | F24: Main Primary Artist | G24: {=ifs(or($F24="",$F24="Main Primary Artist"),$F24,not(iserror(vlookup($F24,'Reference info'!$J$5:$J$8,1,0))),"Key Artist",not(iserror(vlookup($F24,'Reference info'!$J$38:$J$405,1,0))),"Performer",not(iserror(vlookup($F24,'Reference info'!$J$10:$J$36,1,0))),"Producer & Engineer")} -> Main Primary Artist
A25: 9995964357016 | C25: {=ifs(and(isblank($A25),isblank($B25)),"", not(iserror(vlookup($A25&$B25,'3) Release_Label'!$D:$D&'3) Release_Label'!$E:$E,1,0))),vlookup($A25&$B25,{'3) Release_Label'!$D:$D&'3) Release_Label'!$E:$E,'3) Release_Label'!$F:$F},2,0), or(and(not(isblank($B25)),$B25=$B24,$A25<>$A24),and(not(isblank($A25)),$A25=$A24,$B25<>$B24)),"ID LISTS UNALIGNED",and($A25<>"",countif('3) Release_Label'!$D:$D,$A25)=0),"NO UPC MATCH in Release_Label",and($B25<>"",countif('3) Release_Label'!$E:$E,$B25)=0),"NO CATALOG ID MATCH in Release_Label",iserror(vlookup($A25&$B25,'3) Release_Label'!$D:$D&'3) Release_Label'!$E:$E,1,0)),"NO UPC-CATALOG ID pair MATCH in Release_Label" )} -> Daana Paani (From "Daana Paani" Soundtrack) | D25: {=ifs(and(isblank($A25),isblank($B25)),"", not(iserror(vlookup($A25&$B25,'3) Release_Label'!$D:$D&'3) Release_Label'!$E:$E,1,0))),vlookup($A25&$B25,{'3) Release_Label'!$D:$D&'3) Release_Label'!$E:$E,'3) Release_Label'!$H:$H},2,0), or(and(not(isblank($B25)),$B25=$B24,$A25<>$A24),and(not(isblank($A25)),$A25=$A24,$B25<>$B24)),"ID LISTS UNALIGNED",and($A25<>"",countif('3) Release_Label'!$D:$D,$A25)=0),"NO UPC MATCH in Release_Label",and($B25<>"",countif('3) Release_Label'!$E:$E,$B25)=0),"NO CATALOG ID MATCH in Release_Label",iserror(vlookup($A25&$B25,'3) Release_Label'!$D:$D&'3) Release_Label'!$E:$E,1,0)),"NO UPC-CATALOG ID pair MATCH in Release_Label" )} | E25: Bir Singh | F25: With | G25: {=ifs(or($F25="",$F25="Main Primary Artist"),$F25,not(iserror(vlookup($F25,'Reference info'!$J$5:$J$8,1,0))),"Key Artist",not(iserror(vlookup($F25,'Reference info'!$J$38:$J$405,1,0))),"Performer",not(iserror(vlookup($F25,'Reference info'!$J$10:$J$36,1,0))),"Producer & Engineer")} -> Key Artist
A26: 9995964332198 | C26: {=ifs(and(isblank($A26),isblank($B26)),"", not(iserror(vlookup($A26&$B26,'3) Release_Label'!$D:$D&'3) Release_Label'!$E:$E,1,0))),vlookup($A26&$B26,{'3) Release_Label'!$D:$D&'3) Release_Label'!$E:$E,'3) Release_Label'!$F:$F},2,0), or(and(not(isblank($B26)),$B26=$B25,$A26<>$A25),and(not(isblank($A26)),$A26=$A25,$B26<>$B25)),"ID LISTS UNALIGNED",and($A26<>"",countif('3) Release_Label'!$D:$D,$A26)=0),"NO UPC MATCH in Release_Label",and($B26<>"",countif('3) Release_Label'!$E:$E,$B26)=0),"NO CATALOG ID MATCH in Release_Label",iserror(vlookup($A26&$B26,'3) Release_Label'!$D:$D&'3) Release_Label'!$E:$E,1,0)),"NO UPC-CATALOG ID pair MATCH in Release_Label" )} -> Dil Di Dua (From "Bhalwan Singh" Soundtrack) | D26: {=ifs(and(isblank($A26),isblank($B26)),"", not(iserror(vlookup($A26&$B26,'3) Release_Label'!$D:$D&'3) Release_Label'!$E:$E,1,0))),vlookup($A26&$B26,{'3) Release_Label'!$D:$D&'3) Release_Label'!$E:$E,'3) Release_Label'!$H:$H},2,0), or(and(not(isblank($B26)),$B26=$B25,$A26<>$A25),and(not(isblank($A26)),$A26=$A25,$B26<>$B25)),"ID LISTS UNALIGNED",and($A26<>"",countif('3) Release_Label'!$D:$D,$A26)=0),"NO UPC MATCH in Release_Label",and($B26<>"",countif('3) Release_Label'!$E:$E,$B26)=0),"NO CATALOG ID MATCH in Release_Label",iserror(vlookup($A26&$B26,'3) Release_Label'!$D:$D&'3) Release_Label'!$E:$E,1,0)),"NO UPC-CATALOG ID pair MATCH in Release_Label" )} | E26: Amrinder Gill | F26: Main Primary Artist | G26: {=ifs(or($F26="",$F26="Main Primary Artist"),$F26,not(iserror(vlookup($F26,'Reference info'!$J$5:$J$8,1,0))),"Key Artist",not(iserror(vlookup($F26,'Reference info'!$J$38:$J$405,1,0))),"Performer",not(iserror(vlookup($F26,'Reference info'!$J$10:$J$36,1,0))),"Producer & Engineer")} -> Main Primary Artist
A27: 9995964332198 | C27: {=ifs(and(isblank($A27),isblank($B27)),"", not(iserror(vlookup($A27&$B27,'3) Release_Label'!$D:$D&'3) Release_Label'!$E:$E,1,0))),vlookup($A27&$B27,{'3) Release_Label'!$D:$D&'3) Release_Label'!$E:$E,'3) Release_Label'!$F:$F},2,0), or(and(not(isblank($B27)),$B27=$B26,$A27<>$A26),and(not(isblank($A27)),$A27=$A26,$B27<>$B26)),"ID LISTS UNALIGNED",and($A27<>"",countif('3) Release_Label'!$D:$D,$A27)=0),"NO UPC MATCH in Release_Label",and($B27<>"",countif('3) Release_Label'!$E:$E,$B27)=0),"NO CATALOG ID MATCH in Release_Label",iserror(vlookup($A27&$B27,'3) Release_Label'!$D:$D&'3) Release_Label'!$E:$E,1,0)),"NO UPC-CATALOG ID pair MATCH in Release_Label" )} -> Dil Di Dua (From "Bhalwan Singh" Soundtrack) | D27: {=ifs(and(isblank($A27),isblank($B27)),"", not(iserror(vlookup($A27&$B27,'3) Release_Label'!$D:$D&'3) Release_Label'!$E:$E,1,0))),vlookup($A27&$B27,{'3) Release_Label'!$D:$D&'3) Release_Label'!$E:$E,'3) Release_Label'!$H:$H},2,0), or(and(not(isblank($B27)),$B27=$B26,$A27<>$A26),and(not(isblank($A27)),$A27=$A26,$B27<>$B26)),"ID LISTS UNALIGNED",and($A27<>"",countif('3) Release_Label'!$D:$D,$A27)=0),"NO UPC MATCH in Release_Label",and($B27<>"",countif('3) Release_Label'!$E:$E,$B27)=0),"NO CATALOG ID MATCH in Release_Label",iserror(vlookup($A27&$B27,'3) Release_Label'!$D:$D&'3) Release_Label'!$E:$E,1,0)),"NO UPC-CATALOG ID pair MATCH in Release_Label" )} | E27: Gurmoh | F27: With | G27: {=ifs(or($F27="",$F27="Main Primary Artist"),$F27,not(iserror(vlookup($F27,'Reference info'!$J$5:$J$8,1,0))),"Key Artist",not(iserror(vlookup($F27,'Reference info'!$J$38:$J$405,1,0))),"Performer",not(iserror(vlookup($F27,'Reference info'!$J$10:$J$36,1,0))),"Producer & Engineer")} -> Key Artist
A28: 9995964321710 | C28: {=ifs(and(isblank($A28),isblank($B28)),"", not(iserror(vlookup($A28&$B28,'3) Release_Label'!$D:$D&'3) Release_Label'!$E:$E,1,0))),vlookup($A28&$B28,{'3) Release_Label'!$D:$D&'3) Release_Label'!$E:$E,'3) Release_Label'!$F:$F},2,0), or(and(not(isblank($B28)),$B28=$B27,$A28<>$A27),and(not(isblank($A28)),$A28=$A27,$B28<>$B27)),"ID LISTS UNALIGNED",and($A28<>"",countif('3) Release_Label'!$D:$D,$A28)=0),"NO UPC MATCH in Release_Label",and($B28<>"",countif('3) Release_Label'!$E:$E,$B28)=0),"NO CATALOG ID MATCH in Release_Label",iserror(vlookup($A28&$B28,'3) Release_Label'!$D:$D&'3) Release_Label'!$E:$E,1,0)),"NO UPC-CATALOG ID pair MATCH in Release_Label" )} -> Geetkariyan | D28: {=ifs(and(isblank($A28),isblank($B28)),"", not(iserror(vlookup($A28&$B28,'3) Release_Label'!$D:$D&'3) Release_Label'!$E:$E,1,0))),vlookup($A28&$B28,{'3) Release_Label'!$D:$D&'3) Release_Label'!$E:$E,'3) Release_Label'!$H:$H},2,0), or(and(not(isblank($B28)),$B28=$B27,$A28<>$A27),and(not(isblank($A28)),$A28=$A27,$B28<>$B27)),"ID LISTS UNALIGNED",and($A28<>"",countif('3) Release_Label'!$D:$D,$A28)=0),"NO UPC MATCH in Release_Label",and($B28<>"",countif('3) Release_Label'!$E:$E,$B28)=0),"NO CATALOG ID MATCH in Release_Label",iserror(vlookup($A28&$B28,'3) Release_Label'!$D:$D&'3) Release_Label'!$E:$E,1,0)),"NO UPC-CATALOG ID pair MATCH in Release_Label" )} | E28: Gurshabad | F28: Main Primary Artist | G28: {=ifs(or($F28="",$F28="Main Primary Artist"),$F28,not(iserror(vlookup($F28,'Reference info'!$J$5:$J$8,1,0))),"Key Artist",not(iserror(vlookup($F28,'Reference info'!$J$38:$J$405,1,0))),"Performer",not(iserror(vlookup($F28,'Reference info'!$J$10:$J$36,1,0))),"Producer & Engineer")} -> Main Primary Artist
... A30: 9995964321710 | C30: {=ifs(and(isblank($A30),isblank($B30)),"", not(iserror(vlookup($A30&$B30,'3) Release_Label'!$D:$D&'3) Release_Label'!$E:$E,1,0))),vlookup($A30&$B30,{'3) Release_Label'!$D:$D&'3) Release_Label'!$E:$E,'3) Release_Label'!$F:$F},2,0), or(and(not(isblank($B30)),$B30=$B29,$A30<>$A29),and(not(isblank($A30)),$A30=$A29,$B30<>$B29)),"ID LISTS UNALIGNED",and($A30<>"",countif('3) Release_Label'!$D:$D,$A30)=0),"NO UPC MATCH in Release_Label",and($B30<>"",countif('3) Release_Label'!$E:$E,$B30)=0),"NO CATALOG ID MATCH in Release_Label",iserror(vlookup($A30&$B30,'3) Release_Label'!$D:$D&'3) Release_Label'!$E:$E,1,0)),"NO UPC-CATALOG ID pair MATCH in Release_Label" )} -> Geetkariyan | D30: {=ifs(and(isblank($A30),isblank($B30)),"", not(iserror(vlookup($A30&$B30,'3) Release_Label'!$D:$D&'3) Release_Label'!$E:$E,1,0))),vlookup($A30&$B30,{'3) Release_Label'!$D:$D&'3) Release_Label'!$E:$E,'3) Release_Label'!$H:$H},2,0), or(and(not(isblank($B30)),$B30=$B29,$A30<>$A29),and(not(isblank($A30)),$A30=$A29,$B30<>$B29)),"ID LISTS UNALIGNED",and($A30<>"",countif('3) Release_Label'!$D:$D,$A30)=0),"NO UPC MATCH in Release_Label",and($B30<>"",countif('3) Release_Label'!$E:$E,$B30)=0),"NO CATALOG ID MATCH in Release_Label",iserror(vlookup($A30&$B30,'3) Release_Label'!$D:$D&'3) Release_Label'!$E:$E,1,0)),"NO UPC-CATALOG ID pair MATCH in Release_Label" )} | E30: Gurmoh | F30: With | G30: {=ifs(or($F30="",$F30="Main Primary Artist"),$F30,not(iserror(vlookup($F30,'Reference info'!$J$5:$J$8,1,0))),"Key Artist",not(iserror(vlookup($F30,'Reference info'!$J$38:$J$405,1,0))),"Performer",not(iserror(vlookup($F30,'Reference info'!$J$10:$J$36,1,0))),"Producer & Engineer")} -> Key Artist
A31: 9995964330514 | C31: {=ifs(and(isblank($A31),isblank($B31)),"", not(iserror(vlookup($A31&$B31,'3) Release_Label'!$D:$D&'3) Release_Label'!$E:$E,1,0))),vlookup($A31&$B31,{'3) Release_Label'!$D:$D&'3) Release_Label'!$E:$E,'3) Release_Label'!$F:$F},2,0), or(and(not(isblank($B31)),$B31=#REF!,$A31<>#REF!),and(not(isblank($A31)),$A31=#REF!,$B31<>#REF!)),"ID LISTS UNALIGNED",and($A31<>"",countif('3) Release_Label'!$D:$D,$A31)=0),"NO UPC MATCH in Release_Label",and($B31<>"",countif('3) Release_Label'!$E:$E,$B31)=0),"NO CATALOG ID MATCH in Release_Label",iserror(vlookup($A31&$B31,'3) Release_Label'!$D:$D&'3) Release_Label'!$E:$E,1,0)),"NO UPC-CATALOG ID pair MATCH in Release_Label" )} -> Janjhan (From "Lahoriye" Soundtrack) | D31: {=ifs(and(isblank($A31),isblank($B31)),"", not(iserror(vlookup($A31&$B31,'3) Release_Label'!$D:$D&'3) Release_Label'!$E:$E,1,0))),vlookup($A31&$B31,{'3) Release_Label'!$D:$D&'3) Release_Label'!$E:$E,'3) Release_Label'!$H:$H},2,0), or(and(not(isblank($B31)),$B31=#REF!,$A31<>#REF!),and(not(isblank($A31)),$A31=#REF!,$B31<>#REF!)),"ID LISTS UNALIGNED",and($A31<>"",countif('3) Release_Label'!$D:$D,$A31)=0),"NO UPC MATCH in Release_Label",and($B31<>"",countif('3) Release_Label'!$E:$E,$B31)=0),"NO CATALOG ID MATCH in Release_Label",iserror(vlookup($A31&$B31,'3) Release_Label'!$D:$D&'3) Release_Label'!$E:$E,1,0)),"NO UPC-CATALOG ID pair MATCH in Release_Label" )} | E31: Gurpreet Maan | F31: Main Primary Artist | G31: {=ifs(or($F31="",$F31="Main Primary Artist"),$F31,not(iserror(vlookup($F31,'Reference info'!$J$5:$J$8,1,0))),"Key Artist",not(iserror(vlookup($F31,'Reference info'!$J$38:$J$405,1,0))),"Performer",not(iserror(vlookup($F31,'Reference info'!$J$10:$J$36,1,0))),"Producer & Engineer")} -> Main Primary Artist
A32: 9995964330514 | C32: {=ifs(and(isblank($A32),isblank($B32)),"", not(iserror(vlookup($A32&$B32,'3) Release_Label'!$D:$D&'3) Release_Label'!$E:$E,1,0))),vlookup($A32&$B32,{'3) Release_Label'!$D:$D&'3) Release_Label'!$E:$E,'3) Release_Label'!$F:$F},2,0), or(and(not(isblank($B32)),$B32=$B31,$A32<>$A31),and(not(isblank($A32)),$A32=$A31,$B32<>$B31)),"ID LISTS UNALIGNED",and($A32<>"",countif('3) Release_Label'!$D:$D,$A32)=0),"NO UPC MATCH in Release_Label",and($B32<>"",countif('3) Release_Label'!$E:$E,$B32)=0),"NO CATALOG ID MATCH in Release_Label",iserror(vlookup($A32&$B32,'3) Release_Label'!$D:$D&'3) Release_Label'!$E:$E,1,0)),"NO UPC-CATALOG ID pair MATCH in Release_Label" )} -> Janjhan (From "Lahoriye" Soundtrack) | D32: {=ifs(and(isblank($A32),isblank($B32)),"", not(iserror(vlookup($A32&$B32,'3) Release_Label'!$D:$D&'3) Release_Label'!$E:$E,1,0))),vlookup($A32&$B32,{'3) Release_Label'!$D:$D&'3) Release_Label'!$E:$E,'3) Release_Label'!$H:$H},2,0), or(and(not(isblank($B32)),$B32=$B31,$A32<>$A31),and(not(isblank($A32)),$A32=$A31,$B32<>$B31)),"ID LISTS UNALIGNED",and($A32<>"",countif('3) Release_Label'!$D:$D,$A32)=0),"NO UPC MATCH in Release_Label",and($B32<>"",countif('3) Release_Label'!$E:$E,$B32)=0),"NO CATALOG ID MATCH in Release_Label",iserror(vlookup($A32&$B32,'3) Release_Label'!$D:$D&'3) Release_Label'!$E:$E,1,0)),"NO UPC-CATALOG ID pair MATCH in Release_Label" )} | E32: Jatinder Shah | F32: With | G32: {=ifs(or($F32="",$F32="Main Primary Artist"),$F32,not(iserror(vlookup($F32,'Reference info'!$J$5:$J$8,1,0))),"Key Artist",not(iserror(vlookup($F32,'Reference info'!$J$38:$J$405,1,0))),"Performer",not(iserror(vlookup($F32,'Reference info'!$J$10:$J$36,1,0))),"Producer & Engineer")} -> Key Artist
A33: 9995964330576 | C33: {=ifs(and(isblank($A33),isblank($B33)),"", not(iserror(vlookup($A33&$B33,'3) Release_Label'!$D:$D&'3) Release_Label'!$E:$E,1,0))),vlookup($A33&$B33,{'3) Release_Label'!$D:$D&'3) Release_Label'!$E:$E,'3) Release_Label'!$F:$F},2,0), or(and(not(isblank($B33)),$B33=$B32,$A33<>$A32),and(not(isblank($A33)),$A33=$A32,$B33<>$B32)),"ID LISTS UNALIGNED",and($A33<>"",countif('3) Release_Label'!$D:$D,$A33)=0),"NO UPC MATCH in Release_Label",and($B33<>"",countif('3) Release_Label'!$E:$E,$B33)=0),"NO CATALOG ID MATCH in Release_Label",iserror(vlookup($A33&$B33,'3) Release_Label'!$D:$D&'3) Release_Label'!$E:$E,1,0)),"NO UPC-CATALOG ID pair MATCH in Release_Label" )} -> Jeeondean Ch (From "Lahoriye" Soundtrack) | D33: {=ifs(and(isblank($A33),isblank($B33)),"", not(iserror(vlookup($A33&$B33,'3) Release_Label'!$D:$D&'3) Release_Label'!$E:$E,1,0))),vlookup($A33&$B33,{'3) Release_Label'!$D:$D&'3) Release_Label'!$E:$E,'3) Release_Label'!$H:$H},2,0), or(and(not(isblank($B33)),$B33=$B32,$A33<>$A32),and(not(isblank($A33)),$A33=$A32,$B33<>$B32)),"ID LISTS UNALIGNED",and($A33<>"",countif('3) Release_Label'!$D:$D,$A33)=0),"NO UPC MATCH in Release_Label",and($B33<>"",countif('3) Release_Label'!$E:$E,$B33)=0),"NO CATALOG ID MATCH in Release_Label",iserror(vlookup($A33&$B33,'3) Release_Label'!$D:$D&'3) Release_Label'!$E:$E,1,0)),"NO UPC-CATALOG ID pair MATCH in Release_Label" )} | E33: Amrinder Gill | F33: Main Primary Artist | G33: {=ifs(or($F33="",$F33="Main Primary Artist"),$F33,not(iserror(vlookup($F33,'Reference info'!$J$5:$J$8,1,0))),"Key Artist",not(iserror(vlookup($F33,'Reference info'!$J$38:$J$405,1,0))),"Performer",not(iserror(vlookup($F33,'Reference info'!$J$10:$J$36,1,0))),"Producer & Engineer")} -> Main Primary Artist
A34: 9995964330576 | C34: {=ifs(and(isblank($A34),isblank($B34)),"", not(iserror(vlookup($A34&$B34,'3) Release_Label'!$D:$D&'3) Release_Label'!$E:$E,1,0))),vlookup($A34&$B34,{'3) Release_Label'!$D:$D&'3) Release_Label'!$E:$E,'3) Release_Label'!$F:$F},2,0), or(and(not(isblank($B34)),$B34=$B33,$A34<>$A33),and(not(isblank($A34)),$A34=$A33,$B34<>$B33)),"ID LISTS UNALIGNED",and($A34<>"",countif('3) Release_Label'!$D:$D,$A34)=0),"NO UPC MATCH in Release_Label",and($B34<>"",countif('3) Release_Label'!$E:$E,$B34)=0),"NO CATALOG ID MATCH in Release_Label",iserror(vlookup($A34&$B34,'3) Release_Label'!$D:$D&'3) Release_Label'!$E:$E,1,0)),"NO UPC-CATALOG ID pair MATCH in Release_Label" )} -> Jeeondean Ch (From "Lahoriye" Soundtrack) | D34: {=ifs(and(isblank($A34),isblank($B34)),"", not(iserror(vlookup($A34&$B34,'3) Release_Label'!$D:$D&'3) Release_Label'!$E:$E,1,0))),vlookup($A34&$B34,{'3) Release_Label'!$D:$D&'3) Release_Label'!$E:$E,'3) Release_Label'!$H:$H},2,0), or(and(not(isblank($B34)),$B34=$B33,$A34<>$A33),and(not(isblank($A34)),$A34=$A33,$B34<>$B33)),"ID LISTS UNALIGNED",and($A34<>"",countif('3) Release_Label'!$D:$D,$A34)=0),"NO UPC MATCH in Release_Label",and($B34<>"",countif('3) Release_Label'!$E:$E,$B34)=0),"NO CATALOG ID MATCH in Release_Label",iserror(vlookup($A34&$B34,'3) Release_Label'!$D:$D&'3) Release_Label'!$E:$E,1,0)),"NO UPC-CATALOG ID pair MATCH in Release_Label" )} | E34: Jatinder Shah | F34: With | G34: {=ifs(or($F34="",$F34="Main Primary Artist"),$F34,not(iserror(vlookup($F34,'Reference info'!$J$5:$J$8,1,0))),"Key Artist",not(iserror(vlookup($F34,'Reference info'!$J$38:$J$405,1,0))),"Performer",not(iserror(vlookup($F34,'Reference info'!$J$10:$J$36,1,0))),"Producer & Engineer")} -> Key Artist
A35: 9995964321130 | C35: {=ifs(and(isblank($A35),isblank($B35)),"", not(iserror(vlookup($A35&$B35,'3) Release_Label'!$D:$D&'3) Release_Label'!$E:$E,1,0))),vlookup($A35&$B35,{'3) Release_Label'!$D:$D&'3) Release_Label'!$E:$E,'3) Release_Label'!$F:$F},2,0), or(and(not(isblank($B35)),$B35=$B34,$A35<>$A34),and(not(isblank($A35)),$A35=$A34,$B35<>$B34)),"ID LISTS UNALIGNED",and($A35<>"",countif('3) Release_Label'!$D:$D,$A35)=0),"NO UPC MATCH in Release_Label",and($B35<>"",countif('3) Release_Label'!$E:$E,$B35)=0),"NO CATALOG ID MATCH in Release_Label",iserror(vlookup($A35&$B35,'3) Release_Label'!$D:$D&'3) Release_Label'!$E:$E,1,0)),"NO UPC-CATALOG ID pair MATCH in Release_Label" )} -> Jind (From "Bambukat" Soundtrack) | D35: {=ifs(and(isblank($A35),isblank($B35)),"", not(iserror(vlookup($A35&$B35,'3) Release_Label'!$D:$D&'3) Release_Label'!$E:$E,1,0))),vlookup($A35&$B35,{'3) Release_Label'!$D:$D&'3) Release_Label'!$E:$E,'3) Release_Label'!$H:$H},2,0), or(and(not(isblank($B35)),$B35=$B34,$A35<>$A34),and(not(isblank($A35)),$A35=$A34,$B35<>$B34)),"ID LISTS UNALIGNED",and($A35<>"",countif('3) Release_Label'!$D:$D,$A35)=0),"NO UPC MATCH in Release_Label",and($B35<>"",countif('3) Release_Label'!$E:$E,$B35)=0),"NO CATALOG ID MATCH in Release_Label",iserror(vlookup($A35&$B35,'3) Release_Label'!$D:$D&'3) Release_Label'!$E:$E,1,0)),"NO UPC-CATALOG ID pair MATCH in Release_Label" )} | E35: Amrinder Gill | F35: Main Primary Artist | G35: {=ifs(or($F35="",$F35="Main Primary Artist"),$F35,not(iserror(vlookup($F35,'Reference info'!$J$5:$J$8,1,0))),"Key Artist",not(iserror(vlookup($F35,'Reference info'!$J$38:$J$405,1,0))),"Performer",not(iserror(vlookup($F35,'Reference info'!$J$10:$J$36,1,0))),"Producer & Engineer")} -> Main Primary Artist
A36: 9995964321130 | C36: {=ifs(and(isblank($A36),isblank($B36)),"", not(iserror(vlookup($A36&$B36,'3) Release_Label'!$D:$D&'3) Release_Label'!$E:$E,1,0))),vlookup($A36&$B36,{'3) Release_Label'!$D:$D&'3) Release_Label'!$E:$E,'3) Release_Label'!$F:$F},2,0), or(and(not(isblank($B36)),$B36=$B35,$A36<>$A35),and(not(isblank($A36)),$A36=$A35,$B36<>$B35)),"ID LISTS UNALIGNED",and($A36<>"",countif('3) Release_Label'!$D:$D,$A36)=0),"NO UPC MATCH in Release_Label",and($B36<>"",countif('3) Release_Label'!$E:$E,$B36)=0),"NO CATALOG ID MATCH in Release_Label",iserror(vlookup($A36&$B36,'3) Release_Label'!$D:$D&'3) Release_Label'!$E:$E,1,0)),"NO UPC-CATALOG ID pair MATCH in Release_Label" )} -> Jind (From "Bambukat" Soundtrack) | D36: {=ifs(and(isblank($A36),isblank($B36)),"", not(iserror(vlookup($A36&$B36,'3) Release_Label'!$D:$D&'3) Release_Label'!$E:$E,1,0))),vlookup($A36&$B36,{'3) Release_Label'!$D:$D&'3) Release_Label'!$E:$E,'3) Release_Label'!$H:$H},2,0), or(and(not(isblank($B36)),$B36=$B35,$A36<>$A35),and(not(isblank($A36)),$A36=$A35,$B36<>$B35)),"ID LISTS UNALIGNED",and($A36<>"",countif('3) Release_Label'!$D:$D,$A36)=0),"NO UPC MATCH in Release_Label",and($B36<>"",countif('3) Release_Label'!$E:$E,$B36)=0),"NO CATALOG ID MATCH in Release_Label",iserror(vlookup($A36&$B36,'3) Release_Label'!$D:$D&'3) Release_Label'!$E:$E,1,0)),"NO UPC-CATALOG ID pair MATCH in Release_Label" )} | E36: Jatinder Shah | F36: With | G36: {=ifs(or($F36="",$F36="Main Primary Artist"),$F36,not(iserror(vlookup($F36,'Reference info'!$J$5:$J$8,1,0))),"Key Artist",not(iserror(vlookup($F36,'Reference info'!$J$38:$J$405,1,0))),"Performer",not(iserror(vlookup($F36,'Reference info'!$J$10:$J$36,1,0))),"Producer & Engineer")} -> Key Artist
A37: 9995964321208 | C37: {=ifs(and(isblank($A37),isblank($B37)),"", not(iserror(vlookup($A37&$B37,'3) Release_Label'!$D:$D&'3) Release_Label'!$E:$E,1,0))),vlookup($A37&$B37,{'3) Release_Label'!$D:$D&'3) Release_Label'!$E:$E,'3) Release_Label'!$F:$F},2,0), or(and(not(isblank($B37)),$B37=#REF!,$A37<>#REF!),and(not(isblank($A37)),$A37=#REF!,$B37<>#REF!)),"ID LISTS UNALIGNED",and($A37<>"",countif('3) Release_Label'!$D:$D,$A37)=0),"NO UPC MATCH in Release_Label",and($B37<>"",countif('3) Release_Label'!$E:$E,$B37)=0),"NO CATALOG ID MATCH in Release_Label",iserror(vlookup($A37&$B37,'3) Release_Label'!$D:$D&'3) Release_Label'!$E:$E,1,0)),"NO UPC-CATALOG ID pair MATCH in Release_Label" )} -> Kainthe Wala (From "Bambukat" Soundtrack) | D37: {=ifs(and(isblank($A37),isblank($B37)),"", not(iserror(vlookup($A37&$B37,'3) Release_Label'!$D:$D&'3) Release_Label'!$E:$E,1,0))),vlookup($A37&$B37,{'3) Release_Label'!$D:$D&'3) Release_Label'!$E:$E,'3) Release_Label'!$H:$H},2,0), or(and(not(isblank($B37)),$B37=#REF!,$A37<>#REF!),and(not(isblank($A37)),$A37=#REF!,$B37<>#REF!)),"ID LISTS UNALIGNED",and($A37<>"",countif('3) Release_Label'!$D:$D,$A37)=0),"NO UPC MATCH in Release_Label",and($B37<>"",countif('3) Release_Label'!$E:$E,$B37)=0),"NO CATALOG ID MATCH in Release_Label",iserror(vlookup($A37&$B37,'3) Release_Label'!$D:$D&'3) Release_Label'!$E:$E,1,0)),"NO UPC-CATALOG ID pair MATCH in Release_Label" )} | E37: Ammy Virk | F37: Main Primary Artist | G37: {=ifs(or($F37="",$F37="Main Primary Artist"),$F37,not(iserror(vlookup($F37,'Reference info'!$J$5:$J$8,1,0))),"Key Artist",not(iserror(vlookup($F37,'Reference info'!$J$38:$J$405,1,0))),"Performer",not(iserror(vlookup($F37,'Reference info'!$J$10:$J$36,1,0))),"Producer & Engineer")} -> Main Primary Artist
A38: 9995964321208 | C38: {=ifs(and(isblank($A38),isblank($B38)),"", not(iserror(vlookup($A38&$B38,'3) Release_Label'!$D:$D&'3) Release_Label'!$E:$E,1,0))),vlookup($A38&$B38,{'3) Release_Label'!$D:$D&'3) Release_Label'!$E:$E,'3) Release_Label'!$F:$F},2,0), or(and(not(isblank($B38)),$B38=$B37,$A38<>$A37),and(not(isblank($A38)),$A38=$A37,$B38<>$B37)),"ID LISTS UNALIGNED",and($A38<>"",countif('3) Release_Label'!$D:$D,$A38)=0),"NO UPC MATCH in Release_Label",and($B38<>"",countif('3) Release_Label'!$E:$E,$B38)=0),"NO CATALOG ID MATCH in Release_Label",iserror(vlookup($A38&$B38,'3) Release_Label'!$D:$D&'3) Release_Label'!$E:$E,1,0)),"NO UPC-CATALOG ID pair MATCH in Release_Label" )} -> Kainthe Wala (From "Bambukat" Soundtrack) | D38: {=ifs(and(isblank($A38),isblank($B38)),"", not(iserror(vlookup($A38&$B38,'3) Release_Label'!$D:$D&'3) Release_Label'!$E:$E,1,0))),vlookup($A38&$B38,{'3) Release_Label'!$D:$D&'3) Release_Label'!$E:$E,'3) Release_Label'!$H:$H},2,0), or(and(not(isblank($B38)),$B38=$B37,$A38<>$A37),and(not(isblank($A38)),$A38=$A37,$B38<>$B37)),"ID LISTS UNALIGNED",and($A38<>"",countif('3) Release_Label'!$D:$D,$A38)=0),"NO UPC MATCH in Release_Label",and($B38<>"",countif('3) Release_Label'!$E:$E,$B38)=0),"NO CATALOG ID MATCH in Release_Label",iserror(vlookup($A38&$B38,'3) Release_Label'!$D:$D&'3) Release_Label'!$E:$E,1,0)),"NO UPC-CATALOG ID pair MATCH in Release_Label" )} | E38: Kaur-B | F38: Primary Artist | G38: {=ifs(or($F38="",$F38="Main Primary Artist"),$F38,not(iserror(vlookup($F38,'Reference info'!$J$5:$J$8,1,0))),"Key Artist",not(iserror(vlookup($F38,'Reference info'!$J$38:$J$405,1,0))),"Performer",not(iserror(vlookup($F38,'Reference info'!$J$10:$J$36,1,0))),"Producer & Engineer")} -> Key Artist
A39: 9995964321208 | C39: {=ifs(and(isblank($A39),isblank($B39)),"", not(iserror(vlookup($A39&$B39,'3) Release_Label'!$D:$D&'3) Release_Label'!$E:$E,1,0))),vlookup($A39&$B39,{'3) Release_Label'!$D:$D&'3) Release_Label'!$E:$E,'3) Release_Label'!$F:$F},2,0), or(and(not(isblank($B39)),$B39=$B38,$A39<>$A38),and(not(isblank($A39)),$A39=$A38,$B39<>$B38)),"ID LISTS UNALIGNED",and($A39<>"",countif('3) Release_Label'!$D:$D,$A39)=0),"NO UPC MATCH in Release_Label",and($B39<>"",countif('3) Release_Label'!$E:$E,$B39)=0),"NO CATALOG ID MATCH in Release_Label",iserror(vlookup($A39&$B39,'3) Release_Label'!$D:$D&'3) Release_Label'!$E:$E,1,0)),"NO UPC-CATALOG ID pair MATCH in Release_Label" )} -> Kainthe Wala (From "Bambukat" Soundtrack) | D39: {=ifs(and(isblank($A39),isblank($B39)),"", not(iserror(vlookup($A39&$B39,'3) Release_Label'!$D:$D&'3) Release_Label'!$E:$E,1,0))),vlookup($A39&$B39,{'3) Release_Label'!$D:$D&'3) Release_Label'!$E:$E,'3) Release_Label'!$H:$H},2,0), or(and(not(isblank($B39)),$B39=$B38,$A39<>$A38),and(not(isblank($A39)),$A39=$A38,$B39<>$B38)),"ID LISTS UNALIGNED",and($A39<>"",countif('3) Release_Label'!$D:$D,$A39)=0),"NO UPC MATCH in Release_Label",and($B39<>"",countif('3) Release_Label'!$E:$E,$B39)=0),"NO CATALOG ID MATCH in Release_Label",iserror(vlookup($A39&$B39,'3) Release_Label'!$D:$D&'3) Release_Label'!$E:$E,1,0)),"NO UPC-CATALOG ID pair MATCH in Release_Label" )} | E39: Jatinder Shah | F39: With | G39: {=ifs(or($F39="",$F39="Main Primary Artist"),$F39,not(iserror(vlookup($F39,'Reference info'!$J$5:$J$8,1,0))),"Key Artist",not(iserror(vlookup($F39,'Reference info'!$J$38:$J$405,1,0))),"Performer",not(iserror(vlookup($F39,'Reference info'!$J$10:$J$36,1,0))),"Producer & Engineer")} -> Key Artist
A40: 9995964357160 | C40: {=ifs(and(isblank($A40),isblank($B40)),"", not(iserror(vlookup($A40&$B40,'3) Release_Label'!$D:$D&'3) Release_Label'!$E:$E,1,0))),vlookup($A40&$B40,{'3) Release_Label'!$D:$D&'3) Release_Label'!$E:$E,'3) Release_Label'!$F:$F},2,0), or(and(not(isblank($B40)),$B40=$B39,$A40<>$A39),and(not(isblank($A40)),$A40=$A39,$B40<>$B39)),"ID LISTS UNALIGNED",and($A40<>"",countif('3) Release_Label'!$D:$D,$A40)=0),"NO UPC MATCH in Release_Label",and($B40<>"",countif('3) Release_Label'!$E:$E,$B40)=0),"NO CATALOG ID MATCH in Release_Label",iserror(vlookup($A40&$B40,'3) Release_Label'!$D:$D&'3) Release_Label'!$E:$E,1,0)),"NO UPC-CATALOG ID pair MATCH in Release_Label" )} -> Kanda Kacheya Ne (From "Daana Paani" Soundtrack) | D40: {=ifs(and(isblank($A40),isblank($B40)),"", not(iserror(vlookup($A40&$B40,'3) Release_Label'!$D:$D&'3) Release_Label'!$E:$E,1,0))),vlookup($A40&$B40,{'3) Release_Label'!$D:$D&'3) Release_Label'!$E:$E,'3) Release_Label'!$H:$H},2,0), or(and(not(isblank($B40)),$B40=$B39,$A40<>$A39),and(not(isblank($A40)),$A40=$A39,$B40<>$B39)),"ID LISTS UNALIGNED",and($A40<>"",countif('3) Release_Label'!$D:$D,$A40)=0),"NO UPC MATCH in Release_Label",and($B40<>"",countif('3) Release_Label'!$E:$E,$B40)=0),"NO CATALOG ID MATCH in Release_Label",iserror(vlookup($A40&$B40,'3) Release_Label'!$D:$D&'3) Release_Label'!$E:$E,1,0)),"NO UPC-CATALOG ID pair MATCH in Release_Label" )} | E40: Jyotica Tangri | F40: Main Primary Artist | G40: {=ifs(or($F40="",$F40="Main Primary Artist"),$F40,not(iserror(vlookup($F40,'Reference info'!$J$5:$J$8,1,0))),"Key Artist",not(iserror(vlookup($F40,'Reference info'!$J$38:$J$405,1,0))),"Performer",not(iserror(vlookup($F40,'Reference info'!$J$10:$J$36,1,0))),"Producer & Engineer")} -> Main Primary Artist
A41: 9995964357160 | C41: {=ifs(and(isblank($A41),isblank($B41)),"", not(iserror(vlookup($A41&$B41,'3) Release_Label'!$D:$D&'3) Release_Label'!$E:$E,1,0))),vlookup($A41&$B41,{'3) Release_Label'!$D:$D&'3) Release_Label'!$E:$E,'3) Release_Label'!$F:$F},2,0), or(and(not(isblank($B41)),$B41=$B40,$A41<>$A40),and(not(isblank($A41)),$A41=$A40,$B41<>$B40)),"ID LISTS UNALIGNED",and($A41<>"",countif('3) Release_Label'!$D:$D,$A41)=0),"NO UPC MATCH in Release_Label",and($B41<>"",countif('3) Release_Label'!$E:$E,$B41)=0),"NO CATALOG ID MATCH in Release_Label",iserror(vlookup($A41&$B41,'3) Release_Label'!$D:$D&'3) Release_Label'!$E:$E,1,0)),"NO UPC-CATALOG ID pair MATCH in Release_Label" )} -> Kanda Kacheya Ne (From "Daana Paani" Soundtrack) | D41: {=ifs(and(isblank($A41),isblank($B41)),"", not(iserror(vlookup($A41&$B41,'3) Release_Label'!$D:$D&'3) Release_Label'!$E:$E,1,0))),vlookup($A41&$B41,{'3) Release_Label'!$D:$D&'3) Release_Label'!$E:$E,'3) Release_Label'!$H:$H},2,0), or(and(not(isblank($B41)),$B41=$B40,$A41<>$A40),and(not(isblank($A41)),$A41=$A40,$B41<>$B40)),"ID LISTS UNALIGNED",and($A41<>"",countif('3) Release_Label'!$D:$D,$A41)=0),"NO UPC MATCH in Release_Label",and($B41<>"",countif('3) Release_Label'!$E:$E,$B41)=0),"NO CATALOG ID MATCH in Release_Label",iserror(vlookup($A41&$B41,'3) Release_Label'!$D:$D&'3) Release_Label'!$E:$E,1,0)),"NO UPC-CATALOG ID pair MATCH in Release_Label" )} | E41: Jaidev Kumar | F41: With | G41: {=ifs(or($F41="",$F41="Main Primary Artist"),$F41,not(iserror(vlookup($F41,'Reference info'!$J$5:$J$8,1,0))),"Key Artist",not(iserror(vlookup($F41,'Reference info'!$J$38:$J$405,1,0))),"Performer",not(iserror(vlookup($F41,'Reference info'!$J$10:$J$36,1,0))),"Producer & Engineer")} -> Key Artist
A42: 9995964356552 | C42: {=ifs(and(isblank($A42),isblank($B42)),"", not(iserror(vlookup($A42&$B42,'3) Release_Label'!$D:$D&'3) Release_Label'!$E:$E,1,0))),vlookup($A42&$B42,{'3) Release_Label'!$D:$D&'3) Release_Label'!$E:$E,'3) Release_Label'!$F:$F},2,0), or(and(not(isblank($B42)),$B42=#REF!,$A42<>#REF!),and(not(isblank($A42)),$A42=#REF!,$B42<>#REF!)),"ID LISTS UNALIGNED",and($A42<>"",countif('3) Release_Label'!$D:$D,$A42)=0),"NO UPC MATCH in Release_Label",and($B42<>"",countif('3) Release_Label'!$E:$E,$B42)=0),"NO CATALOG ID MATCH in Release_Label",iserror(vlookup($A42&$B42,'3) Release_Label'!$D:$D&'3) Release_Label'!$E:$E,1,0)),"NO UPC-CATALOG ID pair MATCH in Release_Label" )} -> Lakh Vaari (From "Golak Bugni Bank Te Batua" Soundtrack) | D42: {=ifs(and(isblank($A42),isblank($B42)),"", not(iserror(vlookup($A42&$B42,'3) Release_Label'!$D:$D&'3) Release_Label'!$E:$E,1,0))),vlookup($A42&$B42,{'3) Release_Label'!$D:$D&'3) Release_Label'!$E:$E,'3) Release_Label'!$H:$H},2,0), or(and(not(isblank($B42)),$B42=#REF!,$A42<>#REF!),and(not(isblank($A42)),$A42=#REF!,$B42<>#REF!)),"ID LISTS UNALIGNED",and($A42<>"",countif('3) Release_Label'!$D:$D,$A42)=0),"NO UPC MATCH in Release_Label",and($B42<>"",countif('3) Release_Label'!$E:$E,$B42)=0),"NO CATALOG ID MATCH in Release_Label",iserror(vlookup($A42&$B42,'3) Release_Label'!$D:$D&'3) Release_Label'!$E:$E,1,0)),"NO UPC-CATALOG ID pair MATCH in Release_Label" )} | E42: Amrinder Gill | F42: Main Primary Artist | G42: {=ifs(or($F42="",$F42="Main Primary Artist"),$F42,not(iserror(vlookup($F42,'Reference info'!$J$5:$J$8,1,0))),"Key Artist",not(iserror(vlookup($F42,'Reference info'!$J$38:$J$405,1,0))),"Performer",not(iserror(vlookup($F42,'Reference info'!$J$10:$J$36,1,0))),"Producer & Engineer")} -> Main Primary Artist
A43: 9995964356552 | C43: {=ifs(and(isblank($A43),isblank($B43)),"", not(iserror(vlookup($A43&$B43,'3) Release_Label'!$D:$D&'3) Release_Label'!$E:$E,1,0))),vlookup($A43&$B43,{'3) Release_Label'!$D:$D&'3) Release_Label'!$E:$E,'3) Release_Label'!$F:$F},2,0), or(and(not(isblank($B43)),$B43=$B42,$A43<>$A42),and(not(isblank($A43)),$A43=$A42,$B43<>$B42)),"ID LISTS UNALIGNED",and($A43<>"",countif('3) Release_Label'!$D:$D,$A43)=0),"NO UPC MATCH in Release_Label",and($B43<>"",countif('3) Release_Label'!$E:$E,$B43)=0),"NO CATALOG ID MATCH in Release_Label",iserror(vlookup($A43&$B43,'3) Release_Label'!$D:$D&'3) Release_Label'!$E:$E,1,0)),"NO UPC-CATALOG ID pair MATCH in Release_Label" )} -> Lakh Vaari (From "Golak Bugni Bank Te Batua" Soundtrack) | D43: {=ifs(and(isblank($A43),isblank($B43)),"", not(iserror(vlookup($A43&$B43,'3) Release_Label'!$D:$D&'3) Release_Label'!$E:$E,1,0))),vlookup($A43&$B43,{'3) Release_Label'!$D:$D&'3) Release_Label'!$E:$E,'3) Release_Label'!$H:$H},2,0), or(and(not(isblank($B43)),$B43=$B42,$A43<>$A42),and(not(isblank($A43)),$A43=$A42,$B43<>$B42)),"ID LISTS UNALIGNED",and($A43<>"",countif('3) Release_Label'!$D:$D,$A43)=0),"NO UPC MATCH in Release_Label",and($B43<>"",countif('3) Release_Label'!$E:$E,$B43)=0),"NO CATALOG ID MATCH in Release_Label",iserror(vlookup($A43&$B43,'3) Release_Label'!$D:$D&'3) Release_Label'!$E:$E,1,0)),"NO UPC-CATALOG ID pair MATCH in Release_Label" )} | E43: Jatinder Shah | F43: With | G43: {=ifs(or($F43="",$F43="Main Primary Artist"),$F43,not(iserror(vlookup($F43,'Reference info'!$J$5:$J$8,1,0))),"Key Artist",not(iserror(vlookup($F43,'Reference info'!$J$38:$J$405,1,0))),"Performer",not(iserror(vlookup($F43,'Reference info'!$J$10:$J$36,1,0))),"Producer & Engineer")} -> Key Artist
A44: 9995964321284 | C44: {=ifs(and(isblank($A44),isblank($B44)),"", not(iserror(vlookup($A44&$B44,'3) Release_Label'!$D:$D&'3) Release_Label'!$E:$E,1,0))),vlookup($A44&$B44,{'3) Release_Label'!$D:$D&'3) Release_Label'!$E:$E,'3) Release_Label'!$F:$F},2,0), or(and(not(isblank($B44)),$B44=$B43,$A44<>$A43),and(not(isblank($A44)),$A44=$A43,$B44<>$B43)),"ID LISTS UNALIGNED",and($A44<>"",countif('3) Release_Label'!$D:$D,$A44)=0),"NO UPC MATCH in Release_Label",and($B44<>"",countif('3) Release_Label'!$E:$E,$B44)=0),"NO CATALOG ID MATCH in Release_Label",iserror(vlookup($A44&$B44,'3) Release_Label'!$D:$D&'3) Release_Label'!$E:$E,1,0)),"NO UPC-CATALOG ID pair MATCH in Release_Label" )} -> Langhe Paani (From "Bambukat" Soundtrack) | D44: {=ifs(and(isblank($A44),isblank($B44)),"", not(iserror(vlookup($A44&$B44,'3) Release_Label'!$D:$D&'3) Release_Label'!$E:$E,1,0))),vlookup($A44&$B44,{'3) Release_Label'!$D:$D&'3) Release_Label'!$E:$E,'3) Release_Label'!$H:$H},2,0), or(and(not(isblank($B44)),$B44=$B43,$A44<>$A43),and(not(isblank($A44)),$A44=$A43,$B44<>$B43)),"ID LISTS UNALIGNED",and($A44<>"",countif('3) Release_Label'!$D:$D,$A44)=0),"NO UPC MATCH in Release_Label",and($B44<>"",countif('3) Release_Label'!$E:$E,$B44)=0),"NO CATALOG ID MATCH in Release_Label",iserror(vlookup($A44&$B44,'3) Release_Label'!$D:$D&'3) Release_Label'!$E:$E,1,0)),"NO UPC-CATALOG ID pair MATCH in Release_Label" )} | E44: Prabh Gill | F44: Main Primary Artist | G44: {=ifs(or($F44="",$F44="Main Primary Artist"),$F44,not(iserror(vlookup($F44,'Reference info'!$J$5:$J$8,1,0))),"Key Artist",not(iserror(vlookup($F44,'Reference info'!$J$38:$J$405,1,0))),"Performer",not(iserror(vlookup($F44,'Reference info'!$J$10:$J$36,1,0))),"Producer & Engineer")} -> Main Primary Artist
A45: 9995964321284 | C45: {=ifs(and(isblank($A45),isblank($B45)),"", not(iserror(vlookup($A45&$B45,'3) Release_Label'!$D:$D&'3) Release_Label'!$E:$E,1,0))),vlookup($A45&$B45,{'3) Release_Label'!$D:$D&'3) Release_Label'!$E:$E,'3) Release_Label'!$F:$F},2,0), or(and(not(isblank($B45)),$B45=$B44,$A45<>$A44),and(not(isblank($A45)),$A45=$A44,$B45<>$B44)),"ID LISTS UNALIGNED",and($A45<>"",countif('3) Release_Label'!$D:$D,$A45)=0),"NO UPC MATCH in Release_Label",and($B45<>"",countif('3) Release_Label'!$E:$E,$B45)=0),"NO CATALOG ID MATCH in Release_Label",iserror(vlookup($A45&$B45,'3) Release_Label'!$D:$D&'3) Release_Label'!$E:$E,1,0)),"NO UPC-CATALOG ID pair MATCH in Release_Label" )} -> Langhe Paani (From "Bambukat" Soundtrack) | D45: {=ifs(and(isblank($A45),isblank($B45)),"", not(iserror(vlookup($A45&$B45,'3) Release_Label'!$D:$D&'3) Release_Label'!$E:$E,1,0))),vlookup($A45&$B45,{'3) Release_Label'!$D:$D&'3) Release_Label'!$E:$E,'3) Release_Label'!$H:$H},2,0), or(and(not(isblank($B45)),$B45=$B44,$A45<>$A44),and(not(isblank($A45)),$A45=$A44,$B45<>$B44)),"ID LISTS UNALIGNED",and($A45<>"",countif('3) Release_Label'!$D:$D,$A45)=0),"NO UPC MATCH in Release_Label",and($B45<>"",countif('3) Release_Label'!$E:$E,$B45)=0),"NO CATALOG ID MATCH in Release_Label",iserror(vlookup($A45&$B45,'3) Release_Label'!$D:$D&'3) Release_Label'!$E:$E,1,0)),"NO UPC-CATALOG ID pair MATCH in Release_Label" )} | E45: Jatinder Shah | F45: With | G45: {=ifs(or($F45="",$F45="Main Primary Artist"),$F45,not(iserror(vlookup($F45,'Reference info'!$J$5:$J$8,1,0))),"Key Artist",not(iserror(vlookup($F45,'Reference info'!$J$38:$J$405,1,0))),"Performer",not(iserror(vlookup($F45,'Reference info'!$J$10:$J$36,1,0))),"Producer & Engineer")} -> Key Artist
A46: 9995964320096 | C46: {=ifs(and(isblank($A46),isblank($B46)),"", not(iserror(vlookup($A46&$B46,'3) Release_Label'!$D:$D&'3) Release_Label'!$E:$E,1,0))),vlookup($A46&$B46,{'3) Release_Label'!$D:$D&'3) Release_Label'!$E:$E,'3) Release_Label'!$F:$F},2,0), or(and(not(isblank($B46)),$B46=#REF!,$A46<>#REF!),and(not(isblank($A46)),$A46=#REF!,$B46<>#REF!)),"ID LISTS UNALIGNED",and($A46<>"",countif('3) Release_Label'!$D:$D,$A46)=0),"NO UPC MATCH in Release_Label",and($B46<>"",countif('3) Release_Label'!$E:$E,$B46)=0),"NO CATALOG ID MATCH in Release_Label",iserror(vlookup($A46&$B46,'3) Release_Label'!$D:$D&'3) Release_Label'!$E:$E,1,0)),"NO UPC-CATALOG ID pair MATCH in Release_Label" )} -> Love Punjab (Original Motion Picture Soundtrack) | D46: {=ifs(and(isblank($A46),isblank($B46)),"", not(iserror(vlookup($A46&$B46,'3) Release_Label'!$D:$D&'3) Release_Label'!$E:$E,1,0))),vlookup($A46&$B46,{'3) Release_Label'!$D:$D&'3) Release_Label'!$E:$E,'3) Release_Label'!$H:$H},2,0), or(and(not(isblank($B46)),$B46=#REF!,$A46<>#REF!),and(not(isblank($A46)),$A46=#REF!,$B46<>#REF!)),"ID LISTS UNALIGNED",and($A46<>"",countif('3) Release_Label'!$D:$D,$A46)=0),"NO UPC MATCH in Release_Label",and($B46<>"",countif('3) Release_Label'!$E:$E,$B46)=0),"NO CATALOG ID MATCH in Release_Label",iserror(vlookup($A46&$B46,'3) Release_Label'!$D:$D&'3) Release_Label'!$E:$E,1,0)),"NO UPC-CATALOG ID pair MATCH in Release_Label" )} | E46: Amrinder Gill | F46: Main Primary Artist | G46: {=ifs(or($F46="",$F46="Main Primary Artist"),$F46,not(iserror(vlookup($F46,'Reference info'!$J$5:$J$8,1,0))),"Key Artist",not(iserror(vlookup($F46,'Reference info'!$J$38:$J$405,1,0))),"Performer",not(iserror(vlookup($F46,'Reference info'!$J$10:$J$36,1,0))),"Producer & Engineer")} -> Main Primary Artist
A47: 9995964320096 | C47: {=ifs(and(isblank($A47),isblank($B47)),"", not(iserror(vlookup($A47&$B47,'3) Release_Label'!$D:$D&'3) Release_Label'!$E:$E,1,0))),vlookup($A47&$B47,{'3) Release_Label'!$D:$D&'3) Release_Label'!$E:$E,'3) Release_Label'!$F:$F},2,0), or(and(not(isblank($B47)),$B47=$B46,$A47<>$A46),and(not(isblank($A47)),$A47=$A46,$B47<>$B46)),"ID LISTS UNALIGNED",and($A47<>"",countif('3) Release_Label'!$D:$D,$A47)=0),"NO UPC MATCH in Release_Label",and($B47<>"",countif('3) Release_Label'!$E:$E,$B47)=0),"NO CATALOG ID MATCH in Release_Label",iserror(vlookup($A47&$B47,'3) Release_Label'!$D:$D&'3) Release_Label'!$E:$E,1,0)),"NO UPC-CATALOG ID pair MATCH in Release_Label" )} -> Love Punjab (Original Motion Picture Soundtrack) | D47: {=ifs(and(isblank($A47),isblank($B47)),"", not(iserror(vlookup($A47&$B47,'3) Release_Label'!$D:$D&'3) Release_Label'!$E:$E,1,0))),vlookup($A47&$B47,{'3) Release_Label'!$D:$D&'3) Release_Label'!$E:$E,'3) Release_Label'!$H:$H},2,0), or(and(not(isblank($B47)),$B47=$B46,$A47<>$A46),and(not(isblank($A47)),$A47=$A46,$B47<>$B46)),"ID LISTS UNALIGNED",and($A47<>"",countif('3) Release_Label'!$D:$D,$A47)=0),"NO UPC MATCH in Release_Label",and($B47<>"",countif('3) Release_Label'!$E:$E,$B47)=0),"NO CATALOG ID MATCH in Release_Label",iserror(vlookup($A47&$B47,'3) Release_Label'!$D:$D&'3) Release_Label'!$E:$E,1,0)),"NO UPC-CATALOG ID pair MATCH in Release_Label" )} | E47: Jatinder Shah | F47: With | G47: {=ifs(or($F47="",$F47="Main Primary Artist"),$F47,not(iserror(vlookup($F47,'Reference info'!$J$5:$J$8,1,0))),"Key Artist",not(iserror(vlookup($F47,'Reference info'!$J$38:$J$405,1,0))),"Performer",not(iserror(vlookup($F47,'Reference info'!$J$10:$J$36,1,0))),"Producer & Engineer")} -> Key Artist
A48: 9995964356712 | C48: {=ifs(and(isblank($A48),isblank($B48)),"", not(iserror(vlookup($A48&$B48,'3) Release_Label'!$D:$D&'3) Release_Label'!$E:$E,1,0))),vlookup($A48&$B48,{'3) Release_Label'!$D:$D&'3) Release_Label'!$E:$E,'3) Release_Label'!$F:$F},2,0), or(and(not(isblank($B48)),$B48=#REF!,$A48<>#REF!),and(not(isblank($A48)),$A48=#REF!,$B48<>#REF!)),"ID LISTS UNALIGNED",and($A48<>"",countif('3) Release_Label'!$D:$D,$A48)=0),"NO UPC MATCH in Release_Label",and($B48<>"",countif('3) Release_Label'!$E:$E,$B48)=0),"NO CATALOG ID MATCH in Release_Label",iserror(vlookup($A48&$B48,'3) Release_Label'!$D:$D&'3) Release_Label'!$E:$E,1,0)),"NO UPC-CATALOG ID pair MATCH in Release_Label" )} -> Maavan (From "Daana Paani" Soundtrack) | D48: {=ifs(and(isblank($A48),isblank($B48)),"", not(iserror(vlookup($A48&$B48,'3) Release_Label'!$D:$D&'3) Release_Label'!$E:$E,1,0))),vlookup($A48&$B48,{'3) Release_Label'!$D:$D&'3) Release_Label'!$E:$E,'3) Release_Label'!$H:$H},2,0), or(and(not(isblank($B48)),$B48=#REF!,$A48<>#REF!),and(not(isblank($A48)),$A48=#REF!,$B48<>#REF!)),"ID LISTS UNALIGNED",and($A48<>"",countif('3) Release_Label'!$D:$D,$A48)=0),"NO UPC MATCH in Release_Label",and($B48<>"",countif('3) Release_Label'!$E:$E,$B48)=0),"NO CATALOG ID MATCH in Release_Label",iserror(vlookup($A48&$B48,'3) Release_Label'!$D:$D&'3) Release_Label'!$E:$E,1,0)),"NO UPC-CATALOG ID pair MATCH in Release_Label" )} | E48: Harbhajan Mann | F48: Main Primary Artist | G48: {=ifs(or($F48="",$F48="Main Primary Artist"),$F48,not(iserror(vlookup($F48,'Reference info'!$J$5:$J$8,1,0))),"Key Artist",not(iserror(vlookup($F48,'Reference info'!$J$38:$J$405,1,0))),"Performer",not(iserror(vlookup($F48,'Reference info'!$J$10:$J$36,1,0))),"Producer & Engineer")} -> Main Primary Artist
A49: 9995964356712 | C49: {=ifs(and(isblank($A49),isblank($B49)),"", not(iserror(vlookup($A49&$B49,'3) Release_Label'!$D:$D&'3) Release_Label'!$E:$E,1,0))),vlookup($A49&$B49,{'3) Release_Label'!$D:$D&'3) Release_Label'!$E:$E,'3) Release_Label'!$F:$F},2,0), or(and(not(isblank($B49)),$B49=$B48,$A49<>$A48),and(not(isblank($A49)),$A49=$A48,$B49<>$B48)),"ID LISTS UNALIGNED",and($A49<>"",countif('3) Release_Label'!$D:$D,$A49)=0),"NO UPC MATCH in Release_Label",and($B49<>"",countif('3) Release_Label'!$E:$E,$B49)=0),"NO CATALOG ID MATCH in Release_Label",iserror(vlookup($A49&$B49,'3) Release_Label'!$D:$D&'3) Release_Label'!$E:$E,1,0)),"NO UPC-CATALOG ID pair MATCH in Release_Label" )} -> Maavan (From "Daana Paani" Soundtrack) | D49: {=ifs(and(isblank($A49),isblank($B49)),"", not(iserror(vlookup($A49&$B49,'3) Release_Label'!$D:$D&'3) Release_Label'!$E:$E,1,0))),vlookup($A49&$B49,{'3) Release_Label'!$D:$D&'3) Release_Label'!$E:$E,'3) Release_Label'!$H:$H},2,0), or(and(not(isblank($B49)),$B49=$B48,$A49<>$A48),and(not(isblank($A49)),$A49=$A48,$B49<>$B48)),"ID LISTS UNALIGNED",and($A49<>"",countif('3) Release_Label'!$D:$D,$A49)=0),"NO UPC MATCH in Release_Label",and($B49<>"",countif('3) Release_Label'!$E:$E,$B49)=0),"NO CATALOG ID MATCH in Release_Label",iserror(vlookup($A49&$B49,'3) Release_Label'!$D:$D&'3) Release_Label'!$E:$E,1,0)),"NO UPC-CATALOG ID pair MATCH in Release_Label" )} | E49: Jaidev Kumar | F49: With | G49: {=ifs(or($F49="",$F49="Main Primary Artist"),$F49,not(iserror(vlookup($F49,'Reference info'!$J$5:$J$8,1,0))),"Key Artist",not(iserror(vlookup($F49,'Reference info'!$J$38:$J$405,1,0))),"Performer",not(iserror(vlookup($F49,'Reference info'!$J$10:$J$36,1,0))),"Producer & Engineer")} -> Key Artist
A50: 9995964332129 | C50: {=ifs(and(isblank($A50),isblank($B50)),"", not(iserror(vlookup($A50&$B50,'3) Release_Label'!$D:$D&'3) Release_Label'!$E:$E,1,0))),vlookup($A50&$B50,{'3) Release_Label'!$D:$D&'3) Release_Label'!$E:$E,'3) Release_Label'!$F:$F},2,0), or(and(not(isblank($B50)),$B50=$B49,$A50<>$A49),and(not(isblank($A50)),$A50=$A49,$B50<>$B49)),"ID LISTS UNALIGNED",and($A50<>"",countif('3) Release_Label'!$D:$D,$A50)=0),"NO UPC MATCH in Release_Label",and($B50<>"",countif('3) Release_Label'!$E:$E,$B50)=0),"NO CATALOG ID MATCH in Release_Label",iserror(vlookup($A50&$B50,'3) Release_Label'!$D:$D&'3) Release_Label'!$E:$E,1,0)),"NO UPC-CATALOG ID pair MATCH in Release_Label" )} -> Manak Di Kali (From "Bhalwan Singh" Soundtrack) [with Jatinder Shah] | D50: {=ifs(and(isblank($A50),isblank($B50)),"", not(iserror(vlookup($A50&$B50,'3) Release_Label'!$D:$D&'3) Release_Label'!$E:$E,1,0))),vlookup($A50&$B50,{'3) Release_Label'!$D:$D&'3) Release_Label'!$E:$E,'3) Release_Label'!$H:$H},2,0), or(and(not(isblank($B50)),$B50=$B49,$A50<>$A49),and(not(isblank($A50)),$A50=$A49,$B50<>$B49)),"ID LISTS UNALIGNED",and($A50<>"",countif('3) Release_Label'!$D:$D,$A50)=0),"NO UPC MATCH in Release_Label",and($B50<>"",countif('3) Release_Label'!$E:$E,$B50)=0),"NO CATALOG ID MATCH in Release_Label",iserror(vlookup($A50&$B50,'3) Release_Label'!$D:$D&'3) Release_Label'!$E:$E,1,0)),"NO UPC-CATALOG ID pair MATCH in Release_Label" )} | E50: Ranjit Bawa | F50: Main Primary Artist | G50: {=ifs(or($F50="",$F50="Main Primary Artist"),$F50,not(iserror(vlookup($F50,'Reference info'!$J$5:$J$8,1,0))),"Key Artist",not(iserror(vlookup($F50,'Reference info'!$J$38:$J$405,1,0))),"Performer",not(iserror(vlookup($F50,'Reference info'!$J$10:$J$36,1,0))),"Producer & Engineer")} -> Main Primary Artist
A51: 9995964332129 | C51: {=ifs(and(isblank($A51),isblank($B51)),"", not(iserror(vlookup($A51&$B51,'3) Release_Label'!$D:$D&'3) Release_Label'!$E:$E,1,0))),vlookup($A51&$B51,{'3) Release_Label'!$D:$D&'3) Release_Label'!$E:$E,'3) Release_Label'!$F:$F},2,0), or(and(not(isblank($B51)),$B51=$B50,$A51<>$A50),and(not(isblank($A51)),$A51=$A50,$B51<>$B50)),"ID LISTS UNALIGNED",and($A51<>"",countif('3) Release_Label'!$D:$D,$A51)=0),"NO UPC MATCH in Release_Label",and($B51<>"",countif('3) Release_Label'!$E:$E,$B51)=0),"NO CATALOG ID MATCH in Release_Label",iserror(vlookup($A51&$B51,'3) Release_Label'!$D:$D&'3) Release_Label'!$E:$E,1,0)),"NO UPC-CATALOG ID pair MATCH in Release_Label" )} -> Manak Di Kali (From "Bhalwan Singh" Soundtrack) [with Jatinder Shah] | D51: {=ifs(and(isblank($A51),isblank($B51)),"", not(iserror(vlookup($A51&$B51,'3) Release_Label'!$D:$D&'3) Release_Label'!$E:$E,1,0))),vlookup($A51&$B51,{'3) Release_Label'!$D:$D&'3) Release_Label'!$E:$E,'3) Release_Label'!$H:$H},2,0), or(and(not(isblank($B51)),$B51=$B50,$A51<>$A50),and(not(isblank($A51)),$A51=$A50,$B51<>$B50)),"ID LISTS UNALIGNED",and($A51<>"",countif('3) Release_Label'!$D:$D,$A51)=0),"NO UPC MATCH in Release_Label",and($B51<>"",countif('3) Release_Label'!$E:$E,$B51)=0),"NO CATALOG ID MATCH in Release_Label",iserror(vlookup($A51&$B51,'3) Release_Label'!$D:$D&'3) Release_Label'!$E:$E,1,0)),"NO UPC-CATALOG ID pair MATCH in Release_Label" )} | E51: Jatinder Shah | F51: With | G51: {=ifs(or($F51="",$F51="Main Primary Artist"),$F51,not(iserror(vlookup($F51,'Reference info'!$J$5:$J$8,1,0))),"Key Artist",not(iserror(vlookup($F51,'Reference info'!$J$38:$J$405,1,0))),"Performer",not(iserror(vlookup($F51,'Reference info'!$J$10:$J$36,1,0))),"Producer & Engineer")} -> Key Artist
A52: 9995964320355 | C52: {=ifs(and(isblank($A52),isblank($B52)),"", not(iserror(vlookup($A52&$B52,'3) Release_Label'!$D:$D&'3) Release_Label'!$E:$E,1,0))),vlookup($A52&$B52,{'3) Release_Label'!$D:$D&'3) Release_Label'!$E:$E,'3) Release_Label'!$F:$F},2,0), or(and(not(isblank($B52)),$B52=$B51,$A52<>$A51),and(not(isblank($A52)),$A52=$A51,$B52<>$B51)),"ID LISTS UNALIGNED",and($A52<>"",countif('3) Release_Label'!$D:$D,$A52)=0),"NO UPC MATCH in Release_Label",and($B52<>"",countif('3) Release_Label'!$E:$E,$B52)=0),"NO CATALOG ID MATCH in Release_Label",iserror(vlookup($A52&$B52,'3) Release_Label'!$D:$D&'3) Release_Label'!$E:$E,1,0)),"NO UPC-CATALOG ID pair MATCH in Release_Label" )} -> Milne Di Rutt | D52: {=ifs(and(isblank($A52),isblank($B52)),"", not(iserror(vlookup($A52&$B52,'3) Release_Label'!$D:$D&'3) Release_Label'!$E:$E,1,0))),vlookup($A52&$B52,{'3) Release_Label'!$D:$D&'3) Release_Label'!$E:$E,'3) Release_Label'!$H:$H},2,0), or(and(not(isblank($B52)),$B52=$B51,$A52<>$A51),and(not(isblank($A52)),$A52=$A51,$B52<>$B51)),"ID LISTS UNALIGNED",and($A52<>"",countif('3) Release_Label'!$D:$D,$A52)=0),"NO UPC MATCH in Release_Label",and($B52<>"",countif('3) Release_Label'!$E:$E,$B52)=0),"NO CATALOG ID MATCH in Release_Label",iserror(vlookup($A52&$B52,'3) Release_Label'!$D:$D&'3) Release_Label'!$E:$E,1,0)),"NO UPC-CATALOG ID pair MATCH in Release_Label" )} | E52: Gurshabad | F52: Main Primary Artist | G52: {=ifs(or($F52="",$F52="Main Primary Artist"),$F52,not(iserror(vlookup($F52,'Reference info'!$J$5:$J$8,1,0))),"Key Artist",not(iserror(vlookup($F52,'Reference info'!$J$38:$J$405,1,0))),"Performer",not(iserror(vlookup($F52,'Reference info'!$J$10:$J$36,1,0))),"Producer & Engineer")} -> Main Primary Artist
A53: 9995964320355 | C53: {=ifs(and(isblank($A53),isblank($B53)),"", not(iserror(vlookup($A53&$B53,'3) Release_Label'!$D:$D&'3) Release_Label'!$E:$E,1,0))),vlookup($A53&$B53,{'3) Release_Label'!$D:$D&'3) Release_Label'!$E:$E,'3) Release_Label'!$F:$F},2,0), or(and(not(isblank($B53)),$B53=$B52,$A53<>$A52),and(not(isblank($A53)),$A53=$A52,$B53<>$B52)),"ID LISTS UNALIGNED",and($A53<>"",countif('3) Release_Label'!$D:$D,$A53)=0),"NO UPC MATCH in Release_Label",and($B53<>"",countif('3) Release_Label'!$E:$E,$B53)=0),"NO CATALOG ID MATCH in Release_Label",iserror(vlookup($A53&$B53,'3) Release_Label'!$D:$D&'3) Release_Label'!$E:$E,1,0)),"NO UPC-CATALOG ID pair MATCH in Release_Label" )} -> Milne Di Rutt | D53: {=ifs(and(isblank($A53),isblank($B53)),"", not(iserror(vlookup($A53&$B53,'3) Release_Label'!$D:$D&'3) Release_Label'!$E:$E,1,0))),vlookup($A53&$B53,{'3) Release_Label'!$D:$D&'3) Release_Label'!$E:$E,'3) Release_Label'!$H:$H},2,0), or(and(not(isblank($B53)),$B53=$B52,$A53<>$A52),and(not(isblank($A53)),$A53=$A52,$B53<>$B52)),"ID LISTS UNALIGNED",and($A53<>"",countif('3) Release_Label'!$D:$D,$A53)=0),"NO UPC MATCH in Release_Label",and($B53<>"",countif('3) Release_Label'!$E:$E,$B53)=0),"NO CATALOG ID MATCH in Release_Label",iserror(vlookup($A53&$B53,'3) Release_Label'!$D:$D&'3) Release_Label'!$E:$E,1,0)),"NO UPC-CATALOG ID pair MATCH in Release_Label" )} | E53: Desi Routz | F53: With | G53: {=ifs(or($F53="",$F53="Main Primary Artist"),$F53,not(iserror(vlookup($F53,'Reference info'!$J$5:$J$8,1,0))),"Key Artist",not(iserror(vlookup($F53,'Reference info'!$J$38:$J$405,1,0))),"Performer",not(iserror(vlookup($F53,'Reference info'!$J$10:$J$36,1,0))),"Producer & Engineer")} -> Key Artist
A54: 9995964331320 | C54: {=ifs(and(isblank($A54),isblank($B54)),"", not(iserror(vlookup($A54&$B54,'3) Release_Label'!$D:$D&'3) Release_Label'!$E:$E,1,0))),vlookup($A54&$B54,{'3) Release_Label'!$D:$D&'3) Release_Label'!$E:$E,'3) Release_Label'!$F:$F},2,0), or(and(not(isblank($B54)),$B54=$B53,$A54<>$A53),and(not(isblank($A54)),$A54=$A53,$B54<>$B53)),"ID LISTS UNALIGNED",and($A54<>"",countif('3) Release_Label'!$D:$D,$A54)=0),"NO UPC MATCH in Release_Label",and($B54<>"",countif('3) Release_Label'!$E:$E,$B54)=0),"NO CATALOG ID MATCH in Release_Label",iserror(vlookup($A54&$B54,'3) Release_Label'!$D:$D&'3) Release_Label'!$E:$E,1,0)),"NO UPC-CATALOG ID pair MATCH in Release_Label" )} -> Noonh Labhni (From "Vekh Baraatan Challiyan" Soundtrack) | D54: {=ifs(and(isblank($A54),isblank($B54)),"", not(iserror(vlookup($A54&$B54,'3) Release_Label'!$D:$D&'3) Release_Label'!$E:$E,1,0))),vlookup($A54&$B54,{'3) Release_Label'!$D:$D&'3) Release_Label'!$E:$E,'3) Release_Label'!$H:$H},2,0), or(and(not(isblank($B54)),$B54=$B53,$A54<>$A53),and(not(isblank($A54)),$A54=$A53,$B54<>$B53)),"ID LISTS UNALIGNED",and($A54<>"",countif('3) Release_Label'!$D:$D,$A54)=0),"NO UPC MATCH in Release_Label",and($B54<>"",countif('3) Release_Label'!$E:$E,$B54)=0),"NO CATALOG ID MATCH in Release_Label",iserror(vlookup($A54&$B54,'3) Release_Label'!$D:$D&'3) Release_Label'!$E:$E,1,0)),"NO UPC-CATALOG ID pair MATCH in Release_Label" )} | E54: Ranjit Bawa | F54: Main Primary Artist | G54: {=ifs(or($F54="",$F54="Main Primary Artist"),$F54,not(iserror(vlookup($F54,'Reference info'!$J$5:$J$8,1,0))),"Key Artist",not(iserror(vlookup($F54,'Reference info'!$J$38:$J$405,1,0))),"Performer",not(iserror(vlookup($F54,'Reference info'!$J$10:$J$36,1,0))),"Producer & Engineer")} -> Main Primary Artist
A55: 9995964331320 | C55: {=ifs(and(isblank($A55),isblank($B55)),"", not(iserror(vlookup($A55&$B55,'3) Release_Label'!$D:$D&'3) Release_Label'!$E:$E,1,0))),vlookup($A55&$B55,{'3) Release_Label'!$D:$D&'3) Release_Label'!$E:$E,'3) Release_Label'!$F:$F},2,0), or(and(not(isblank($B55)),$B55=$B54,$A55<>$A54),and(not(isblank($A55)),$A55=$A54,$B55<>$B54)),"ID LISTS UNALIGNED",and($A55<>"",countif('3) Release_Label'!$D:$D,$A55)=0),"NO UPC MATCH in Release_Label",and($B55<>"",countif('3) Release_Label'!$E:$E,$B55)=0),"NO CATALOG ID MATCH in Release_Label",iserror(vlookup($A55&$B55,'3) Release_Label'!$D:$D&'3) Release_Label'!$E:$E,1,0)),"NO UPC-CATALOG ID pair MATCH in Release_Label" )} -> Noonh Labhni (From "Vekh Baraatan Challiyan" Soundtrack) | D55: {=ifs(and(isblank($A55),isblank($B55)),"", not(iserror(vlookup($A55&$B55,'3) Release_Label'!$D:$D&'3) Release_Label'!$E:$E,1,0))),vlookup($A55&$B55,{'3) Release_Label'!$D:$D&'3) Release_Label'!$E:$E,'3) Release_Label'!$H:$H},2,0), or(and(not(isblank($B55)),$B55=$B54,$A55<>$A54),and(not(isblank($A55)),$A55=$A54,$B55<>$B54)),"ID LISTS UNALIGNED",and($A55<>"",countif('3) Release_Label'!$D:$D,$A55)=0),"NO UPC MATCH in Release_Label",and($B55<>"",countif('3) Release_Label'!$E:$E,$B55)=0),"NO CATALOG ID MATCH in Release_Label",iserror(vlookup($A55&$B55,'3) Release_Label'!$D:$D&'3) Release_Label'!$E:$E,1,0)),"NO UPC-CATALOG ID pair MATCH in Release_Label" )} | E55: Gurmoh | F55: With | G55: {=ifs(or($F55="",$F55="Main Primary Artist"),$F55,not(iserror(vlookup($F55,'Reference info'!$J$5:$J$8,1,0))),"Key Artist",not(iserror(vlookup($F55,'Reference info'!$J$38:$J$405,1,0))),"Performer",not(iserror(vlookup($F55,'Reference info'!$J$10:$J$36,1,0))),"Producer & Engineer")} -> Key Artist
A56: 9995964313159 | C56: {=ifs(and(isblank($A56),isblank($B56)),"", not(iserror(vlookup($A56&$B56,'3) Release_Label'!$D:$D&'3) Release_Label'!$E:$E,1,0))),vlookup($A56&$B56,{'3) Release_Label'!$D:$D&'3) Release_Label'!$E:$E,'3) Release_Label'!$F:$F},2,0), or(and(not(isblank($B56)),$B56=$B55,$A56<>$A55),and(not(isblank($A56)),$A56=$A55,$B56<>$B55)),"ID LISTS UNALIGNED",and($A56<>"",countif('3) Release_Label'!$D:$D,$A56)=0),"NO UPC MATCH in Release_Label",and($B56<>"",countif('3) Release_Label'!$E:$E,$B56)=0),"NO CATALOG ID MATCH in Release_Label",iserror(vlookup($A56&$B56,'3) Release_Label'!$D:$D&'3) Release_Label'!$E:$E,1,0)),"NO UPC-CATALOG ID pair MATCH in Release_Label" )} -> Paani | D56: {=ifs(and(isblank($A56),isblank($B56)),"", not(iserror(vlookup($A56&$B56,'3) Release_Label'!$D:$D&'3) Release_Label'!$E:$E,1,0))),vlookup($A56&$B56,{'3) Release_Label'!$D:$D&'3) Release_Label'!$E:$E,'3) Release_Label'!$H:$H},2,0), or(and(not(isblank($B56)),$B56=$B55,$A56<>$A55),and(not(isblank($A56)),$A56=$A55,$B56<>$B55)),"ID LISTS UNALIGNED",and($A56<>"",countif('3) Release_Label'!$D:$D,$A56)=0),"NO UPC MATCH in Release_Label",and($B56<>"",countif('3) Release_Label'!$E:$E,$B56)=0),"NO CATALOG ID MATCH in Release_Label",iserror(vlookup($A56&$B56,'3) Release_Label'!$D:$D&'3) Release_Label'!$E:$E,1,0)),"NO UPC-CATALOG ID pair MATCH in Release_Label" )} | E56: Yuvraj Hans | F56: Main Primary Artist | G56: {=ifs(or($F56="",$F56="Main Primary Artist"),$F56,not(iserror(vlookup($F56,'Reference info'!$J$5:$J$8,1,0))),"Key Artist",not(iserror(vlookup($F56,'Reference info'!$J$38:$J$405,1,0))),"Performer",not(iserror(vlookup($F56,'Reference info'!$J$10:$J$36,1,0))),"Producer & Engineer")} -> Main Primary Artist
A57: 9995964313159 | C57: {=ifs(and(isblank($A57),isblank($B57)),"", not(iserror(vlookup($A57&$B57,'3) Release_Label'!$D:$D&'3) Release_Label'!$E:$E,1,0))),vlookup($A57&$B57,{'3) Release_Label'!$D:$D&'3) Release_Label'!$E:$E,'3) Release_Label'!$F:$F},2,0), or(and(not(isblank($B57)),$B57=$B56,$A57<>$A56),and(not(isblank($A57)),$A57=$A56,$B57<>$B56)),"ID LISTS UNALIGNED",and($A57<>"",countif('3) Release_Label'!$D:$D,$A57)=0),"NO UPC MATCH in Release_Label",and($B57<>"",countif('3) Release_Label'!$E:$E,$B57)=0),"NO CATALOG ID MATCH in Release_Label",iserror(vlookup($A57&$B57,'3) Release_Label'!$D:$D&'3) Release_Label'!$E:$E,1,0)),"NO UPC-CATALOG ID pair MATCH in Release_Label" )} -> Paani | D57: {=ifs(and(isblank($A57),isblank($B57)),"", not(iserror(vlookup($A57&$B57,'3) Release_Label'!$D:$D&'3) Release_Label'!$E:$E,1,0))),vlookup($A57&$B57,{'3) Release_Label'!$D:$D&'3) Release_Label'!$E:$E,'3) Release_Label'!$H:$H},2,0), or(and(not(isblank($B57)),$B57=$B56,$A57<>$A56),and(not(isblank($A57)),$A57=$A56,$B57<>$B56)),"ID LISTS UNALIGNED",and($A57<>"",countif('3) Release_Label'!$D:$D,$A57)=0),"NO UPC MATCH in Release_Label",and($B57<>"",countif('3) Release_Label'!$E:$E,$B57)=0),"NO CATALOG ID MATCH in Release_Label",iserror(vlookup($A57&$B57,'3) Release_Label'!$D:$D&'3) Release_Label'!$E:$E,1,0)),"NO UPC-CATALOG ID pair MATCH in Release_Label" )} | E57: Yuvika Chaudhary | F57: Featuring | G57: {=ifs(or($F57="",$F57="Main Primary Artist"),$F57,not(iserror(vlookup($F57,'Reference info'!$J$5:$J$8,1,0))),"Key Artist",not(iserror(vlookup($F57,'Reference info'!$J$38:$J$405,1,0))),"Performer",not(iserror(vlookup($F57,'Reference info'!$J$10:$J$36,1,0))),"Producer & Engineer")} -> Key Artist
A58: 9995964330590 | C58: {=ifs(and(isblank($A58),isblank($B58)),"", not(iserror(vlookup($A58&$B58,'3) Release_Label'!$D:$D&'3) Release_Label'!$E:$E,1,0))),vlookup($A58&$B58,{'3) Release_Label'!$D:$D&'3) Release_Label'!$E:$E,'3) Release_Label'!$F:$F},2,0), or(and(not(isblank($B58)),$B58=$B57,$A58<>$A57),and(not(isblank($A58)),$A58=$A57,$B58<>$B57)),"ID LISTS UNALIGNED",and($A58<>"",countif('3) Release_Label'!$D:$D,$A58)=0),"NO UPC MATCH in Release_Label",and($B58<>"",countif('3) Release_Label'!$E:$E,$B58)=0),"NO CATALOG ID MATCH in Release_Label",iserror(vlookup($A58&$B58,'3) Release_Label'!$D:$D&'3) Release_Label'!$E:$E,1,0)),"NO UPC-CATALOG ID pair MATCH in Release_Label" )} -> Paani Raavi Da (From "Lahoriye" Soundtrack) | D58: {=ifs(and(isblank($A58),isblank($B58)),"", not(iserror(vlookup($A58&$B58,'3) Release_Label'!$D:$D&'3) Release_Label'!$E:$E,1,0))),vlookup($A58&$B58,{'3) Release_Label'!$D:$D&'3) Release_Label'!$E:$E,'3) Release_Label'!$H:$H},2,0), or(and(not(isblank($B58)),$B58=$B57,$A58<>$A57),and(not(isblank($A58)),$A58=$A57,$B58<>$B57)),"ID LISTS UNALIGNED",and($A58<>"",countif('3) Release_Label'!$D:$D,$A58)=0),"NO UPC MATCH in Release_Label",and($B58<>"",countif('3) Release_Label'!$E:$E,$B58)=0),"NO CATALOG ID MATCH in Release_Label",iserror(vlookup($A58&$B58,'3) Release_Label'!$D:$D&'3) Release_Label'!$E:$E,1,0)),"NO UPC-CATALOG ID pair MATCH in Release_Label" )} | E58: Neha Bhasin | F58: Main Primary Artist | G58: {=ifs(or($F58="",$F58="Main Primary Artist"),$F58,not(iserror(vlookup($F58,'Reference info'!$J$5:$J$8,1,0))),"Key Artist",not(iserror(vlookup($F58,'Reference info'!$J$38:$J$405,1,0))),"Performer",not(iserror(vlookup($F58,'Reference info'!$J$10:$J$36,1,0))),"Producer & Engineer")} -> Main Primary Artist
A59: 9995964330590 | C59: {=ifs(and(isblank($A59),isblank($B59)),"", not(iserror(vlookup($A59&$B59,'3) Release_Label'!$D:$D&'3) Release_Label'!$E:$E,1,0))),vlookup($A59&$B59,{'3) Release_Label'!$D:$D&'3) Release_Label'!$E:$E,'3) Release_Label'!$F:$F},2,0), or(and(not(isblank($B59)),$B59=$B58,$A59<>$A58),and(not(isblank($A59)),$A59=$A58,$B59<>$B58)),"ID LISTS UNALIGNED",and($A59<>"",countif('3) Release_Label'!$D:$D,$A59)=0),"NO UPC MATCH in Release_Label",and($B59<>"",countif('3) Release_Label'!$E:$E,$B59)=0),"NO CATALOG ID MATCH in Release_Label",iserror(vlookup($A59&$B59,'3) Release_Label'!$D:$D&'3) Release_Label'!$E:$E,1,0)),"NO UPC-CATALOG ID pair MATCH in Release_Label" )} -> Paani Raavi Da (From "Lahoriye" Soundtrack) | D59: {=ifs(and(isblank($A59),isblank($B59)),"", not(iserror(vlookup($A59&$B59,'3) Release_Label'!$D:$D&'3) Release_Label'!$E:$E,1,0))),vlookup($A59&$B59,{'3) Release_Label'!$D:$D&'3) Release_Label'!$E:$E,'3) Release_Label'!$H:$H},2,0), or(and(not(isblank($B59)),$B59=$B58,$A59<>$A58),and(not(isblank($A59)),$A59=$A58,$B59<>$B58)),"ID LISTS UNALIGNED",and($A59<>"",countif('3) Release_Label'!$D:$D,$A59)=0),"NO UPC MATCH in Release_Label",and($B59<>"",countif('3) Release_Label'!$E:$E,$B59)=0),"NO CATALOG ID MATCH in Release_Label",iserror(vlookup($A59&$B59,'3) Release_Label'!$D:$D&'3) Release_Label'!$E:$E,1,0)),"NO UPC-CATALOG ID pair MATCH in Release_Label" )} | E59: Amrinder Gill | F59: Primary Artist | G59: {=ifs(or($F59="",$F59="Main Primary Artist"),$F59,not(iserror(vlookup($F59,'Reference info'!$J$5:$J$8,1,0))),"Key Artist",not(iserror(vlookup($F59,'Reference info'!$J$38:$J$405,1,0))),"Performer",not(iserror(vlookup($F59,'Reference info'!$J$10:$J$36,1,0))),"Producer & Engineer")} -> Key Artist
A60: 9995964330590 | C60: {=ifs(and(isblank($A60),isblank($B60)),"", not(iserror(vlookup($A60&$B60,'3) Release_Label'!$D:$D&'3) Release_Label'!$E:$E,1,0))),vlookup($A60&$B60,{'3) Release_Label'!$D:$D&'3) Release_Label'!$E:$E,'3) Release_Label'!$F:$F},2,0), or(and(not(isblank($B60)),$B60=$B59,$A60<>$A59),and(not(isblank($A60)),$A60=$A59,$B60<>$B59)),"ID LISTS UNALIGNED",and($A60<>"",countif('3) Release_Label'!$D:$D,$A60)=0),"NO UPC MATCH in Release_Label",and($B60<>"",countif('3) Release_Label'!$E:$E,$B60)=0),"NO CATALOG ID MATCH in Release_Label",iserror(vlookup($A60&$B60,'3) Release_Label'!$D:$D&'3) Release_Label'!$E:$E,1,0)),"NO UPC-CATALOG ID pair MATCH in Release_Label" )} -> Paani Raavi Da (From "Lahoriye" Soundtrack) | D60: {=ifs(and(isblank($A60),isblank($B60)),"", not(iserror(vlookup($A60&$B60,'3) Release_Label'!$D:$D&'3) Release_Label'!$E:$E,1,0))),vlookup($A60&$B60,{'3) Release_Label'!$D:$D&'3) Release_Label'!$E:$E,'3) Release_Label'!$H:$H},2,0), or(and(not(isblank($B60)),$B60=$B59,$A60<>$A59),and(not(isblank($A60)),$A60=$A59,$B60<>$B59)),"ID LISTS UNALIGNED",and($A60<>"",countif('3) Release_Label'!$D:$D,$A60)=0),"NO UPC MATCH in Release_Label",and($B60<>"",countif('3) Release_Label'!$E:$E,$B60)=0),"NO CATALOG ID MATCH in Release_Label",iserror(vlookup($A60&$B60,'3) Release_Label'!$D:$D&'3) Release_Label'!$E:$E,1,0)),"NO UPC-CATALOG ID pair MATCH in Release_Label" )} | E60: Jatinder Shah | F60: With | G60: {=ifs(or($F60="",$F60="Main Primary Artist"),$F60,not(iserror(vlookup($F60,'Reference info'!$J$5:$J$8,1,0))),"Key Artist",not(iserror(vlookup($F60,'Reference info'!$J$38:$J$405,1,0))),"Performer",not(iserror(vlookup($F60,'Reference info'!$J$10:$J$36,1,0))),"Producer & Engineer")} -> Key Artist
... A78: 9995964356491 | C78: {=ifs(and(isblank($A78),isblank($B78)),"", not(iserror(vlookup($A78&$B78,'3) Release_Label'!$D:$D&'3) Release_Label'!$E:$E,1,0))),vlookup($A78&$B78,{'3) Release_Label'!$D:$D&'3) Release_Label'!$E:$E,'3) Release_Label'!$F:$F},2,0), or(and(not(isblank($B78)),$B78=$B77,$A78<>$A77),and(not(isblank($A78)),$A78=$A77,$B78<>$B77)),"ID LISTS UNALIGNED",and($A78<>"",countif('3) Release_Label'!$D:$D,$A78)=0),"NO UPC MATCH in Release_Label",and($B78<>"",countif('3) Release_Label'!$E:$E,$B78)=0),"NO CATALOG ID MATCH in Release_Label",iserror(vlookup($A78&$B78,'3) Release_Label'!$D:$D&'3) Release_Label'!$E:$E,1,0)),"NO UPC-CATALOG ID pair MATCH in Release_Label" )} -> Selfie Photo (From "Golak Bugni Bank Te Batua" Soundtrack) | D78: {=ifs(and(isblank($A78),isblank($B78)),"", not(iserror(vlookup($A78&$B78,'3) Release_Label'!$D:$D&'3) Release_Label'!$E:$E,1,0))),vlookup($A78&$B78,{'3) Release_Label'!$D:$D&'3) Release_Label'!$E:$E,'3) Release_Label'!$H:$H},2,0), or(and(not(isblank($B78)),$B78=$B77,$A78<>$A77),and(not(isblank($A78)),$A78=$A77,$B78<>$B77)),"ID LISTS UNALIGNED",and($A78<>"",countif('3) Release_Label'!$D:$D,$A78)=0),"NO UPC MATCH in Release_Label",and($B78<>"",countif('3) Release_Label'!$E:$E,$B78)=0),"NO CATALOG ID MATCH in Release_Label",iserror(vlookup($A78&$B78,'3) Release_Label'!$D:$D&'3) Release_Label'!$E:$E,1,0)),"NO UPC-CATALOG ID pair MATCH in Release_Label" )} | E78: Jatinder Shah | F78: With | G78: {=ifs(or($F78="",$F78="Main Primary Artist"),$F78,not(iserror(vlookup($F78,'Reference info'!$J$5:$J$8,1,0))),"Key Artist",not(iserror(vlookup($F78,'Reference info'!$J$38:$J$405,1,0))),"Performer",not(iserror(vlookup($F78,'Reference info'!$J$10:$J$36,1,0))),"Producer & Engineer")} -> Key Artist
A79: 9995964331283 | C79: {=ifs(and(isblank($A79),isblank($B79)),"", not(iserror(vlookup($A79&$B79,'3) Release_Label'!$D:$D&'3) Release_Label'!$E:$E,1,0))),vlookup($A79&$B79,{'3) Release_Label'!$D:$D&'3) Release_Label'!$E:$E,'3) Release_Label'!$F:$F},2,0), or(and(not(isblank($B79)),$B79=#REF!,$A79<>#REF!),and(not(isblank($A79)),$A79=#REF!,$B79<>#REF!)),"ID LISTS UNALIGNED",and($A79<>"",countif('3) Release_Label'!$D:$D,$A79)=0),"NO UPC MATCH in Release_Label",and($B79<>"",countif('3) Release_Label'!$E:$E,$B79)=0),"NO CATALOG ID MATCH in Release_Label",iserror(vlookup($A79&$B79,'3) Release_Label'!$D:$D&'3) Release_Label'!$E:$E,1,0)),"NO UPC-CATALOG ID pair MATCH in Release_Label" )} -> Sukh Da Saah (From "Vekh Baraatan Challiyan" Soundtrack) | D79: {=ifs(and(isblank($A79),isblank($B79)),"", not(iserror(vlookup($A79&$B79,'3) Release_Label'!$D:$D&'3) Release_Label'!$E:$E,1,0))),vlookup($A79&$B79,{'3) Release_Label'!$D:$D&'3) Release_Label'!$E:$E,'3) Release_Label'!$H:$H},2,0), or(and(not(isblank($B79)),$B79=#REF!,$A79<>#REF!),and(not(isblank($A79)),$A79=#REF!,$B79<>#REF!)),"ID LISTS UNALIGNED",and($A79<>"",countif('3) Release_Label'!$D:$D,$A79)=0),"NO UPC MATCH in Release_Label",and($B79<>"",countif('3) Release_Label'!$E:$E,$B79)=0),"NO CATALOG ID MATCH in Release_Label",iserror(vlookup($A79&$B79,'3) Release_Label'!$D:$D&'3) Release_Label'!$E:$E,1,0)),"NO UPC-CATALOG ID pair MATCH in Release_Label" )} | E79: Amrinder Gill | F79: Main Primary Artist | G79: {=ifs(or($F79="",$F79="Main Primary Artist"),$F79,not(iserror(vlookup($F79,'Reference info'!$J$5:$J$8,1,0))),"Key Artist",not(iserror(vlookup($F79,'Reference info'!$J$38:$J$405,1,0))),"Performer",not(iserror(vlookup($F79,'Reference info'!$J$10:$J$36,1,0))),"Producer & Engineer")} -> Main Primary Artist
A80: 9995964331283 | C80: {=ifs(and(isblank($A80),isblank($B80)),"", not(iserror(vlookup($A80&$B80,'3) Release_Label'!$D:$D&'3) Release_Label'!$E:$E,1,0))),vlookup($A80&$B80,{'3) Release_Label'!$D:$D&'3) Release_Label'!$E:$E,'3) Release_Label'!$F:$F},2,0), or(and(not(isblank($B80)),$B80=$B79,$A80<>$A79),and(not(isblank($A80)),$A80=$A79,$B80<>$B79)),"ID LISTS UNALIGNED",and($A80<>"",countif('3) Release_Label'!$D:$D,$A80)=0),"NO UPC MATCH in Release_Label",and($B80<>"",countif('3) Release_Label'!$E:$E,$B80)=0),"NO CATALOG ID MATCH in Release_Label",iserror(vlookup($A80&$B80,'3) Release_Label'!$D:$D&'3) Release_Label'!$E:$E,1,0)),"NO UPC-CATALOG ID pair MATCH in Release_Label" )} -> Sukh Da Saah (From "Vekh Baraatan Challiyan" Soundtrack) | D80: {=ifs(and(isblank($A80),isblank($B80)),"", not(iserror(vlookup($A80&$B80,'3) Release_Label'!$D:$D&'3) Release_Label'!$E:$E,1,0))),vlookup($A80&$B80,{'3) Release_Label'!$D:$D&'3) Release_Label'!$E:$E,'3) Release_Label'!$H:$H},2,0), or(and(not(isblank($B80)),$B80=$B79,$A80<>$A79),and(not(isblank($A80)),$A80=$A79,$B80<>$B79)),"ID LISTS UNALIGNED",and($A80<>"",countif('3) Release_Label'!$D:$D,$A80)=0),"NO UPC MATCH in Release_Label",and($B80<>"",countif('3) Release_Label'!$E:$E,$B80)=0),"NO CATALOG ID MATCH in Release_Label",iserror(vlookup($A80&$B80,'3) Release_Label'!$D:$D&'3) Release_Label'!$E:$E,1,0)),"NO UPC-CATALOG ID pair MATCH in Release_Label" )} | E80: Jatinder Shah | F80: With | G80: {=ifs(or($F80="",$F80="Main Primary Artist"),$F80,not(iserror(vlookup($F80,'Reference info'!$J$5:$J$8,1,0))),"Key Artist",not(iserror(vlookup($F80,'Reference info'!$J$38:$J$405,1,0))),"Performer",not(iserror(vlookup($F80,'Reference info'!$J$10:$J$36,1,0))),"Producer & Engineer")} -> Key Artist
A81: 9995964332242 | C81: {=ifs(and(isblank($A81),isblank($B81)),"", not(iserror(vlookup($A81&$B81,'3) Release_Label'!$D:$D&'3) Release_Label'!$E:$E,1,0))),vlookup($A81&$B81,{'3) Release_Label'!$D:$D&'3) Release_Label'!$E:$E,'3) Release_Label'!$F:$F},2,0), or(and(not(isblank($B81)),$B81=$B80,$A81<>$A80),and(not(isblank($A81)),$A81=$A80,$B81<>$B80)),"ID LISTS UNALIGNED",and($A81<>"",countif('3) Release_Label'!$D:$D,$A81)=0),"NO UPC MATCH in Release_Label",and($B81<>"",countif('3) Release_Label'!$E:$E,$B81)=0),"NO CATALOG ID MATCH in Release_Label",iserror(vlookup($A81&$B81,'3) Release_Label'!$D:$D&'3) Release_Label'!$E:$E,1,0)),"NO UPC-CATALOG ID pair MATCH in Release_Label" )} -> Sun Hawa Dya Bulleya (From "Bhalwan Singh" Soundtrack) | D81: {=ifs(and(isblank($A81),isblank($B81)),"", not(iserror(vlookup($A81&$B81,'3) Release_Label'!$D:$D&'3) Release_Label'!$E:$E,1,0))),vlookup($A81&$B81,{'3) Release_Label'!$D:$D&'3) Release_Label'!$E:$E,'3) Release_Label'!$H:$H},2,0), or(and(not(isblank($B81)),$B81=$B80,$A81<>$A80),and(not(isblank($A81)),$A81=$A80,$B81<>$B80)),"ID LISTS UNALIGNED",and($A81<>"",countif('3) Release_Label'!$D:$D,$A81)=0),"NO UPC MATCH in Release_Label",and($B81<>"",countif('3) Release_Label'!$E:$E,$B81)=0),"NO CATALOG ID MATCH in Release_Label",iserror(vlookup($A81&$B81,'3) Release_Label'!$D:$D&'3) Release_Label'!$E:$E,1,0)),"NO UPC-CATALOG ID pair MATCH in Release_Label" )} | E81: Sajjan Adeeb | F81: Main Primary Artist | G81: {=ifs(or($F81="",$F81="Main Primary Artist"),$F81,not(iserror(vlookup($F81,'Reference info'!$J$5:$J$8,1,0))),"Key Artist",not(iserror(vlookup($F81,'Reference info'!$J$38:$J$405,1,0))),"Performer",not(iserror(vlookup($F81,'Reference info'!$J$10:$J$36,1,0))),"Producer & Engineer")} -> Main Primary Artist
A82: 9995964332242 | C82: {=ifs(and(isblank($A82),isblank($B82)),"", not(iserror(vlookup($A82&$B82,'3) Release_Label'!$D:$D&'3) Release_Label'!$E:$E,1,0))),vlookup($A82&$B82,{'3) Release_Label'!$D:$D&'3) Release_Label'!$E:$E,'3) Release_Label'!$F:$F},2,0), or(and(not(isblank($B82)),$B82=$B81,$A82<>$A81),and(not(isblank($A82)),$A82=$A81,$B82<>$B81)),"ID LISTS UNALIGNED",and($A82<>"",countif('3) Release_Label'!$D:$D,$A82)=0),"NO UPC MATCH in Release_Label",and($B82<>"",countif('3) Release_Label'!$E:$E,$B82)=0),"NO CATALOG ID MATCH in Release_Label",iserror(vlookup($A82&$B82,'3) Release_Label'!$D:$D&'3) Release_Label'!$E:$E,1,0)),"NO UPC-CATALOG ID pair MATCH in Release_Label" )} -> Sun Hawa Dya Bulleya (From "Bhalwan Singh" Soundtrack) | D82: {=ifs(and(isblank($A82),isblank($B82)),"", not(iserror(vlookup($A82&$B82,'3) Release_Label'!$D:$D&'3) Release_Label'!$E:$E,1,0))),vlookup($A82&$B82,{'3) Release_Label'!$D:$D&'3) Release_Label'!$E:$E,'3) Release_Label'!$H:$H},2,0), or(and(not(isblank($B82)),$B82=$B81,$A82<>$A81),and(not(isblank($A82)),$A82=$A81,$B82<>$B81)),"ID LISTS UNALIGNED",and($A82<>"",countif('3) Release_Label'!$D:$D,$A82)=0),"NO UPC MATCH in Release_Label",and($B82<>"",countif('3) Release_Label'!$E:$E,$B82)=0),"NO CATALOG ID MATCH in Release_Label",iserror(vlookup($A82&$B82,'3) Release_Label'!$D:$D&'3) Release_Label'!$E:$E,1,0)),"NO UPC-CATALOG ID pair MATCH in Release_Label" )} | E82: Gurmoh | F82: With | G82: {=ifs(or($F82="",$F82="Main Primary Artist"),$F82,not(iserror(vlookup($F82,'Reference info'!$J$5:$J$8,1,0))),"Key Artist",not(iserror(vlookup($F82,'Reference info'!$J$38:$J$405,1,0))),"Performer",not(iserror(vlookup($F82,'Reference info'!$J$10:$J$36,1,0))),"Producer & Engineer")} -> Key Artist
A83: 9995964319601 | C83: {=ifs(and(isblank($A83),isblank($B83)),"", not(iserror(vlookup($A83&$B83,'3) Release_Label'!$D:$D&'3) Release_Label'!$E:$E,1,0))),vlookup($A83&$B83,{'3) Release_Label'!$D:$D&'3) Release_Label'!$E:$E,'3) Release_Label'!$F:$F},2,0), or(and(not(isblank($B83)),$B83=$B82,$A83<>$A82),and(not(isblank($A83)),$A83=$A82,$B83<>$B82)),"ID LISTS UNALIGNED",and($A83<>"",countif('3) Release_Label'!$D:$D,$A83)=0),"NO UPC MATCH in Release_Label",and($B83<>"",countif('3) Release_Label'!$E:$E,$B83)=0),"NO CATALOG ID MATCH in Release_Label",iserror(vlookup($A83&$B83,'3) Release_Label'!$D:$D&'3) Release_Label'!$E:$E,1,0)),"NO UPC-CATALOG ID pair MATCH in Release_Label" )} -> Supna | D83: {=ifs(and(isblank($A83),isblank($B83)),"", not(iserror(vlookup($A83&$B83,'3) Release_Label'!$D:$D&'3) Release_Label'!$E:$E,1,0))),vlookup($A83&$B83,{'3) Release_Label'!$D:$D&'3) Release_Label'!$E:$E,'3) Release_Label'!$H:$H},2,0), or(and(not(isblank($B83)),$B83=$B82,$A83<>$A82),and(not(isblank($A83)),$A83=$A82,$B83<>$B82)),"ID LISTS UNALIGNED",and($A83<>"",countif('3) Release_Label'!$D:$D,$A83)=0),"NO UPC MATCH in Release_Label",and($B83<>"",countif('3) Release_Label'!$E:$E,$B83)=0),"NO CATALOG ID MATCH in Release_Label",iserror(vlookup($A83&$B83,'3) Release_Label'!$D:$D&'3) Release_Label'!$E:$E,1,0)),"NO UPC-CATALOG ID pair MATCH in Release_Label" )} | E83: Amrinder Gill | F83: Main Primary Artist | G83: {=ifs(or($F83="",$F83="Main Primary Artist"),$F83,not(iserror(vlookup($F83,'Reference info'!$J$5:$J$8,1,0))),"Key Artist",not(iserror(vlookup($F83,'Reference info'!$J$38:$J$405,1,0))),"Performer",not(iserror(vlookup($F83,'Reference info'!$J$10:$J$36,1,0))),"Producer & Engineer")} -> Main Primary Artist
A84: 9995964329112 | C84: {=ifs(and(isblank($A84),isblank($B84)),"", not(iserror(vlookup($A84&$B84,'3) Release_Label'!$D:$D&'3) Release_Label'!$E:$E,1,0))),vlookup($A84&$B84,{'3) Release_Label'!$D:$D&'3) Release_Label'!$E:$E,'3) Release_Label'!$F:$F},2,0), or(and(not(isblank($B84)),$B84=$B83,$A84<>$A83),and(not(isblank($A84)),$A84=$A83,$B84<>$B83)),"ID LISTS UNALIGNED",and($A84<>"",countif('3) Release_Label'!$D:$D,$A84)=0),"NO UPC MATCH in Release_Label",and($B84<>"",countif('3) Release_Label'!$E:$E,$B84)=0),"NO CATALOG ID MATCH in Release_Label",iserror(vlookup($A84&$B84,'3) Release_Label'!$D:$D&'3) Release_Label'!$E:$E,1,0)),"NO UPC-CATALOG ID pair MATCH in Release_Label" )} -> Tarakiyaan | D84: {=ifs(and(isblank($A84),isblank($B84)),"", not(iserror(vlookup($A84&$B84,'3) Release_Label'!$D:$D&'3) Release_Label'!$E:$E,1,0))),vlookup($A84&$B84,{'3) Release_Label'!$D:$D&'3) Release_Label'!$E:$E,'3) Release_Label'!$H:$H},2,0), or(and(not(isblank($B84)),$B84=$B83,$A84<>$A83),and(not(isblank($A84)),$A84=$A83,$B84<>$B83)),"ID LISTS UNALIGNED",and($A84<>"",countif('3) Release_Label'!$D:$D,$A84)=0),"NO UPC MATCH in Release_Label",and($B84<>"",countif('3) Release_Label'!$E:$E,$B84)=0),"NO CATALOG ID MATCH in Release_Label",iserror(vlookup($A84&$B84,'3) Release_Label'!$D:$D&'3) Release_Label'!$E:$E,1,0)),"NO UPC-CATALOG ID pair MATCH in Release_Label" )} | E84: Gurshabad | F84: Main Primary Artist | G84: {=ifs(or($F84="",$F84="Main Primary Artist"),$F84,not(iserror(vlookup($F84,'Reference info'!$J$5:$J$8,1,0))),"Key Artist",not(iserror(vlookup($F84,'Reference info'!$J$38:$J$405,1,0))),"Performer",not(iserror(vlookup($F84,'Reference info'!$J$10:$J$36,1,0))),"Producer & Engineer")} -> Main Primary Artist
A85: 9995964329112 | C85: {=ifs(and(isblank($A85),isblank($B85)),"", not(iserror(vlookup($A85&$B85,'3) Release_Label'!$D:$D&'3) Release_Label'!$E:$E,1,0))),vlookup($A85&$B85,{'3) Release_Label'!$D:$D&'3) Release_Label'!$E:$E,'3) Release_Label'!$F:$F},2,0), or(and(not(isblank($B85)),$B85=$B84,$A85<>$A84),and(not(isblank($A85)),$A85=$A84,$B85<>$B84)),"ID LISTS UNALIGNED",and($A85<>"",countif('3) Release_Label'!$D:$D,$A85)=0),"NO UPC MATCH in Release_Label",and($B85<>"",countif('3) Release_Label'!$E:$E,$B85)=0),"NO CATALOG ID MATCH in Release_Label",iserror(vlookup($A85&$B85,'3) Release_Label'!$D:$D&'3) Release_Label'!$E:$E,1,0)),"NO UPC-CATALOG ID pair MATCH in Release_Label" )} -> Tarakiyaan | D85: {=ifs(and(isblank($A85),isblank($B85)),"", not(iserror(vlookup($A85&$B85,'3) Release_Label'!$D:$D&'3) Release_Label'!$E:$E,1,0))),vlookup($A85&$B85,{'3) Release_Label'!$D:$D&'3) Release_Label'!$E:$E,'3) Release_Label'!$H:$H},2,0), or(and(not(isblank($B85)),$B85=$B84,$A85<>$A84),and(not(isblank($A85)),$A85=$A84,$B85<>$B84)),"ID LISTS UNALIGNED",and($A85<>"",countif('3) Release_Label'!$D:$D,$A85)=0),"NO UPC MATCH in Release_Label",and($B85<>"",countif('3) Release_Label'!$E:$E,$B85)=0),"NO CATALOG ID MATCH in Release_Label",iserror(vlookup($A85&$B85,'3) Release_Label'!$D:$D&'3) Release_Label'!$E:$E,1,0)),"NO UPC-CATALOG ID pair MATCH in Release_Label" )} | E85: Tigerstyle | F85: With | G85: {=ifs(or($F85="",$F85="Main Primary Artist"),$F85,not(iserror(vlookup($F85,'Reference info'!$J$5:$J$8,1,0))),"Key Artist",not(iserror(vlookup($F85,'Reference info'!$J$38:$J$405,1,0))),"Performer",not(iserror(vlookup($F85,'Reference info'!$J$10:$J$36,1,0))),"Producer & Engineer")} -> Key Artist
A86: 9995964356590 | C86: {=ifs(and(isblank($A86),isblank($B86)),"", not(iserror(vlookup($A86&$B86,'3) Release_Label'!$D:$D&'3) Release_Label'!$E:$E,1,0))),vlookup($A86&$B86,{'3) Release_Label'!$D:$D&'3) Release_Label'!$E:$E,'3) Release_Label'!$F:$F},2,0), or(and(not(isblank($B86)),$B86=$B85,$A86<>$A85),and(not(isblank($A86)),$A86=$A85,$B86<>$B85)),"ID LISTS UNALIGNED",and($A86<>"",countif('3) Release_Label'!$D:$D,$A86)=0),"NO UPC MATCH in Release_Label",and($B86<>"",countif('3) Release_Label'!$E:$E,$B86)=0),"NO CATALOG ID MATCH in Release_Label",iserror(vlookup($A86&$B86,'3) Release_Label'!$D:$D&'3) Release_Label'!$E:$E,1,0)),"NO UPC-CATALOG ID pair MATCH in Release_Label" )} -> Tu Te Main (From "Golak Bugni Bank Te Batua" Soundtrack) | D86: {=ifs(and(isblank($A86),isblank($B86)),"", not(iserror(vlookup($A86&$B86,'3) Release_Label'!$D:$D&'3) Release_Label'!$E:$E,1,0))),vlookup($A86&$B86,{'3) Release_Label'!$D:$D&'3) Release_Label'!$E:$E,'3) Release_Label'!$H:$H},2,0), or(and(not(isblank($B86)),$B86=$B85,$A86<>$A85),and(not(isblank($A86)),$A86=$A85,$B86<>$B85)),"ID LISTS UNALIGNED",and($A86<>"",countif('3) Release_Label'!$D:$D,$A86)=0),"NO UPC MATCH in Release_Label",and($B86<>"",countif('3) Release_Label'!$E:$E,$B86)=0),"NO CATALOG ID MATCH in Release_Label",iserror(vlookup($A86&$B86,'3) Release_Label'!$D:$D&'3) Release_Label'!$E:$E,1,0)),"NO UPC-CATALOG ID pair MATCH in Release_Label" )} | E86: Bir Singh | F86: Main Primary Artist | G86: {=ifs(or($F86="",$F86="Main Primary Artist"),$F86,not(iserror(vlookup($F86,'Reference info'!$J$5:$J$8,1,0))),"Key Artist",not(iserror(vlookup($F86,'Reference info'!$J$38:$J$405,1,0))),"Performer",not(iserror(vlookup($F86,'Reference info'!$J$10:$J$36,1,0))),"Producer & Engineer")} -> Main Primary Artist
A87: 9995964356590 | C87: {=ifs(and(isblank($A87),isblank($B87)),"", not(iserror(vlookup($A87&$B87,'3) Release_Label'!$D:$D&'3) Release_Label'!$E:$E,1,0))),vlookup($A87&$B87,{'3) Release_Label'!$D:$D&'3) Release_Label'!$E:$E,'3) Release_Label'!$F:$F},2,0), or(and(not(isblank($B87)),$B87=$B86,$A87<>$A86),and(not(isblank($A87)),$A87=$A86,$B87<>$B86)),"ID LISTS UNALIGNED",and($A87<>"",countif('3) Release_Label'!$D:$D,$A87)=0),"NO UPC MATCH in Release_Label",and($B87<>"",countif('3) Release_Label'!$E:$E,$B87)=0),"NO CATALOG ID MATCH in Release_Label",iserror(vlookup($A87&$B87,'3) Release_Label'!$D:$D&'3) Release_Label'!$E:$E,1,0)),"NO UPC-CATALOG ID pair MATCH in Release_Label" )} -> Tu Te Main (From "Golak Bugni Bank Te Batua" Soundtrack) | D87: {=ifs(and(isblank($A87),isblank($B87)),"", not(iserror(vlookup($A87&$B87,'3) Release_Label'!$D:$D&'3) Release_Label'!$E:$E,1,0))),vlookup($A87&$B87,{'3) Release_Label'!$D:$D&'3) Release_Label'!$E:$E,'3) Release_Label'!$H:$H},2,0), or(and(not(isblank($B87)),$B87=$B86,$A87<>$A86),and(not(isblank($A87)),$A87=$A86,$B87<>$B86)),"ID LISTS UNALIGNED",and($A87<>"",countif('3) Release_Label'!$D:$D,$A87)=0),"NO UPC MATCH in Release_Label",and($B87<>"",countif('3) Release_Label'!$E:$E,$B87)=0),"NO CATALOG ID MATCH in Release_Label",iserror(vlookup($A87&$B87,'3) Release_Label'!$D:$D&'3) Release_Label'!$E:$E,1,0)),"NO UPC-CATALOG ID pair MATCH in Release_Label" )} | E87: Jatinder Shah | F87: With | G87: {=ifs(or($F87="",$F87="Main Primary Artist"),$F87,not(iserror(vlookup($F87,'Reference info'!$J$5:$J$8,1,0))),"Key Artist",not(iserror(vlookup($F87,'Reference info'!$J$38:$J$405,1,0))),"Performer",not(iserror(vlookup($F87,'Reference info'!$J$10:$J$36,1,0))),"Producer & Engineer")} -> Key Artist
A88: 9995964332228 | C88: {=ifs(and(isblank($A88),isblank($B88)),"", not(iserror(vlookup($A88&$B88,'3) Release_Label'!$D:$D&'3) Release_Label'!$E:$E,1,0))),vlookup($A88&$B88,{'3) Release_Label'!$D:$D&'3) Release_Label'!$E:$E,'3) Release_Label'!$F:$F},2,0), or(and(not(isblank($B88)),$B88=$B87,$A88<>$A87),and(not(isblank($A88)),$A88=$A87,$B88<>$B87)),"ID LISTS UNALIGNED",and($A88<>"",countif('3) Release_Label'!$D:$D,$A88)=0),"NO UPC MATCH in Release_Label",and($B88<>"",countif('3) Release_Label'!$E:$E,$B88)=0),"NO CATALOG ID MATCH in Release_Label",iserror(vlookup($A88&$B88,'3) Release_Label'!$D:$D&'3) Release_Label'!$E:$E,1,0)),"NO UPC-CATALOG ID pair MATCH in Release_Label" )} -> Vaar (From "Bhalwan Singh" Soundtrack) | D88: {=ifs(and(isblank($A88),isblank($B88)),"", not(iserror(vlookup($A88&$B88,'3) Release_Label'!$D:$D&'3) Release_Label'!$E:$E,1,0))),vlookup($A88&$B88,{'3) Release_Label'!$D:$D&'3) Release_Label'!$E:$E,'3) Release_Label'!$H:$H},2,0), or(and(not(isblank($B88)),$B88=$B87,$A88<>$A87),and(not(isblank($A88)),$A88=$A87,$B88<>$B87)),"ID LISTS UNALIGNED",and($A88<>"",countif('3) Release_Label'!$D:$D,$A88)=0),"NO UPC MATCH in Release_Label",and($B88<>"",countif('3) Release_Label'!$E:$E,$B88)=0),"NO CATALOG ID MATCH in Release_Label",iserror(vlookup($A88&$B88,'3) Release_Label'!$D:$D&'3) Release_Label'!$E:$E,1,0)),"NO UPC-CATALOG ID pair MATCH in Release_Label" )} | E88: Ninja | F88: Main Primary Artist | G88: {=ifs(or($F88="",$F88="Main Primary Artist"),$F88,not(iserror(vlookup($F88,'Reference info'!$J$5:$J$8,1,0))),"Key Artist",not(iserror(vlookup($F88,'Reference info'!$J$38:$J$405,1,0))),"Performer",not(iserror(vlookup($F88,'Reference info'!$J$10:$J$36,1,0))),"Producer & Engineer")} -> Main Primary Artist
A89: 9995964332228 | C89: {=ifs(and(isblank($A89),isblank($B89)),"", not(iserror(vlookup($A89&$B89,'3) Release_Label'!$D:$D&'3) Release_Label'!$E:$E,1,0))),vlookup($A89&$B89,{'3) Release_Label'!$D:$D&'3) Release_Label'!$E:$E,'3) Release_Label'!$F:$F},2,0), or(and(not(isblank($B89)),$B89=$B88,$A89<>$A88),and(not(isblank($A89)),$A89=$A88,$B89<>$B88)),"ID LISTS UNALIGNED",and($A89<>"",countif('3) Release_Label'!$D:$D,$A89)=0),"NO UPC MATCH in Release_Label",and($B89<>"",countif('3) Release_Label'!$E:$E,$B89)=0),"NO CATALOG ID MATCH in Release_Label",iserror(vlookup($A89&$B89,'3) Release_Label'!$D:$D&'3) Release_Label'!$E:$E,1,0)),"NO UPC-CATALOG ID pair MATCH in Release_Label" )} -> Vaar (From "Bhalwan Singh" Soundtrack) | D89: {=ifs(and(isblank($A89),isblank($B89)),"", not(iserror(vlookup($A89&$B89,'3) Release_Label'!$D:$D&'3) Release_Label'!$E:$E,1,0))),vlookup($A89&$B89,{'3) Release_Label'!$D:$D&'3) Release_Label'!$E:$E,'3) Release_Label'!$H:$H},2,0), or(and(not(isblank($B89)),$B89=$B88,$A89<>$A88),and(not(isblank($A89)),$A89=$A88,$B89<>$B88)),"ID LISTS UNALIGNED",and($A89<>"",countif('3) Release_Label'!$D:$D,$A89)=0),"NO UPC MATCH in Release_Label",and($B89<>"",countif('3) Release_Label'!$E:$E,$B89)=0),"NO CATALOG ID MATCH in Release_Label",iserror(vlookup($A89&$B89,'3) Release_Label'!$D:$D&'3) Release_Label'!$E:$E,1,0)),"NO UPC-CATALOG ID pair MATCH in Release_Label" )} | E89: Gurmoh | F89: With | G89: {=ifs(or($F89="",$F89="Main Primary Artist"),$F89,not(iserror(vlookup($F89,'Reference info'!$J$5:$J$8,1,0))),"Key Artist",not(iserror(vlookup($F89,'Reference info'!$J$38:$J$405,1,0))),"Performer",not(iserror(vlookup($F89,'Reference info'!$J$10:$J$36,1,0))),"Producer & Engineer")} -> Key Artist
A90: 9995964331528 | C90: {=ifs(and(isblank($A90),isblank($B90)),"", not(iserror(vlookup($A90&$B90,'3) Release_Label'!$D:$D&'3) Release_Label'!$E:$E,1,0))),vlookup($A90&$B90,{'3) Release_Label'!$D:$D&'3) Release_Label'!$E:$E,'3) Release_Label'!$F:$F},2,0), or(and(not(isblank($B90)),$B90=#REF!,$A90<>#REF!),and(not(isblank($A90)),$A90=#REF!,$B90<>#REF!)),"ID LISTS UNALIGNED",and($A90<>"",countif('3) Release_Label'!$D:$D,$A90)=0),"NO UPC MATCH in Release_Label",and($B90<>"",countif('3) Release_Label'!$E:$E,$B90)=0),"NO CATALOG ID MATCH in Release_Label",iserror(vlookup($A90&$B90,'3) Release_Label'!$D:$D&'3) Release_Label'!$E:$E,1,0)),"NO UPC-CATALOG ID pair MATCH in Release_Label" )} -> Vekh Baraatan Challiyan - Title Song (From "Vekh Baraatan Challiyan" Soundtrack) | D90: {=ifs(and(isblank($A90),isblank($B90)),"", not(iserror(vlookup($A90&$B90,'3) Release_Label'!$D:$D&'3) Release_Label'!$E:$E,1,0))),vlookup($A90&$B90,{'3) Release_Label'!$D:$D&'3) Release_Label'!$E:$E,'3) Release_Label'!$H:$H},2,0), or(and(not(isblank($B90)),$B90=#REF!,$A90<>#REF!),and(not(isblank($A90)),$A90=#REF!,$B90<>#REF!)),"ID LISTS UNALIGNED",and($A90<>"",countif('3) Release_Label'!$D:$D,$A90)=0),"NO UPC MATCH in Release_Label",and($B90<>"",countif('3) Release_Label'!$E:$E,$B90)=0),"NO CATALOG ID MATCH in Release_Label",iserror(vlookup($A90&$B90,'3) Release_Label'!$D:$D&'3) Release_Label'!$E:$E,1,0)),"NO UPC-CATALOG ID pair MATCH in Release_Label" )} | E90: Ranjit Bawa | F90: Main Primary Artist | G90: {=ifs(or($F90="",$F90="Main Primary Artist"),$F90,not(iserror(vlookup($F90,'Reference info'!$J$5:$J$8,1,0))),"Key Artist",not(iserror(vlookup($F90,'Reference info'!$J$38:$J$405,1,0))),"Performer",not(iserror(vlookup($F90,'Reference info'!$J$10:$J$36,1,0))),"Producer & Engineer")} -> Main Primary Artist
A91: 9995964331528 | C91: {=ifs(and(isblank($A91),isblank($B91)),"", not(iserror(vlookup($A91&$B91,'3) Release_Label'!$D:$D&'3) Release_Label'!$E:$E,1,0))),vlookup($A91&$B91,{'3) Release_Label'!$D:$D&'3) Release_Label'!$E:$E,'3) Release_Label'!$F:$F},2,0), or(and(not(isblank($B91)),$B91=$B90,$A91<>$A90),and(not(isblank($A91)),$A91=$A90,$B91<>$B90)),"ID LISTS UNALIGNED",and($A91<>"",countif('3) Release_Label'!$D:$D,$A91)=0),"NO UPC MATCH in Release_Label",and($B91<>"",countif('3) Release_Label'!$E:$E,$B91)=0),"NO CATALOG ID MATCH in Release_Label",iserror(vlookup($A91&$B91,'3) Release_Label'!$D:$D&'3) Release_Label'!$E:$E,1,0)),"NO UPC-CATALOG ID pair MATCH in Release_Label" )} -> Vekh Baraatan Challiyan - Title Song (From "Vekh Baraatan Challiyan" Soundtrack) | D91: {=ifs(and(isblank($A91),isblank($B91)),"", not(iserror(vlookup($A91&$B91,'3) Release_Label'!$D:$D&'3) Release_Label'!$E:$E,1,0))),vlookup($A91&$B91,{'3) Release_Label'!$D:$D&'3) Release_Label'!$E:$E,'3) Release_Label'!$H:$H},2,0), or(and(not(isblank($B91)),$B91=$B90,$A91<>$A90),and(not(isblank($A91)),$A91=$A90,$B91<>$B90)),"ID LISTS UNALIGNED",and($A91<>"",countif('3) Release_Label'!$D:$D,$A91)=0),"NO UPC MATCH in Release_Label",and($B91<>"",countif('3) Release_Label'!$E:$E,$B91)=0),"NO CATALOG ID MATCH in Release_Label",iserror(vlookup($A91&$B91,'3) Release_Label'!$D:$D&'3) Release_Label'!$E:$E,1,0)),"NO UPC-CATALOG ID pair MATCH in Release_Label" )} | E91: Bir Singh | F91: Primary Artist | G91: {=ifs(or($F91="",$F91="Main Primary Artist"),$F91,not(iserror(vlookup($F91,'Reference info'!$J$5:$J$8,1,0))),"Key Artist",not(iserror(vlookup($F91,'Reference info'!$J$38:$J$405,1,0))),"Performer",not(iserror(vlookup($F91,'Reference info'!$J$10:$J$36,1,0))),"Producer & Engineer")} -> Key Artist
A92: 9995964331528 | C92: {=ifs(and(isblank($A92),isblank($B92)),"", not(iserror(vlookup($A92&$B92,'3) Release_Label'!$D:$D&'3) Release_Label'!$E:$E,1,0))),vlookup($A92&$B92,{'3) Release_Label'!$D:$D&'3) Release_Label'!$E:$E,'3) Release_Label'!$F:$F},2,0), or(and(not(isblank($B92)),$B92=$B91,$A92<>$A91),and(not(isblank($A92)),$A92=$A91,$B92<>$B91)),"ID LISTS UNALIGNED",and($A92<>"",countif('3) Release_Label'!$D:$D,$A92)=0),"NO UPC MATCH in Release_Label",and($B92<>"",countif('3) Release_Label'!$E:$E,$B92)=0),"NO CATALOG ID MATCH in Release_Label",iserror(vlookup($A92&$B92,'3) Release_Label'!$D:$D&'3) Release_Label'!$E:$E,1,0)),"NO UPC-CATALOG ID pair MATCH in Release_Label" )} -> Vekh Baraatan Challiyan - Title Song (From "Vekh Baraatan Challiyan" Soundtrack) | D92: {=ifs(and(isblank($A92),isblank($B92)),"", not(iserror(vlookup($A92&$B92,'3) Release_Label'!$D:$D&'3) Release_Label'!$E:$E,1,0))),vlookup($A92&$B92,{'3) Release_Label'!$D:$D&'3) Release_Label'!$E:$E,'3) Release_Label'!$H:$H},2,0), or(and(not(isblank($B92)),$B92=$B91,$A92<>$A91),and(not(isblank($A92)),$A92=$A91,$B92<>$B91)),"ID LISTS UNALIGNED",and($A92<>"",countif('3) Release_Label'!$D:$D,$A92)=0),"NO UPC MATCH in Release_Label",and($B92<>"",countif('3) Release_Label'!$E:$E,$B92)=0),"NO CATALOG ID MATCH in Release_Label",iserror(vlookup($A92&$B92,'3) Release_Label'!$D:$D&'3) Release_Label'!$E:$E,1,0)),"NO UPC-CATALOG ID pair MATCH in Release_Label" )} | E92: Gurshabad | F92: Primary Artist | G92: {=ifs(or($F92="",$F92="Main Primary Artist"),$F92,not(iserror(vlookup($F92,'Reference info'!$J$5:$J$8,1,0))),"Key Artist",not(iserror(vlookup($F92,'Reference info'!$J$38:$J$405,1,0))),"Performer",not(iserror(vlookup($F92,'Reference info'!$J$10:$J$36,1,0))),"Producer & Engineer")} -> Key Artist
A93: 9995964331528 | C93: {=ifs(and(isblank($A93),isblank($B93)),"", not(iserror(vlookup($A93&$B93,'3) Release_Label'!$D:$D&'3) Release_Label'!$E:$E,1,0))),vlookup($A93&$B93,{'3) Release_Label'!$D:$D&'3) Release_Label'!$E:$E,'3) Release_Label'!$F:$F},2,0), or(and(not(isblank($B93)),$B93=$B92,$A93<>$A92),and(not(isblank($A93)),$A93=$A92,$B93<>$B92)),"ID LISTS UNALIGNED",and($A93<>"",countif('3) Release_Label'!$D:$D,$A93)=0),"NO UPC MATCH in Release_Label",and($B93<>"",countif('3) Release_Label'!$E:$E,$B93)=0),"NO CATALOG ID MATCH in Release_Label",iserror(vlookup($A93&$B93,'3) Release_Label'!$D:$D&'3) Release_Label'!$E:$E,1,0)),"NO UPC-CATALOG ID pair MATCH in Release_Label" )} -> Vekh Baraatan Challiyan - Title Song (From "Vekh Baraatan Challiyan" Soundtrack) | D93: {=ifs(and(isblank($A93),isblank($B93)),"", not(iserror(vlookup($A93&$B93,'3) Release_Label'!$D:$D&'3) Release_Label'!$E:$E,1,0))),vlookup($A93&$B93,{'3) Release_Label'!$D:$D&'3) Release_Label'!$E:$E,'3) Release_Label'!$H:$H},2,0), or(and(not(isblank($B93)),$B93=$B92,$A93<>$A92),and(not(isblank($A93)),$A93=$A92,$B93<>$B92)),"ID LISTS UNALIGNED",and($A93<>"",countif('3) Release_Label'!$D:$D,$A93)=0),"NO UPC MATCH in Release_Label",and($B93<>"",countif('3) Release_Label'!$E:$E,$B93)=0),"NO CATALOG ID MATCH in Release_Label",iserror(vlookup($A93&$B93,'3) Release_Label'!$D:$D&'3) Release_Label'!$E:$E,1,0)),"NO UPC-CATALOG ID pair MATCH in Release_Label" )} | E93: Gurmoh | F93: With | G93: {=ifs(or($F93="",$F93="Main Primary Artist"),$F93,not(iserror(vlookup($F93,'Reference info'!$J$5:$J$8,1,0))),"Key Artist",not(iserror(vlookup($F93,'Reference info'!$J$38:$J$405,1,0))),"Performer",not(iserror(vlookup($F93,'Reference info'!$J$10:$J$36,1,0))),"Producer & Engineer")} -> Key Artist
A94: 9995964357931 | C94: {=ifs(and(isblank($A94),isblank($B94)),"", not(iserror(vlookup($A94&$B94,'3) Release_Label'!$D:$D&'3) Release_Label'!$E:$E,1,0))),vlookup($A94&$B94,{'3) Release_Label'!$D:$D&'3) Release_Label'!$E:$E,'3) Release_Label'!$F:$F},2,0), or(and(not(isblank($B94)),$B94=$B93,$A94<>$A93),and(not(isblank($A94)),$A94=$A93,$B94<>$B93)),"ID LISTS UNALIGNED",and($A94<>"",countif('3) Release_Label'!$D:$D,$A94)=0),"NO UPC MATCH in Release_Label",and($B94<>"",countif('3) Release_Label'!$E:$E,$B94)=0),"NO CATALOG ID MATCH in Release_Label",iserror(vlookup($A94&$B94,'3) Release_Label'!$D:$D&'3) Release_Label'!$E:$E,1,0)),"NO UPC-CATALOG ID pair MATCH in Release_Label" )} -> Leekan (From "Ashke" Soundtrack) | D94: {=ifs(and(isblank($A94),isblank($B94)),"", not(iserror(vlookup($A94&$B94,'3) Release_Label'!$D:$D&'3) Release_Label'!$E:$E,1,0))),vlookup($A94&$B94,{'3) Release_Label'!$D:$D&'3) Release_Label'!$E:$E,'3) Release_Label'!$H:$H},2,0), or(and(not(isblank($B94)),$B94=$B93,$A94<>$A93),and(not(isblank($A94)),$A94=$A93,$B94<>$B93)),"ID LISTS UNALIGNED",and($A94<>"",countif('3) Release_Label'!$D:$D,$A94)=0),"NO UPC MATCH in Release_Label",and($B94<>"",countif('3) Release_Label'!$E:$E,$B94)=0),"NO CATALOG ID MATCH in Release_Label",iserror(vlookup($A94&$B94,'3) Release_Label'!$D:$D&'3) Release_Label'!$E:$E,1,0)),"NO UPC-CATALOG ID pair MATCH in Release_Label" )} | E94: Amrinder Gill | F94: Main Primary Artist | G94: {=ifs(or($F94="",$F94="Main Primary Artist"),$F94,not(iserror(vlookup($F94,'Reference info'!$J$5:$J$8,1,0))),"Key Artist",not(iserror(vlookup($F94,'Reference info'!$J$38:$J$405,1,0))),"Performer",not(iserror(vlookup($F94,'Reference info'!$J$10:$J$36,1,0))),"Producer & Engineer")} -> Main Primary Artist
A95: 9995964357931 | C95: {=ifs(and(isblank($A95),isblank($B95)),"", not(iserror(vlookup($A95&$B95,'3) Release_Label'!$D:$D&'3) Release_Label'!$E:$E,1,0))),vlookup($A95&$B95,{'3) Release_Label'!$D:$D&'3) Release_Label'!$E:$E,'3) Release_Label'!$F:$F},2,0), or(and(not(isblank($B95)),$B95=$B94,$A95<>$A94),and(not(isblank($A95)),$A95=$A94,$B95<>$B94)),"ID LISTS UNALIGNED",and($A95<>"",countif('3) Release_Label'!$D:$D,$A95)=0),"NO UPC MATCH in Release_Label",and($B95<>"",countif('3) Release_Label'!$E:$E,$B95)=0),"NO CATALOG ID MATCH in Release_Label",iserror(vlookup($A95&$B95,'3) Release_Label'!$D:$D&'3) Release_Label'!$E:$E,1,0)),"NO UPC-CATALOG ID pair MATCH in Release_Label" )} -> Leekan (From "Ashke" Soundtrack) | D95: {=ifs(and(isblank($A95),isblank($B95)),"", not(iserror(vlookup($A95&$B95,'3) Release_Label'!$D:$D&'3) Release_Label'!$E:$E,1,0))),vlookup($A95&$B95,{'3) Release_Label'!$D:$D&'3) Release_Label'!$E:$E,'3) Release_Label'!$H:$H},2,0), or(and(not(isblank($B95)),$B95=$B94,$A95<>$A94),and(not(isblank($A95)),$A95=$A94,$B95<>$B94)),"ID LISTS UNALIGNED",and($A95<>"",countif('3) Release_Label'!$D:$D,$A95)=0),"NO UPC MATCH in Release_Label",and($B95<>"",countif('3) Release_Label'!$E:$E,$B95)=0),"NO CATALOG ID MATCH in Release_Label",iserror(vlookup($A95&$B95,'3) Release_Label'!$D:$D&'3) Release_Label'!$E:$E,1,0)),"NO UPC-CATALOG ID pair MATCH in Release_Label" )} | E95: Jatinder Shah | F95: With | G95: {=ifs(or($F95="",$F95="Main Primary Artist"),$F95,not(iserror(vlookup($F95,'Reference info'!$J$5:$J$8,1,0))),"Key Artist",not(iserror(vlookup($F95,'Reference info'!$J$38:$J$405,1,0))),"Performer",not(iserror(vlookup($F95,'Reference info'!$J$10:$J$36,1,0))),"Producer & Engineer")} -> Key Artist
A96: 9995964357917 | C96: {=ifs(and(isblank($A96),isblank($B96)),"", not(iserror(vlookup($A96&$B96,'3) Release_Label'!$D:$D&'3) Release_Label'!$E:$E,1,0))),vlookup($A96&$B96,{'3) Release_Label'!$D:$D&'3) Release_Label'!$E:$E,'3) Release_Label'!$F:$F},2,0), or(and(not(isblank($B96)),$B96=$B95,$A96<>$A95),and(not(isblank($A96)),$A96=$A95,$B96<>$B95)),"ID LISTS UNALIGNED",and($A96<>"",countif('3) Release_Label'!$D:$D,$A96)=0),"NO UPC MATCH in Release_Label",and($B96<>"",countif('3) Release_Label'!$E:$E,$B96)=0),"NO CATALOG ID MATCH in Release_Label",iserror(vlookup($A96&$B96,'3) Release_Label'!$D:$D&'3) Release_Label'!$E:$E,1,0)),"NO UPC-CATALOG ID pair MATCH in Release_Label" )} -> Handsome Jatta (From "Ashke" Soundtrack) | D96: {=ifs(and(isblank($A96),isblank($B96)),"", not(iserror(vlookup($A96&$B96,'3) Release_Label'!$D:$D&'3) Release_Label'!$E:$E,1,0))),vlookup($A96&$B96,{'3) Release_Label'!$D:$D&'3) Release_Label'!$E:$E,'3) Release_Label'!$H:$H},2,0), or(and(not(isblank($B96)),$B96=$B95,$A96<>$A95),and(not(isblank($A96)),$A96=$A95,$B96<>$B95)),"ID LISTS UNALIGNED",and($A96<>"",countif('3) Release_Label'!$D:$D,$A96)=0),"NO UPC MATCH in Release_Label",and($B96<>"",countif('3) Release_Label'!$E:$E,$B96)=0),"NO CATALOG ID MATCH in Release_Label",iserror(vlookup($A96&$B96,'3) Release_Label'!$D:$D&'3) Release_Label'!$E:$E,1,0)),"NO UPC-CATALOG ID pair MATCH in Release_Label" )} | E96: Jordan Sandhu | F96: Main Primary Artist | G96: {=ifs(or($F96="",$F96="Main Primary Artist"),$F96,not(iserror(vlookup($F96,'Reference info'!$J$5:$J$8,1,0))),"Key Artist",not(iserror(vlookup($F96,'Reference info'!$J$38:$J$405,1,0))),"Performer",not(iserror(vlookup($F96,'Reference info'!$J$10:$J$36,1,0))),"Producer & Engineer")} -> Main Primary Artist
A97: 9995964357917 | C97: {=ifs(and(isblank($A97),isblank($B97)),"", not(iserror(vlookup($A97&$B97,'3) Release_Label'!$D:$D&'3) Release_Label'!$E:$E,1,0))),vlookup($A97&$B97,{'3) Release_Label'!$D:$D&'3) Release_Label'!$E:$E,'3) Release_Label'!$F:$F},2,0), or(and(not(isblank($B97)),$B97=$B96,$A97<>$A96),and(not(isblank($A97)),$A97=$A96,$B97<>$B96)),"ID LISTS UNALIGNED",and($A97<>"",countif('3) Release_Label'!$D:$D,$A97)=0),"NO UPC MATCH in Release_Label",and($B97<>"",countif('3) Release_Label'!$E:$E,$B97)=0),"NO CATALOG ID MATCH in Release_Label",iserror(vlookup($A97&$B97,'3) Release_Label'!$D:$D&'3) Release_Label'!$E:$E,1,0)),"NO UPC-CATALOG ID pair MATCH in Release_Label" )} -> Handsome Jatta (From "Ashke" Soundtrack) | D97: {=ifs(and(isblank($A97),isblank($B97)),"", not(iserror(vlookup($A97&$B97,'3) Release_Label'!$D:$D&'3) Release_Label'!$E:$E,1,0))),vlookup($A97&$B97,{'3) Release_Label'!$D:$D&'3) Release_Label'!$E:$E,'3) Release_Label'!$H:$H},2,0), or(and(not(isblank($B97)),$B97=$B96,$A97<>$A96),and(not(isblank($A97)),$A97=$A96,$B97<>$B96)),"ID LISTS UNALIGNED",and($A97<>"",countif('3) Release_Label'!$D:$D,$A97)=0),"NO UPC MATCH in Release_Label",and($B97<>"",countif('3) Release_Label'!$E:$E,$B97)=0),"NO CATALOG ID MATCH in Release_Label",iserror(vlookup($A97&$B97,'3) Release_Label'!$D:$D&'3) Release_Label'!$E:$E,1,0)),"NO UPC-CATALOG ID pair MATCH in Release_Label" )} | E97: Bunty Bains | F97: With | G97: {=ifs(or($F97="",$F97="Main Primary Artist"),$F97,not(iserror(vlookup($F97,'Reference info'!$J$5:$J$8,1,0))),"Key Artist",not(iserror(vlookup($F97,'Reference info'!$J$38:$J$405,1,0))),"Performer",not(iserror(vlookup($F97,'Reference info'!$J$10:$J$36,1,0))),"Producer & Engineer")} -> Key Artist
A98: 9995964357917 | C98: {=ifs(and(isblank($A98),isblank($B98)),"", not(iserror(vlookup($A98&$B98,'3) Release_Label'!$D:$D&'3) Release_Label'!$E:$E,1,0))),vlookup($A98&$B98,{'3) Release_Label'!$D:$D&'3) Release_Label'!$E:$E,'3) Release_Label'!$F:$F},2,0), or(and(not(isblank($B98)),$B98=$B97,$A98<>$A97),and(not(isblank($A98)),$A98=$A97,$B98<>$B97)),"ID LISTS UNALIGNED",and($A98<>"",countif('3) Release_Label'!$D:$D,$A98)=0),"NO UPC MATCH in Release_Label",and($B98<>"",countif('3) Release_Label'!$E:$E,$B98)=0),"NO CATALOG ID MATCH in Release_Label",iserror(vlookup($A98&$B98,'3) Release_Label'!$D:$D&'3) Release_Label'!$E:$E,1,0)),"NO UPC-CATALOG ID pair MATCH in Release_Label" )} -> Handsome Jatta (From "Ashke" Soundtrack) | D98: {=ifs(and(isblank($A98),isblank($B98)),"", not(iserror(vlookup($A98&$B98,'3) Release_Label'!$D:$D&'3) Release_Label'!$E:$E,1,0))),vlookup($A98&$B98,{'3) Release_Label'!$D:$D&'3) Release_Label'!$E:$E,'3) Release_Label'!$H:$H},2,0), or(and(not(isblank($B98)),$B98=$B97,$A98<>$A97),and(not(isblank($A98)),$A98=$A97,$B98<>$B97)),"ID LISTS UNALIGNED",and($A98<>"",countif('3) Release_Label'!$D:$D,$A98)=0),"NO UPC MATCH in Release_Label",and($B98<>"",countif('3) Release_Label'!$E:$E,$B98)=0),"NO CATALOG ID MATCH in Release_Label",iserror(vlookup($A98&$B98,'3) Release_Label'!$D:$D&'3) Release_Label'!$E:$E,1,0)),"NO UPC-CATALOG ID pair MATCH in Release_Label" )} | E98: Davvy Singh | F98: With | G98: {=ifs(or($F98="",$F98="Main Primary Artist"),$F98,not(iserror(vlookup($F98,'Reference info'!$J$5:$J$8,1,0))),"Key Artist",not(iserror(vlookup($F98,'Reference info'!$J$38:$J$405,1,0))),"Performer",not(iserror(vlookup($F98,'Reference info'!$J$10:$J$36,1,0))),"Producer & Engineer")} -> Key Artist
A99: 9995964359133 | C99: {=ifs(and(isblank($A99),isblank($B99)),"", not(iserror(vlookup($A99&$B99,'3) Release_Label'!$D:$D&'3) Release_Label'!$E:$E,1,0))),vlookup($A99&$B99,{'3) Release_Label'!$D:$D&'3) Release_Label'!$E:$E,'3) Release_Label'!$F:$F},2,0), or(and(not(isblank($B99)),$B99=$B98,$A99<>$A98),and(not(isblank($A99)),$A99=$A98,$B99<>$B98)),"ID LISTS UNALIGNED",and($A99<>"",countif('3) Release_Label'!$D:$D,$A99)=0),"NO UPC MATCH in Release_Label",and($B99<>"",countif('3) Release_Label'!$E:$E,$B99)=0),"NO CATALOG ID MATCH in Release_Label",iserror(vlookup($A99&$B99,'3) Release_Label'!$D:$D&'3) Release_Label'!$E:$E,1,0)),"NO UPC-CATALOG ID pair MATCH in Release_Label" )} -> Bholepan (From "Ashke" Soundtrack) | D99: {=ifs(and(isblank($A99),isblank($B99)),"", not(iserror(vlookup($A99&$B99,'3) Release_Label'!$D:$D&'3) Release_Label'!$E:$E,1,0))),vlookup($A99&$B99,{'3) Release_Label'!$D:$D&'3) Release_Label'!$E:$E,'3) Release_Label'!$H:$H},2,0), or(and(not(isblank($B99)),$B99=$B98,$A99<>$A98),and(not(isblank($A99)),$A99=$A98,$B99<>$B98)),"ID LISTS UNALIGNED",and($A99<>"",countif('3) Release_Label'!$D:$D,$A99)=0),"NO UPC MATCH in Release_Label",and($B99<>"",countif('3) Release_Label'!$E:$E,$B99)=0),"NO CATALOG ID MATCH in Release_Label",iserror(vlookup($A99&$B99,'3) Release_Label'!$D:$D&'3) Release_Label'!$E:$E,1,0)),"NO UPC-CATALOG ID pair MATCH in Release_Label" )} | E99: Rakesh Maini | F99: Main Primary Artist | G99: {=ifs(or($F99="",$F99="Main Primary Artist"),$F99,not(iserror(vlookup($F99,'Reference info'!$J$5:$J$8,1,0))),"Key Artist",not(iserror(vlookup($F99,'Reference info'!$J$38:$J$405,1,0))),"Performer",not(iserror(vlookup($F99,'Reference info'!$J$10:$J$36,1,0))),"Producer & Engineer")} -> Main Primary Artist
A100: 9995964359133 | C100: {=ifs(and(isblank($A100),isblank($B100)),"", not(iserror(vlookup($A100&$B100,'3) Release_Label'!$D:$D&'3) Release_Label'!$E:$E,1,0))),vlookup($A100&$B100,{'3) Release_Label'!$D:$D&'3) Release_Label'!$E:$E,'3) Release_Label'!$F:$F},2,0), or(and(not(isblank($B100)),$B100=$B99,$A100<>$A99),and(not(isblank($A100)),$A100=$A99,$B100<>$B99)),"ID LISTS UNALIGNED",and($A100<>"",countif('3) Release_Label'!$D:$D,$A100)=0),"NO UPC MATCH in Release_Label",and($B100<>"",countif('3) Release_Label'!$E:$E,$B100)=0),"NO CATALOG ID MATCH in Release_Label",iserror(vlookup($A100&$B100,'3) Release_Label'!$D:$D&'3) Release_Label'!$E:$E,1,0)),"NO UPC-CATALOG ID pair MATCH in Release_Label" )} -> Bholepan (From "Ashke" Soundtrack) | D100: {=ifs(and(isblank($A100),isblank($B100)),"", not(iserror(vlookup($A100&$B100,'3) Release_Label'!$D:$D&'3) Release_Label'!$E:$E,1,0))),vlookup($A100&$B100,{'3) Release_Label'!$D:$D&'3) Release_Label'!$E:$E,'3) Release_Label'!$H:$H},2,0), or(and(not(isblank($B100)),$B100=$B99,$A100<>$A99),and(not(isblank($A100)),$A100=$A99,$B100<>$B99)),"ID LISTS UNALIGNED",and($A100<>"",countif('3) Release_Label'!$D:$D,$A100)=0),"NO UPC MATCH in Release_Label",and($B100<>"",countif('3) Release_Label'!$E:$E,$B100)=0),"NO CATALOG ID MATCH in Release_Label",iserror(vlookup($A100&$B100,'3) Release_Label'!$D:$D&'3) Release_Label'!$E:$E,1,0)),"NO UPC-CATALOG ID pair MATCH in Release_Label" )} | E100: Jatinder Shah | F100: With | G100: {=ifs(or($F100="",$F100="Main Primary Artist"),$F100,not(iserror(vlookup($F100,'Reference info'!$J$5:$J$8,1,0))),"Key Artist",not(iserror(vlookup($F100,'Reference info'!$J$38:$J$405,1,0))),"Performer",not(iserror(vlookup($F100,'Reference info'!$J$10:$J$36,1,0))),"Producer & Engineer")} -> Key Artist
A101: 9995964359270 | C101: {=ifs(and(isblank($A101),isblank($B101)),"", not(iserror(vlookup($A101&$B101,'3) Release_Label'!$D:$D&'3) Release_Label'!$E:$E,1,0))),vlookup($A101&$B101,{'3) Release_Label'!$D:$D&'3) Release_Label'!$E:$E,'3) Release_Label'!$F:$F},2,0), or(and(not(isblank($B101)),$B101=$B100,$A101<>$A100),and(not(isblank($A101)),$A101=$A100,$B101<>$B100)),"ID LISTS UNALIGNED",and($A101<>"",countif('3) Release_Label'!$D:$D,$A101)=0),"NO UPC MATCH in Release_Label",and($B101<>"",countif('3) Release_Label'!$E:$E,$B101)=0),"NO CATALOG ID MATCH in Release_Label",iserror(vlookup($A101&$B101,'3) Release_Label'!$D:$D&'3) Release_Label'!$E:$E,1,0)),"NO UPC-CATALOG ID pair MATCH in Release_Label" )} -> Eh Tanhayi | D101: {=ifs(and(isblank($A101),isblank($B101)),"", not(iserror(vlookup($A101&$B101,'3) Release_Label'!$D:$D&'3) Release_Label'!$E:$E,1,0))),vlookup($A101&$B101,{'3) Release_Label'!$D:$D&'3) Release_Label'!$E:$E,'3) Release_Label'!$H:$H},2,0), or(and(not(isblank($B101)),$B101=$B100,$A101<>$A100),and(not(isblank($A101)),$A101=$A100,$B101<>$B100)),"ID LISTS UNALIGNED",and($A101<>"",countif('3) Release_Label'!$D:$D,$A101)=0),"NO UPC MATCH in Release_Label",and($B101<>"",countif('3) Release_Label'!$E:$E,$B101)=0),"NO CATALOG ID MATCH in Release_Label",iserror(vlookup($A101&$B101,'3) Release_Label'!$D:$D&'3) Release_Label'!$E:$E,1,0)),"NO UPC-CATALOG ID pair MATCH in Release_Label" )} | E101: Bir Singh | F101: Main Primary Artist | G101: {=ifs(or($F101="",$F101="Main Primary Artist"),$F101,not(iserror(vlookup($F101,'Reference info'!$J$5:$J$8,1,0))),"Key Artist",not(iserror(vlookup($F101,'Reference info'!$J$38:$J$405,1,0))),"Performer",not(iserror(vlookup($F101,'Reference info'!$J$10:$J$36,1,0))),"Producer & Engineer")} -> Main Primary Artist
A102: 9995964359270 | C102: {=ifs(and(isblank($A102),isblank($B102)),"", not(iserror(vlookup($A102&$B102,'3) Release_Label'!$D:$D&'3) Release_Label'!$E:$E,1,0))),vlookup($A102&$B102,{'3) Release_Label'!$D:$D&'3) Release_Label'!$E:$E,'3) Release_Label'!$F:$F},2,0), or(and(not(isblank($B102)),$B102=$B101,$A102<>$A101),and(not(isblank($A102)),$A102=$A101,$B102<>$B101)),"ID LISTS UNALIGNED",and($A102<>"",countif('3) Release_Label'!$D:$D,$A102)=0),"NO UPC MATCH in Release_Label",and($B102<>"",countif('3) Release_Label'!$E:$E,$B102)=0),"NO CATALOG ID MATCH in Release_Label",iserror(vlookup($A102&$B102,'3) Release_Label'!$D:$D&'3) Release_Label'!$E:$E,1,0)),"NO UPC-CATALOG ID pair MATCH in Release_Label" )} -> Eh Tanhayi | D102: {=ifs(and(isblank($A102),isblank($B102)),"", not(iserror(vlookup($A102&$B102,'3) Release_Label'!$D:$D&'3) Release_Label'!$E:$E,1,0))),vlookup($A102&$B102,{'3) Release_Label'!$D:$D&'3) Release_Label'!$E:$E,'3) Release_Label'!$H:$H},2,0), or(and(not(isblank($B102)),$B102=$B101,$A102<>$A101),and(not(isblank($A102)),$A102=$A101,$B102<>$B101)),"ID LISTS UNALIGNED",and($A102<>"",countif('3) Release_Label'!$D:$D,$A102)=0),"NO UPC MATCH in Release_Label",and($B102<>"",countif('3) Release_Label'!$E:$E,$B102)=0),"NO CATALOG ID MATCH in Release_Label",iserror(vlookup($A102&$B102,'3) Release_Label'!$D:$D&'3) Release_Label'!$E:$E,1,0)),"NO UPC-CATALOG ID pair MATCH in Release_Label" )} | E102: Gurmoh | F102: With | G102: {=ifs(or($F102="",$F102="Main Primary Artist"),$F102,not(iserror(vlookup($F102,'Reference info'!$J$5:$J$8,1,0))),"Key Artist",not(iserror(vlookup($F102,'Reference info'!$J$38:$J$405,1,0))),"Performer",not(iserror(vlookup($F102,'Reference info'!$J$10:$J$36,1,0))),"Producer & Engineer")} -> Key Artist
... A129: 9995964340933 | C129: {=ifs(and(isblank($A129),isblank($B129)),"", not(iserror(vlookup($A129&$B129,'3) Release_Label'!$D:$D&'3) Release_Label'!$E:$E,1,0))),vlookup($A129&$B129,{'3) Release_Label'!$D:$D&'3) Release_Label'!$E:$E,'3) Release_Label'!$F:$F},2,0), or(and(not(isblank($B129)),$B129=$B128,$A129<>$A128),and(not(isblank($A129)),$A129=$A128,$B129<>$B128)),"ID LISTS UNALIGNED",and($A129<>"",countif('3) Release_Label'!$D:$D,$A129)=0),"NO UPC MATCH in Release_Label",and($B129<>"",countif('3) Release_Label'!$E:$E,$B129)=0),"NO CATALOG ID MATCH in Release_Label",iserror(vlookup($A129&$B129,'3) Release_Label'!$D:$D&'3) Release_Label'!$E:$E,1,0)),"NO UPC-CATALOG ID pair MATCH in Release_Label" )} -> Dil Main Nahi Laona (From "Laiye Je Yaarian" Soundtrack) | D129: {=ifs(and(isblank($A129),isblank($B129)),"", not(iserror(vlookup($A129&$B129,'3) Release_Label'!$D:$D&'3) Release_Label'!$E:$E,1,0))),vlookup($A129&$B129,{'3) Release_Label'!$D:$D&'3) Release_Label'!$E:$E,'3) Release_Label'!$H:$H},2,0), or(and(not(isblank($B129)),$B129=$B128,$A129<>$A128),and(not(isblank($A129)),$A129=$A128,$B129<>$B128)),"ID LISTS UNALIGNED",and($A129<>"",countif('3) Release_Label'!$D:$D,$A129)=0),"NO UPC MATCH in Release_Label",and($B129<>"",countif('3) Release_Label'!$E:$E,$B129)=0),"NO CATALOG ID MATCH in Release_Label",iserror(vlookup($A129&$B129,'3) Release_Label'!$D:$D&'3) Release_Label'!$E:$E,1,0)),"NO UPC-CATALOG ID pair MATCH in Release_Label" )} | E129: MixSingh | F129: Featuring | G129: {=ifs(or($F129="",$F129="Main Primary Artist"),$F129,not(iserror(vlookup($F129,'Reference info'!$J$5:$J$8,1,0))),"Key Artist",not(iserror(vlookup($F129,'Reference info'!$J$38:$J$405,1,0))),"Performer",not(iserror(vlookup($F129,'Reference info'!$J$10:$J$36,1,0))),"Producer & Engineer")} -> Key Artist
A130: 9995964341268 | C130: {=ifs(and(isblank($A130),isblank($B130)),"", not(iserror(vlookup($A130&$B130,'3) Release_Label'!$D:$D&'3) Release_Label'!$E:$E,1,0))),vlookup($A130&$B130,{'3) Release_Label'!$D:$D&'3) Release_Label'!$E:$E,'3) Release_Label'!$F:$F},2,0), or(and(not(isblank($B130)),$B130=#REF!,$A130<>#REF!),and(not(isblank($A130)),$A130=#REF!,$B130<>#REF!)),"ID LISTS UNALIGNED",and($A130<>"",countif('3) Release_Label'!$D:$D,$A130)=0),"NO UPC MATCH in Release_Label",and($B130<>"",countif('3) Release_Label'!$E:$E,$B130)=0),"NO CATALOG ID MATCH in Release_Label",iserror(vlookup($A130&$B130,'3) Release_Label'!$D:$D&'3) Release_Label'!$E:$E,1,0)),"NO UPC-CATALOG ID pair MATCH in Release_Label" )} -> U & I (From "Laiye Je Yaarian" Soundtrack) | D130: {=ifs(and(isblank($A130),isblank($B130)),"", not(iserror(vlookup($A130&$B130,'3) Release_Label'!$D:$D&'3) Release_Label'!$E:$E,1,0))),vlookup($A130&$B130,{'3) Release_Label'!$D:$D&'3) Release_Label'!$E:$E,'3) Release_Label'!$H:$H},2,0), or(and(not(isblank($B130)),$B130=#REF!,$A130<>#REF!),and(not(isblank($A130)),$A130=#REF!,$B130<>#REF!)),"ID LISTS UNALIGNED",and($A130<>"",countif('3) Release_Label'!$D:$D,$A130)=0),"NO UPC MATCH in Release_Label",and($B130<>"",countif('3) Release_Label'!$E:$E,$B130)=0),"NO CATALOG ID MATCH in Release_Label",iserror(vlookup($A130&$B130,'3) Release_Label'!$D:$D&'3) Release_Label'!$E:$E,1,0)),"NO UPC-CATALOG ID pair MATCH in Release_Label" )} | E130: Garry Sandhu | F130: Main Primary Artist | G130: {=ifs(or($F130="",$F130="Main Primary Artist"),$F130,not(iserror(vlookup($F130,'Reference info'!$J$5:$J$8,1,0))),"Key Artist",not(iserror(vlookup($F130,'Reference info'!$J$38:$J$405,1,0))),"Performer",not(iserror(vlookup($F130,'Reference info'!$J$10:$J$36,1,0))),"Producer & Engineer")} -> Main Primary Artist
A131: 9995964341268 | C131: {=ifs(and(isblank($A131),isblank($B131)),"", not(iserror(vlookup($A131&$B131,'3) Release_Label'!$D:$D&'3) Release_Label'!$E:$E,1,0))),vlookup($A131&$B131,{'3) Release_Label'!$D:$D&'3) Release_Label'!$E:$E,'3) Release_Label'!$F:$F},2,0), or(and(not(isblank($B131)),$B131=$B130,$A131<>$A130),and(not(isblank($A131)),$A131=$A130,$B131<>$B130)),"ID LISTS UNALIGNED",and($A131<>"",countif('3) Release_Label'!$D:$D,$A131)=0),"NO UPC MATCH in Release_Label",and($B131<>"",countif('3) Release_Label'!$E:$E,$B131)=0),"NO CATALOG ID MATCH in Release_Label",iserror(vlookup($A131&$B131,'3) Release_Label'!$D:$D&'3) Release_Label'!$E:$E,1,0)),"NO UPC-CATALOG ID pair MATCH in Release_Label" )} -> U & I (From "Laiye Je Yaarian" Soundtrack) | D131: {=ifs(and(isblank($A131),isblank($B131)),"", not(iserror(vlookup($A131&$B131,'3) Release_Label'!$D:$D&'3) Release_Label'!$E:$E,1,0))),vlookup($A131&$B131,{'3) Release_Label'!$D:$D&'3) Release_Label'!$E:$E,'3) Release_Label'!$H:$H},2,0), or(and(not(isblank($B131)),$B131=$B130,$A131<>$A130),and(not(isblank($A131)),$A131=$A130,$B131<>$B130)),"ID LISTS UNALIGNED",and($A131<>"",countif('3) Release_Label'!$D:$D,$A131)=0),"NO UPC MATCH in Release_Label",and($B131<>"",countif('3) Release_Label'!$E:$E,$B131)=0),"NO CATALOG ID MATCH in Release_Label",iserror(vlookup($A131&$B131,'3) Release_Label'!$D:$D&'3) Release_Label'!$E:$E,1,0)),"NO UPC-CATALOG ID pair MATCH in Release_Label" )} | E131: Snappy | F131: Featuring | G131: {=ifs(or($F131="",$F131="Main Primary Artist"),$F131,not(iserror(vlookup($F131,'Reference info'!$J$5:$J$8,1,0))),"Key Artist",not(iserror(vlookup($F131,'Reference info'!$J$38:$J$405,1,0))),"Performer",not(iserror(vlookup($F131,'Reference info'!$J$10:$J$36,1,0))),"Producer & Engineer")} -> Key Artist
A132: 9995964341831 | C132: {=ifs(and(isblank($A132),isblank($B132)),"", not(iserror(vlookup($A132&$B132,'3) Release_Label'!$D:$D&'3) Release_Label'!$E:$E,1,0))),vlookup($A132&$B132,{'3) Release_Label'!$D:$D&'3) Release_Label'!$E:$E,'3) Release_Label'!$F:$F},2,0), or(and(not(isblank($B132)),$B132=$B131,$A132<>$A131),and(not(isblank($A132)),$A132=$A131,$B132<>$B131)),"ID LISTS UNALIGNED",and($A132<>"",countif('3) Release_Label'!$D:$D,$A132)=0),"NO UPC MATCH in Release_Label",and($B132<>"",countif('3) Release_Label'!$E:$E,$B132)=0),"NO CATALOG ID MATCH in Release_Label",iserror(vlookup($A132&$B132,'3) Release_Label'!$D:$D&'3) Release_Label'!$E:$E,1,0)),"NO UPC-CATALOG ID pair MATCH in Release_Label" )} -> Kurti De Mor (From "Laiye Je Yaarian" Soundtrack) | D132: {=ifs(and(isblank($A132),isblank($B132)),"", not(iserror(vlookup($A132&$B132,'3) Release_Label'!$D:$D&'3) Release_Label'!$E:$E,1,0))),vlookup($A132&$B132,{'3) Release_Label'!$D:$D&'3) Release_Label'!$E:$E,'3) Release_Label'!$H:$H},2,0), or(and(not(isblank($B132)),$B132=$B131,$A132<>$A131),and(not(isblank($A132)),$A132=$A131,$B132<>$B131)),"ID LISTS UNALIGNED",and($A132<>"",countif('3) Release_Label'!$D:$D,$A132)=0),"NO UPC MATCH in Release_Label",and($B132<>"",countif('3) Release_Label'!$E:$E,$B132)=0),"NO CATALOG ID MATCH in Release_Label",iserror(vlookup($A132&$B132,'3) Release_Label'!$D:$D&'3) Release_Label'!$E:$E,1,0)),"NO UPC-CATALOG ID pair MATCH in Release_Label" )} | E132: Amrinder Gill | F132: Main Primary Artist | G132: {=ifs(or($F132="",$F132="Main Primary Artist"),$F132,not(iserror(vlookup($F132,'Reference info'!$J$5:$J$8,1,0))),"Key Artist",not(iserror(vlookup($F132,'Reference info'!$J$38:$J$405,1,0))),"Performer",not(iserror(vlookup($F132,'Reference info'!$J$10:$J$36,1,0))),"Producer & Engineer")} -> Main Primary Artist
A133: 9995964341831 | C133: {=ifs(and(isblank($A133),isblank($B133)),"", not(iserror(vlookup($A133&$B133,'3) Release_Label'!$D:$D&'3) Release_Label'!$E:$E,1,0))),vlookup($A133&$B133,{'3) Release_Label'!$D:$D&'3) Release_Label'!$E:$E,'3) Release_Label'!$F:$F},2,0), or(and(not(isblank($B133)),$B133=$B132,$A133<>$A132),and(not(isblank($A133)),$A133=$A132,$B133<>$B132)),"ID LISTS UNALIGNED",and($A133<>"",countif('3) Release_Label'!$D:$D,$A133)=0),"NO UPC MATCH in Release_Label",and($B133<>"",countif('3) Release_Label'!$E:$E,$B133)=0),"NO CATALOG ID MATCH in Release_Label",iserror(vlookup($A133&$B133,'3) Release_Label'!$D:$D&'3) Release_Label'!$E:$E,1,0)),"NO UPC-CATALOG ID pair MATCH in Release_Label" )} -> Kurti De Mor (From "Laiye Je Yaarian" Soundtrack) | D133: {=ifs(and(isblank($A133),isblank($B133)),"", not(iserror(vlookup($A133&$B133,'3) Release_Label'!$D:$D&'3) Release_Label'!$E:$E,1,0))),vlookup($A133&$B133,{'3) Release_Label'!$D:$D&'3) Release_Label'!$E:$E,'3) Release_Label'!$H:$H},2,0), or(and(not(isblank($B133)),$B133=$B132,$A133<>$A132),and(not(isblank($A133)),$A133=$A132,$B133<>$B132)),"ID LISTS UNALIGNED",and($A133<>"",countif('3) Release_Label'!$D:$D,$A133)=0),"NO UPC MATCH in Release_Label",and($B133<>"",countif('3) Release_Label'!$E:$E,$B133)=0),"NO CATALOG ID MATCH in Release_Label",iserror(vlookup($A133&$B133,'3) Release_Label'!$D:$D&'3) Release_Label'!$E:$E,1,0)),"NO UPC-CATALOG ID pair MATCH in Release_Label" )} | E133: Jatinder Shah | F133: Featuring | G133: {=ifs(or($F133="",$F133="Main Primary Artist"),$F133,not(iserror(vlookup($F133,'Reference info'!$J$5:$J$8,1,0))),"Key Artist",not(iserror(vlookup($F133,'Reference info'!$J$38:$J$405,1,0))),"Performer",not(iserror(vlookup($F133,'Reference info'!$J$10:$J$36,1,0))),"Producer & Engineer")} -> Key Artist
A134: 9995964342975 | C134: {=ifs(and(isblank($A134),isblank($B134)),"", not(iserror(vlookup($A134&$B134,'3) Release_Label'!$D:$D&'3) Release_Label'!$E:$E,1,0))),vlookup($A134&$B134,{'3) Release_Label'!$D:$D&'3) Release_Label'!$E:$E,'3) Release_Label'!$F:$F},2,0), or(and(not(isblank($B134)),$B134=$B133,$A134<>$A133),and(not(isblank($A134)),$A134=$A133,$B134<>$B133)),"ID LISTS UNALIGNED",and($A134<>"",countif('3) Release_Label'!$D:$D,$A134)=0),"NO UPC MATCH in Release_Label",and($B134<>"",countif('3) Release_Label'!$E:$E,$B134)=0),"NO CATALOG ID MATCH in Release_Label",iserror(vlookup($A134&$B134,'3) Release_Label'!$D:$D&'3) Release_Label'!$E:$E,1,0)),"NO UPC-CATALOG ID pair MATCH in Release_Label" )} -> Baddlan De Kaalje (From "Chal Mera Putt" Soundtrack) | D134: {=ifs(and(isblank($A134),isblank($B134)),"", not(iserror(vlookup($A134&$B134,'3) Release_Label'!$D:$D&'3) Release_Label'!$E:$E,1,0))),vlookup($A134&$B134,{'3) Release_Label'!$D:$D&'3) Release_Label'!$E:$E,'3) Release_Label'!$H:$H},2,0), or(and(not(isblank($B134)),$B134=$B133,$A134<>$A133),and(not(isblank($A134)),$A134=$A133,$B134<>$B133)),"ID LISTS UNALIGNED",and($A134<>"",countif('3) Release_Label'!$D:$D,$A134)=0),"NO UPC MATCH in Release_Label",and($B134<>"",countif('3) Release_Label'!$E:$E,$B134)=0),"NO CATALOG ID MATCH in Release_Label",iserror(vlookup($A134&$B134,'3) Release_Label'!$D:$D&'3) Release_Label'!$E:$E,1,0)),"NO UPC-CATALOG ID pair MATCH in Release_Label" )} | E134: Amrinder Gill | F134: Main Primary Artist | G134: {=ifs(or($F134="",$F134="Main Primary Artist"),$F134,not(iserror(vlookup($F134,'Reference info'!$J$5:$J$8,1,0))),"Key Artist",not(iserror(vlookup($F134,'Reference info'!$J$38:$J$405,1,0))),"Performer",not(iserror(vlookup($F134,'Reference info'!$J$10:$J$36,1,0))),"Producer & Engineer")} -> Main Primary Artist
A135: 9995964342975 | C135: {=ifs(and(isblank($A135),isblank($B135)),"", not(iserror(vlookup($A135&$B135,'3) Release_Label'!$D:$D&'3) Release_Label'!$E:$E,1,0))),vlookup($A135&$B135,{'3) Release_Label'!$D:$D&'3) Release_Label'!$E:$E,'3) Release_Label'!$F:$F},2,0), or(and(not(isblank($B135)),$B135=$B134,$A135<>$A134),and(not(isblank($A135)),$A135=$A134,$B135<>$B134)),"ID LISTS UNALIGNED",and($A135<>"",countif('3) Release_Label'!$D:$D,$A135)=0),"NO UPC MATCH in Release_Label",and($B135<>"",countif('3) Release_Label'!$E:$E,$B135)=0),"NO CATALOG ID MATCH in Release_Label",iserror(vlookup($A135&$B135,'3) Release_Label'!$D:$D&'3) Release_Label'!$E:$E,1,0)),"NO UPC-CATALOG ID pair MATCH in Release_Label" )} -> Baddlan De Kaalje (From "Chal Mera Putt" Soundtrack) | D135: {=ifs(and(isblank($A135),isblank($B135)),"", not(iserror(vlookup($A135&$B135,'3) Release_Label'!$D:$D&'3) Release_Label'!$E:$E,1,0))),vlookup($A135&$B135,{'3) Release_Label'!$D:$D&'3) Release_Label'!$E:$E,'3) Release_Label'!$H:$H},2,0), or(and(not(isblank($B135)),$B135=$B134,$A135<>$A134),and(not(isblank($A135)),$A135=$A134,$B135<>$B134)),"ID LISTS UNALIGNED",and($A135<>"",countif('3) Release_Label'!$D:$D,$A135)=0),"NO UPC MATCH in Release_Label",and($B135<>"",countif('3) Release_Label'!$E:$E,$B135)=0),"NO CATALOG ID MATCH in Release_Label",iserror(vlookup($A135&$B135,'3) Release_Label'!$D:$D&'3) Release_Label'!$E:$E,1,0)),"NO UPC-CATALOG ID pair MATCH in Release_Label" )} | E135: Nimrat Khaira | F135: Primary Artist | G135: {=ifs(or($F135="",$F135="Main Primary Artist"),$F135,not(iserror(vlookup($F135,'Reference info'!$J$5:$J$8,1,0))),"Key Artist",not(iserror(vlookup($F135,'Reference info'!$J$38:$J$405,1,0))),"Performer",not(iserror(vlookup($F135,'Reference info'!$J$10:$J$36,1,0))),"Producer & Engineer")} -> Key Artist
A136: 9995964342975 | C136: {=ifs(and(isblank($A136),isblank($B136)),"", not(iserror(vlookup($A136&$B136,'3) Release_Label'!$D:$D&'3) Release_Label'!$E:$E,1,0))),vlookup($A136&$B136,{'3) Release_Label'!$D:$D&'3) Release_Label'!$E:$E,'3) Release_Label'!$F:$F},2,0), or(and(not(isblank($B136)),$B136=$B135,$A136<>$A135),and(not(isblank($A136)),$A136=$A135,$B136<>$B135)),"ID LISTS UNALIGNED",and($A136<>"",countif('3) Release_Label'!$D:$D,$A136)=0),"NO UPC MATCH in Release_Label",and($B136<>"",countif('3) Release_Label'!$E:$E,$B136)=0),"NO CATALOG ID MATCH in Release_Label",iserror(vlookup($A136&$B136,'3) Release_Label'!$D:$D&'3) Release_Label'!$E:$E,1,0)),"NO UPC-CATALOG ID pair MATCH in Release_Label" )} -> Baddlan De Kaalje (From "Chal Mera Putt" Soundtrack) | D136: {=ifs(and(isblank($A136),isblank($B136)),"", not(iserror(vlookup($A136&$B136,'3) Release_Label'!$D:$D&'3) Release_Label'!$E:$E,1,0))),vlookup($A136&$B136,{'3) Release_Label'!$D:$D&'3) Release_Label'!$E:$E,'3) Release_Label'!$H:$H},2,0), or(and(not(isblank($B136)),$B136=$B135,$A136<>$A135),and(not(isblank($A136)),$A136=$A135,$B136<>$B135)),"ID LISTS UNALIGNED",and($A136<>"",countif('3) Release_Label'!$D:$D,$A136)=0),"NO UPC MATCH in Release_Label",and($B136<>"",countif('3) Release_Label'!$E:$E,$B136)=0),"NO CATALOG ID MATCH in Release_Label",iserror(vlookup($A136&$B136,'3) Release_Label'!$D:$D&'3) Release_Label'!$E:$E,1,0)),"NO UPC-CATALOG ID pair MATCH in Release_Label" )} | E136: Dr. Zeus | F136: Featuring | G136: {=ifs(or($F136="",$F136="Main Primary Artist"),$F136,not(iserror(vlookup($F136,'Reference info'!$J$5:$J$8,1,0))),"Key Artist",not(iserror(vlookup($F136,'Reference info'!$J$38:$J$405,1,0))),"Performer",not(iserror(vlookup($F136,'Reference info'!$J$10:$J$36,1,0))),"Producer & Engineer")} -> Key Artist
A137: 9995964343125 | C137: {=ifs(and(isblank($A137),isblank($B137)),"", not(iserror(vlookup($A137&$B137,'3) Release_Label'!$D:$D&'3) Release_Label'!$E:$E,1,0))),vlookup($A137&$B137,{'3) Release_Label'!$D:$D&'3) Release_Label'!$E:$E,'3) Release_Label'!$F:$F},2,0), or(and(not(isblank($B137)),$B137=$B136,$A137<>$A136),and(not(isblank($A137)),$A137=$A136,$B137<>$B136)),"ID LISTS UNALIGNED",and($A137<>"",countif('3) Release_Label'!$D:$D,$A137)=0),"NO UPC MATCH in Release_Label",and($B137<>"",countif('3) Release_Label'!$E:$E,$B137)=0),"NO CATALOG ID MATCH in Release_Label",iserror(vlookup($A137&$B137,'3) Release_Label'!$D:$D&'3) Release_Label'!$E:$E,1,0)),"NO UPC-CATALOG ID pair MATCH in Release_Label" )} -> Chal Mera Putt - Title Track (From "Chal Mera Putt" Soundtrack) | D137: {=ifs(and(isblank($A137),isblank($B137)),"", not(iserror(vlookup($A137&$B137,'3) Release_Label'!$D:$D&'3) Release_Label'!$E:$E,1,0))),vlookup($A137&$B137,{'3) Release_Label'!$D:$D&'3) Release_Label'!$E:$E,'3) Release_Label'!$H:$H},2,0), or(and(not(isblank($B137)),$B137=$B136,$A137<>$A136),and(not(isblank($A137)),$A137=$A136,$B137<>$B136)),"ID LISTS UNALIGNED",and($A137<>"",countif('3) Release_Label'!$D:$D,$A137)=0),"NO UPC MATCH in Release_Label",and($B137<>"",countif('3) Release_Label'!$E:$E,$B137)=0),"NO CATALOG ID MATCH in Release_Label",iserror(vlookup($A137&$B137,'3) Release_Label'!$D:$D&'3) Release_Label'!$E:$E,1,0)),"NO UPC-CATALOG ID pair MATCH in Release_Label" )} | E137: Amrinder Gill | F137: Main Primary Artist | G137: {=ifs(or($F137="",$F137="Main Primary Artist"),$F137,not(iserror(vlookup($F137,'Reference info'!$J$5:$J$8,1,0))),"Key Artist",not(iserror(vlookup($F137,'Reference info'!$J$38:$J$405,1,0))),"Performer",not(iserror(vlookup($F137,'Reference info'!$J$10:$J$36,1,0))),"Producer & Engineer")} -> Main Primary Artist
A138: 9995964343125 | C138: {=ifs(and(isblank($A138),isblank($B138)),"", not(iserror(vlookup($A138&$B138,'3) Release_Label'!$D:$D&'3) Release_Label'!$E:$E,1,0))),vlookup($A138&$B138,{'3) Release_Label'!$D:$D&'3) Release_Label'!$E:$E,'3) Release_Label'!$F:$F},2,0), or(and(not(isblank($B138)),$B138=$B137,$A138<>$A137),and(not(isblank($A138)),$A138=$A137,$B138<>$B137)),"ID LISTS UNALIGNED",and($A138<>"",countif('3) Release_Label'!$D:$D,$A138)=0),"NO UPC MATCH in Release_Label",and($B138<>"",countif('3) Release_Label'!$E:$E,$B138)=0),"NO CATALOG ID MATCH in Release_Label",iserror(vlookup($A138&$B138,'3) Release_Label'!$D:$D&'3) Release_Label'!$E:$E,1,0)),"NO UPC-CATALOG ID pair MATCH in Release_Label" )} -> Chal Mera Putt - Title Track (From "Chal Mera Putt" Soundtrack) | D138: {=ifs(and(isblank($A138),isblank($B138)),"", not(iserror(vlookup($A138&$B138,'3) Release_Label'!$D:$D&'3) Release_Label'!$E:$E,1,0))),vlookup($A138&$B138,{'3) Release_Label'!$D:$D&'3) Release_Label'!$E:$E,'3) Release_Label'!$H:$H},2,0), or(and(not(isblank($B138)),$B138=$B137,$A138<>$A137),and(not(isblank($A138)),$A138=$A137,$B138<>$B137)),"ID LISTS UNALIGNED",and($A138<>"",countif('3) Release_Label'!$D:$D,$A138)=0),"NO UPC MATCH in Release_Label",and($B138<>"",countif('3) Release_Label'!$E:$E,$B138)=0),"NO CATALOG ID MATCH in Release_Label",iserror(vlookup($A138&$B138,'3) Release_Label'!$D:$D&'3) Release_Label'!$E:$E,1,0)),"NO UPC-CATALOG ID pair MATCH in Release_Label" )} | E138: Dr. Zeus | F138: Featuring | G138: {=ifs(or($F138="",$F138="Main Primary Artist"),$F138,not(iserror(vlookup($F138,'Reference info'!$J$5:$J$8,1,0))),"Key Artist",not(iserror(vlookup($F138,'Reference info'!$J$38:$J$405,1,0))),"Performer",not(iserror(vlookup($F138,'Reference info'!$J$10:$J$36,1,0))),"Producer & Engineer")} -> Key Artist
A139: 9995964343309 | C139: {=ifs(and(isblank($A139),isblank($B139)),"", not(iserror(vlookup($A139&$B139,'3) Release_Label'!$D:$D&'3) Release_Label'!$E:$E,1,0))),vlookup($A139&$B139,{'3) Release_Label'!$D:$D&'3) Release_Label'!$E:$E,'3) Release_Label'!$F:$F},2,0), or(and(not(isblank($B139)),$B139=$B138,$A139<>$A138),and(not(isblank($A139)),$A139=$A138,$B139<>$B138)),"ID LISTS UNALIGNED",and($A139<>"",countif('3) Release_Label'!$D:$D,$A139)=0),"NO UPC MATCH in Release_Label",and($B139<>"",countif('3) Release_Label'!$E:$E,$B139)=0),"NO CATALOG ID MATCH in Release_Label",iserror(vlookup($A139&$B139,'3) Release_Label'!$D:$D&'3) Release_Label'!$E:$E,1,0)),"NO UPC-CATALOG ID pair MATCH in Release_Label" )} -> Aaban De Deson (From "Chal Mera Putt" Soundtrack) | D139: {=ifs(and(isblank($A139),isblank($B139)),"", not(iserror(vlookup($A139&$B139,'3) Release_Label'!$D:$D&'3) Release_Label'!$E:$E,1,0))),vlookup($A139&$B139,{'3) Release_Label'!$D:$D&'3) Release_Label'!$E:$E,'3) Release_Label'!$H:$H},2,0), or(and(not(isblank($B139)),$B139=$B138,$A139<>$A138),and(not(isblank($A139)),$A139=$A138,$B139<>$B138)),"ID LISTS UNALIGNED",and($A139<>"",countif('3) Release_Label'!$D:$D,$A139)=0),"NO UPC MATCH in Release_Label",and($B139<>"",countif('3) Release_Label'!$E:$E,$B139)=0),"NO CATALOG ID MATCH in Release_Label",iserror(vlookup($A139&$B139,'3) Release_Label'!$D:$D&'3) Release_Label'!$E:$E,1,0)),"NO UPC-CATALOG ID pair MATCH in Release_Label" )} | E139: Amrinder Gill | F139: Main Primary Artist | G139: {=ifs(or($F139="",$F139="Main Primary Artist"),$F139,not(iserror(vlookup($F139,'Reference info'!$J$5:$J$8,1,0))),"Key Artist",not(iserror(vlookup($F139,'Reference info'!$J$38:$J$405,1,0))),"Performer",not(iserror(vlookup($F139,'Reference info'!$J$10:$J$36,1,0))),"Producer & Engineer")} -> Main Primary Artist
A140: 9995964343309 | C140: {=ifs(and(isblank($A140),isblank($B140)),"", not(iserror(vlookup($A140&$B140,'3) Release_Label'!$D:$D&'3) Release_Label'!$E:$E,1,0))),vlookup($A140&$B140,{'3) Release_Label'!$D:$D&'3) Release_Label'!$E:$E,'3) Release_Label'!$F:$F},2,0), or(and(not(isblank($B140)),$B140=$B139,$A140<>$A139),and(not(isblank($A140)),$A140=$A139,$B140<>$B139)),"ID LISTS UNALIGNED",and($A140<>"",countif('3) Release_Label'!$D:$D,$A140)=0),"NO UPC MATCH in Release_Label",and($B140<>"",countif('3) Release_Label'!$E:$E,$B140)=0),"NO CATALOG ID MATCH in Release_Label",iserror(vlookup($A140&$B140,'3) Release_Label'!$D:$D&'3) Release_Label'!$E:$E,1,0)),"NO UPC-CATALOG ID pair MATCH in Release_Label" )} -> Aaban De Deson (From "Chal Mera Putt" Soundtrack) | D140: {=ifs(and(isblank($A140),isblank($B140)),"", not(iserror(vlookup($A140&$B140,'3) Release_Label'!$D:$D&'3) Release_Label'!$E:$E,1,0))),vlookup($A140&$B140,{'3) Release_Label'!$D:$D&'3) Release_Label'!$E:$E,'3) Release_Label'!$H:$H},2,0), or(and(not(isblank($B140)),$B140=$B139,$A140<>$A139),and(not(isblank($A140)),$A140=$A139,$B140<>$B139)),"ID LISTS UNALIGNED",and($A140<>"",countif('3) Release_Label'!$D:$D,$A140)=0),"NO UPC MATCH in Release_Label",and($B140<>"",countif('3) Release_Label'!$E:$E,$B140)=0),"NO CATALOG ID MATCH in Release_Label",iserror(vlookup($A140&$B140,'3) Release_Label'!$D:$D&'3) Release_Label'!$E:$E,1,0)),"NO UPC-CATALOG ID pair MATCH in Release_Label" )} | E140: Dr. Zeus | F140: Featuring | G140: {=ifs(or($F140="",$F140="Main Primary Artist"),$F140,not(iserror(vlookup($F140,'Reference info'!$J$5:$J$8,1,0))),"Key Artist",not(iserror(vlookup($F140,'Reference info'!$J$38:$J$405,1,0))),"Performer",not(iserror(vlookup($F140,'Reference info'!$J$10:$J$36,1,0))),"Producer & Engineer")} -> Key Artist
A141: 9995964343538 | C141: {=ifs(and(isblank($A141),isblank($B141)),"", not(iserror(vlookup($A141&$B141,'3) Release_Label'!$D:$D&'3) Release_Label'!$E:$E,1,0))),vlookup($A141&$B141,{'3) Release_Label'!$D:$D&'3) Release_Label'!$E:$E,'3) Release_Label'!$F:$F},2,0), or(and(not(isblank($B141)),$B141=$B140,$A141<>$A140),and(not(isblank($A141)),$A141=$A140,$B141<>$B140)),"ID LISTS UNALIGNED",and($A141<>"",countif('3) Release_Label'!$D:$D,$A141)=0),"NO UPC MATCH in Release_Label",and($B141<>"",countif('3) Release_Label'!$E:$E,$B141)=0),"NO CATALOG ID MATCH in Release_Label",iserror(vlookup($A141&$B141,'3) Release_Label'!$D:$D&'3) Release_Label'!$E:$E,1,0)),"NO UPC-CATALOG ID pair MATCH in Release_Label" )} -> Shiftaan (From "Chal Mera Putt" Soundtrack) | D141: {=ifs(and(isblank($A141),isblank($B141)),"", not(iserror(vlookup($A141&$B141,'3) Release_Label'!$D:$D&'3) Release_Label'!$E:$E,1,0))),vlookup($A141&$B141,{'3) Release_Label'!$D:$D&'3) Release_Label'!$E:$E,'3) Release_Label'!$H:$H},2,0), or(and(not(isblank($B141)),$B141=$B140,$A141<>$A140),and(not(isblank($A141)),$A141=$A140,$B141<>$B140)),"ID LISTS UNALIGNED",and($A141<>"",countif('3) Release_Label'!$D:$D,$A141)=0),"NO UPC MATCH in Release_Label",and($B141<>"",countif('3) Release_Label'!$E:$E,$B141)=0),"NO CATALOG ID MATCH in Release_Label",iserror(vlookup($A141&$B141,'3) Release_Label'!$D:$D&'3) Release_Label'!$E:$E,1,0)),"NO UPC-CATALOG ID pair MATCH in Release_Label" )} | E141: Gurshabad | F141: Main Primary Artist | G141: {=ifs(or($F141="",$F141="Main Primary Artist"),$F141,not(iserror(vlookup($F141,'Reference info'!$J$5:$J$8,1,0))),"Key Artist",not(iserror(vlookup($F141,'Reference info'!$J$38:$J$405,1,0))),"Performer",not(iserror(vlookup($F141,'Reference info'!$J$10:$J$36,1,0))),"Producer & Engineer")} -> Main Primary Artist
A142: 9995964343538 | C142: {=ifs(and(isblank($A142),isblank($B142)),"", not(iserror(vlookup($A142&$B142,'3) Release_Label'!$D:$D&'3) Release_Label'!$E:$E,1,0))),vlookup($A142&$B142,{'3) Release_Label'!$D:$D&'3) Release_Label'!$E:$E,'3) Release_Label'!$F:$F},2,0), or(and(not(isblank($B142)),$B142=$B141,$A142<>$A141),and(not(isblank($A142)),$A142=$A141,$B142<>$B141)),"ID LISTS UNALIGNED",and($A142<>"",countif('3) Release_Label'!$D:$D,$A142)=0),"NO UPC MATCH in Release_Label",and($B142<>"",countif('3) Release_Label'!$E:$E,$B142)=0),"NO CATALOG ID MATCH in Release_Label",iserror(vlookup($A142&$B142,'3) Release_Label'!$D:$D&'3) Release_Label'!$E:$E,1,0)),"NO UPC-CATALOG ID pair MATCH in Release_Label" )} -> Shiftaan (From "Chal Mera Putt" Soundtrack) | D142: {=ifs(and(isblank($A142),isblank($B142)),"", not(iserror(vlookup($A142&$B142,'3) Release_Label'!$D:$D&'3) Release_Label'!$E:$E,1,0))),vlookup($A142&$B142,{'3) Release_Label'!$D:$D&'3) Release_Label'!$E:$E,'3) Release_Label'!$H:$H},2,0), or(and(not(isblank($B142)),$B142=$B141,$A142<>$A141),and(not(isblank($A142)),$A142=$A141,$B142<>$B141)),"ID LISTS UNALIGNED",and($A142<>"",countif('3) Release_Label'!$D:$D,$A142)=0),"NO UPC MATCH in Release_Label",and($B142<>"",countif('3) Release_Label'!$E:$E,$B142)=0),"NO CATALOG ID MATCH in Release_Label",iserror(vlookup($A142&$B142,'3) Release_Label'!$D:$D&'3) Release_Label'!$E:$E,1,0)),"NO UPC-CATALOG ID pair MATCH in Release_Label" )} | E142: Dr. Zeus | F142: Featuring | G142: {=ifs(or($F142="",$F142="Main Primary Artist"),$F142,not(iserror(vlookup($F142,'Reference info'!$J$5:$J$8,1,0))),"Key Artist",not(iserror(vlookup($F142,'Reference info'!$J$38:$J$405,1,0))),"Performer",not(iserror(vlookup($F142,'Reference info'!$J$10:$J$36,1,0))),"Producer & Engineer")} -> Key Artist
... A145: 9995964351885 | C145: {=ifs(and(isblank($A145),isblank($B145)),"", not(iserror(vlookup($A145&$B145,'3) Release_Label'!$D:$D&'3) Release_Label'!$E:$E,1,0))),vlookup($A145&$B145,{'3) Release_Label'!$D:$D&'3) Release_Label'!$E:$E,'3) Release_Label'!$F:$F},2,0), or(and(not(isblank($B145)),$B145=$B144,$A145<>$A144),and(not(isblank($A145)),$A145=$A144,$B145<>$B144)),"ID LISTS UNALIGNED",and($A145<>"",countif('3) Release_Label'!$D:$D,$A145)=0),"NO UPC MATCH in Release_Label",and($B145<>"",countif('3) Release_Label'!$E:$E,$B145)=0),"NO CATALOG ID MATCH in Release_Label",iserror(vlookup($A145&$B145,'3) Release_Label'!$D:$D&'3) Release_Label'!$E:$E,1,0)),"NO UPC-CATALOG ID pair MATCH in Release_Label" )} -> Nanak Aadh Jugaadh Jiyo | D145: {=ifs(and(isblank($A145),isblank($B145)),"", not(iserror(vlookup($A145&$B145,'3) Release_Label'!$D:$D&'3) Release_Label'!$E:$E,1,0))),vlookup($A145&$B145,{'3) Release_Label'!$D:$D&'3) Release_Label'!$E:$E,'3) Release_Label'!$H:$H},2,0), or(and(not(isblank($B145)),$B145=$B144,$A145<>$A144),and(not(isblank($A145)),$A145=$A144,$B145<>$B144)),"ID LISTS UNALIGNED",and($A145<>"",countif('3) Release_Label'!$D:$D,$A145)=0),"NO UPC MATCH in Release_Label",and($B145<>"",countif('3) Release_Label'!$E:$E,$B145)=0),"NO CATALOG ID MATCH in Release_Label",iserror(vlookup($A145&$B145,'3) Release_Label'!$D:$D&'3) Release_Label'!$E:$E,1,0)),"NO UPC-CATALOG ID pair MATCH in Release_Label" )} | E145: Diljit Dosanjh | F145: Main Primary Artist | G145: {=ifs(or($F145="",$F145="Main Primary Artist"),$F145,not(iserror(vlookup($F145,'Reference info'!$J$5:$J$8,1,0))),"Key Artist",not(iserror(vlookup($F145,'Reference info'!$J$38:$J$405,1,0))),"Performer",not(iserror(vlookup($F145,'Reference info'!$J$10:$J$36,1,0))),"Producer & Engineer")} -> Main Primary Artist
A146: 9995964366124 | C146: {=ifs(and(isblank($A146),isblank($B146)),"", not(iserror(vlookup($A146&$B146,'3) Release_Label'!$D:$D&'3) Release_Label'!$E:$E,1,0))),vlookup($A146&$B146,{'3) Release_Label'!$D:$D&'3) Release_Label'!$E:$E,'3) Release_Label'!$F:$F},2,0), or(and(not(isblank($B146)),$B146=#REF!,$A146<>#REF!),and(not(isblank($A146)),$A146=#REF!,$B146<>#REF!)),"ID LISTS UNALIGNED",and($A146<>"",countif('3) Release_Label'!$D:$D,$A146)=0),"NO UPC MATCH in Release_Label",and($B146<>"",countif('3) Release_Label'!$E:$E,$B146)=0),"NO CATALOG ID MATCH in Release_Label",iserror(vlookup($A146&$B146,'3) Release_Label'!$D:$D&'3) Release_Label'!$E:$E,1,0)),"NO UPC-CATALOG ID pair MATCH in Release_Label" )} -> Boota Gaalan Kad Da Ae (From "Chal Mera Putt 2" Soundtrack) | D146: {=ifs(and(isblank($A146),isblank($B146)),"", not(iserror(vlookup($A146&$B146,'3) Release_Label'!$D:$D&'3) Release_Label'!$E:$E,1,0))),vlookup($A146&$B146,{'3) Release_Label'!$D:$D&'3) Release_Label'!$E:$E,'3) Release_Label'!$H:$H},2,0), or(and(not(isblank($B146)),$B146=#REF!,$A146<>#REF!),and(not(isblank($A146)),$A146=#REF!,$B146<>#REF!)),"ID LISTS UNALIGNED",and($A146<>"",countif('3) Release_Label'!$D:$D,$A146)=0),"NO UPC MATCH in Release_Label",and($B146<>"",countif('3) Release_Label'!$E:$E,$B146)=0),"NO CATALOG ID MATCH in Release_Label",iserror(vlookup($A146&$B146,'3) Release_Label'!$D:$D&'3) Release_Label'!$E:$E,1,0)),"NO UPC-CATALOG ID pair MATCH in Release_Label" )} | E146: Amrinder Gill | F146: Main Primary Artist | G146: {=ifs(or($F146="",$F146="Main Primary Artist"),$F146,not(iserror(vlookup($F146,'Reference info'!$J$5:$J$8,1,0))),"Key Artist",not(iserror(vlookup($F146,'Reference info'!$J$38:$J$405,1,0))),"Performer",not(iserror(vlookup($F146,'Reference info'!$J$10:$J$36,1,0))),"Producer & Engineer")} -> Main Primary Artist
...

Sheet 5) Release_Track
A1: =IFERROR(__xludf.DUMMYFUNCTION("COUNTUNIQUE(A5:A1003)-'3) Release_Label'!D1"),0.0) -> 0 | B1: =IFERROR(__xludf.DUMMYFUNCTION("COUNTUNIQUE(B5:B1003)-'3) Release_Label'!E1"),0.0) -> 0 | C1: = FILLED AUTOMATICALLY IF CODES/IDS MATCH | E1: =count(E5:E1003) -> 84 | F1: =IFERROR(__xludf.DUMMYFUNCTION("COUNTUNIQUE(F5:F1003)"),84.0) -> 84 | G1: =IFERROR(__xludf.DUMMYFUNCTION("COUNTUNIQUE(G5:G1003)"),0.0) -> 0 | H1: = READ NOTES / INSTRUCTIONS | I1: = OPTIONAL | J1: = REQUIRED FIELD | M1: =IFERROR(__xludf.DUMMYFUNCTION("COUNTUNIQUE(M5:M1003)"),84.0) -> 84 | N1: =COUNTA(N5:N1003) -> 84
A2: TRACK LEVEL - UPC/ID<>ISRC/ID
A3: UPC / EAN / JAN | B3: CATALOG RELEASE ID | C3: RELEASE TITLE | D3: RELEASE VERSION | E3: TRACK | F3: ISRC/vISRC | G3: CATALOG TRACK ID | H3: TRACK TITLE | I3: TRACK VERSION | J3: LANGUAGE OF LYRICS | K3: EXPLICIT | L3: TYPE | M3: AUDIO FILE URL | N3: AUDIO TYPE | O3: TRACK PREVIEW | P3: COMPOSITION ISWC
A4: from Release_Label tab | B4: from Release_Label tab | C4: auto-fills if Release Code/Id matches Code/Id in Release_Label tab | E4: NUMBER | F4: CCXXXYY##### blank if no ISRC yet | G4: Internal Ref. ID required if no ISRC/vISRC | H4: Written EXACTLY as per label copy (no version, type or contributor info) | I4: If applicable | J4: (select from list, start typing or drag) If no lyrics, select Instrumental | K4: YES / NO | L4: Original / Public Domain | M4: public URL MUST trigger audio file DOWNLOAD | N4: wav / flac ONLY | O4: Preview Start Time (in seconds)
A5: 9995964332174 | C5: {=ifs(and(isblank($A5),isblank($B5)),"", not(iserror(vlookup($A5&$B5,'3) Release_Label'!$D:$D&'3) Release_Label'!$E:$E,1,0))),vlookup($A5&$B5,{'3) Release_Label'!$D:$D&'3) Release_Label'!$E:$E,'3) Release_Label'!$F:$F},2,0), or(and(not(isblank($B5)),$B5=$B4,$A5<>$A4),and(not(isblank($A5)),$A5=$A4,$B5<>$B4)),"ID LISTS UNALIGNED",and($A5<>"",countif('3) Release_Label'!$D:$D,$A5)=0),"NO UPC MATCH in Release_Label",and($B5<>"",countif('3) Release_Label'!$E:$E,$B5)=0),"NO CATALOG ID MATCH in Release_Label",iserror(vlookup($A5&$B5,'3) Release_Label'!$D:$D&'3) Release_Label'!$E:$E,1,0)),"NO UPC-CATALOG ID pair MATCH in Release_Label" )} -> Aakad (From "Bhalwan Singh" Soundtrack) | D5: {=ifs(and(isblank($A5),isblank($B5)),"", not(iserror(vlookup($A5&$B5,'3) Release_Label'!$D:$D&'3) Release_Label'!$E:$E,1,0))),vlookup($A5&$B5,{'3) Release_Label'!$D:$D&'3) Release_Label'!$E:$E,'3) Release_Label'!$H:$H},2,0), or(and(not(isblank($B5)),$B5=$B4,$A5<>$A4),and(not(isblank($A5)),$A5=$A4,$B5<>$B4)),"ID LISTS UNALIGNED",and($A5<>"",countif('3) Release_Label'!$D:$D,$A5)=0),"NO UPC MATCH in Release_Label",and($B5<>"",countif('3) Release_Label'!$E:$E,$B5)=0),"NO CATALOG ID MATCH in Release_Label",iserror(vlookup($A5&$B5,'3) Release_Label'!$D:$D&'3) Release_Label'!$E:$E,1,0)),"NO UPC-CATALOG ID pair MATCH in Release_Label" )} | E5: =if(and(isblank($A5),isblank($B5)),"",if(not(iserror(find("MATCH in ",D5))),D5,if(or(and(not(isblank($B5)),$B5=$B4,$A5<>$A4),and(not(isblank($A5)),$A5=$A4,$B5<>$B4)),"ID LISTS UNALIGNED",if(not(isblank($A5)),if($A5=$A4,1+E4,1),if($B5=$B4,1+E4,1))))) -> 1 | F5: COL5K1701302 | H5: Aakad (From "Bhalwan Singh" Soundtrack) | J5: Punjabi | K5: NO | L5: Original | M5: https://www.dropbox.com/scl/fi/qufijuq6phjyuq27sgstf/9995964332174.jpg?rlkey=wbd7ow19kc9yjnzje9xip5sok&st=ejmpczbx&dl=1 | N5: wav
A6: 9995964356132 | C6: {=ifs(and(isblank($A6),isblank($B6)),"", not(iserror(vlookup($A6&$B6,'3) Release_Label'!$D:$D&'3) Release_Label'!$E:$E,1,0))),vlookup($A6&$B6,{'3) Release_Label'!$D:$D&'3) Release_Label'!$E:$E,'3) Release_Label'!$F:$F},2,0), or(and(not(isblank($B6)),$B6=$B5,$A6<>$A5),and(not(isblank($A6)),$A6=$A5,$B6<>$B5)),"ID LISTS UNALIGNED",and($A6<>"",countif('3) Release_Label'!$D:$D,$A6)=0),"NO UPC MATCH in Release_Label",and($B6<>"",countif('3) Release_Label'!$E:$E,$B6)=0),"NO CATALOG ID MATCH in Release_Label",iserror(vlookup($A6&$B6,'3) Release_Label'!$D:$D&'3) Release_Label'!$E:$E,1,0)),"NO UPC-CATALOG ID pair MATCH in Release_Label" )} -> Aisi Taisi (From "Golak Bugni Bank Te Batua" Soundtrack) | D6: {=ifs(and(isblank($A6),isblank($B6)),"", not(iserror(vlookup($A6&$B6,'3) Release_Label'!$D:$D&'3) Release_Label'!$E:$E,1,0))),vlookup($A6&$B6,{'3) Release_Label'!$D:$D&'3) Release_Label'!$E:$E,'3) Release_Label'!$H:$H},2,0), or(and(not(isblank($B6)),$B6=$B5,$A6<>$A5),and(not(isblank($A6)),$A6=$A5,$B6<>$B5)),"ID LISTS UNALIGNED",and($A6<>"",countif('3) Release_Label'!$D:$D,$A6)=0),"NO UPC MATCH in Release_Label",and($B6<>"",countif('3) Release_Label'!$E:$E,$B6)=0),"NO CATALOG ID MATCH in Release_Label",iserror(vlookup($A6&$B6,'3) Release_Label'!$D:$D&'3) Release_Label'!$E:$E,1,0)),"NO UPC-CATALOG ID pair MATCH in Release_Label" )} | E6: =if(and(isblank($A6),isblank($B6)),"",if(not(iserror(find("MATCH in ",D6))),D6,if(or(and(not(isblank($B6)),$B6=$B5,$A6<>$A5),and(not(isblank($A6)),$A6=$A5,$B6<>$B5)),"ID LISTS UNALIGNED",if(not(isblank($A6)),if($A6=$A5,1+E5,1),if($B6=$B5,1+E5,1))))) -> 1 | F6: COL5K1701401 | H6: Aisi Taisi (From "Golak Bugni Bank Te Batua" Soundtrack) | J6: Punjabi | K6: NO | L6: Original | M6: https://www.dropbox.com/scl/fi/2d413hc2judi27t1p7gn6/9995964356132_01_01.wav?rlkey=tdi2ehfcymx6azogfce25h08t&st=xfb9tl9e&dl=1 | N6: wav
A7: 9995964330651 | C7: {=ifs(and(isblank($A7),isblank($B7)),"", not(iserror(vlookup($A7&$B7,'3) Release_Label'!$D:$D&'3) Release_Label'!$E:$E,1,0))),vlookup($A7&$B7,{'3) Release_Label'!$D:$D&'3) Release_Label'!$E:$E,'3) Release_Label'!$F:$F},2,0), or(and(not(isblank($B7)),$B7=$B6,$A7<>$A6),and(not(isblank($A7)),$A7=$A6,$B7<>$B6)),"ID LISTS UNALIGNED",and($A7<>"",countif('3) Release_Label'!$D:$D,$A7)=0),"NO UPC MATCH in Release_Label",and($B7<>"",countif('3) Release_Label'!$E:$E,$B7)=0),"NO CATALOG ID MATCH in Release_Label",iserror(vlookup($A7&$B7,'3) Release_Label'!$D:$D&'3) Release_Label'!$E:$E,1,0)),"NO UPC-CATALOG ID pair MATCH in Release_Label" )} -> Akhar - Female Version (From "Lahoriye" Soundtrack) | D7: {=ifs(and(isblank($A7),isblank($B7)),"", not(iserror(vlookup($A7&$B7,'3) Release_Label'!$D:$D&'3) Release_Label'!$E:$E,1,0))),vlookup($A7&$B7,{'3) Release_Label'!$D:$D&'3) Release_Label'!$E:$E,'3) Release_Label'!$H:$H},2,0), or(and(not(isblank($B7)),$B7=$B6,$A7<>$A6),and(not(isblank($A7)),$A7=$A6,$B7<>$B6)),"ID LISTS UNALIGNED",and($A7<>"",countif('3) Release_Label'!$D:$D,$A7)=0),"NO UPC MATCH in Release_Label",and($B7<>"",countif('3) Release_Label'!$E:$E,$B7)=0),"NO CATALOG ID MATCH in Release_Label",iserror(vlookup($A7&$B7,'3) Release_Label'!$D:$D&'3) Release_Label'!$E:$E,1,0)),"NO UPC-CATALOG ID pair MATCH in Release_Label" )} | E7: =if(and(isblank($A7),isblank($B7)),"",if(not(iserror(find("MATCH in ",D7))),D7,if(or(and(not(isblank($B7)),$B7=$B6,$A7<>$A6),and(not(isblank($A7)),$A7=$A6,$B7<>$B6)),"ID LISTS UNALIGNED",if(not(isblank($A7)),if($A7=$A6,1+E6,1),if($B7=$B6,1+E6,1))))) -> 1 | F7: COL5K1701106 | H7: Akhar - Female Version (From "Lahoriye" Soundtrack) | J7: Punjabi | K7: NO | L7: Original | M7: https://www.dropbox.com/scl/fi/mt80iu3snvjc8x7v0jda4/9995964330651_01_01.wav?rlkey=f9jhqvo6z8hm6fkdiu7sdcqwr&st=ysssu5b9&dl=1 | N7: wav
A8: 9995964330088 | C8: {=ifs(and(isblank($A8),isblank($B8)),"", not(iserror(vlookup($A8&$B8,'3) Release_Label'!$D:$D&'3) Release_Label'!$E:$E,1,0))),vlookup($A8&$B8,{'3) Release_Label'!$D:$D&'3) Release_Label'!$E:$E,'3) Release_Label'!$F:$F},2,0), or(and(not(isblank($B8)),$B8=$B7,$A8<>$A7),and(not(isblank($A8)),$A8=$A7,$B8<>$B7)),"ID LISTS UNALIGNED",and($A8<>"",countif('3) Release_Label'!$D:$D,$A8)=0),"NO UPC MATCH in Release_Label",and($B8<>"",countif('3) Release_Label'!$E:$E,$B8)=0),"NO CATALOG ID MATCH in Release_Label",iserror(vlookup($A8&$B8,'3) Release_Label'!$D:$D&'3) Release_Label'!$E:$E,1,0)),"NO UPC-CATALOG ID pair MATCH in Release_Label" )} -> Akhar (From "Lahoriye" Soundtrack) | D8: {=ifs(and(isblank($A8),isblank($B8)),"", not(iserror(vlookup($A8&$B8,'3) Release_Label'!$D:$D&'3) Release_Label'!$E:$E,1,0))),vlookup($A8&$B8,{'3) Release_Label'!$D:$D&'3) Release_Label'!$E:$E,'3) Release_Label'!$H:$H},2,0), or(and(not(isblank($B8)),$B8=$B7,$A8<>$A7),and(not(isblank($A8)),$A8=$A7,$B8<>$B7)),"ID LISTS UNALIGNED",and($A8<>"",countif('3) Release_Label'!$D:$D,$A8)=0),"NO UPC MATCH in Release_Label",and($B8<>"",countif('3) Release_Label'!$E:$E,$B8)=0),"NO CATALOG ID MATCH in Release_Label",iserror(vlookup($A8&$B8,'3) Release_Label'!$D:$D&'3) Release_Label'!$E:$E,1,0)),"NO UPC-CATALOG ID pair MATCH in Release_Label" )} | E8: =if(and(isblank($A8),isblank($B8)),"",if(not(iserror(find("MATCH in ",D8))),D8,if(or(and(not(isblank($B8)),$B8=$B7,$A8<>$A7),and(not(isblank($A8)),$A8=$A7,$B8<>$B7)),"ID LISTS UNALIGNED",if(not(isblank($A8)),if($A8=$A7,1+E7,1),if($B8=$B7,1+E7,1))))) -> 1 | F8: COL5K1701101 | H8: Akhar (From "Lahoriye" Soundtrack) | J8: Punjabi | K8: NO | L8: Original | M8: https://www.dropbox.com/scl/fi/51be91fnf990uy3xppc8h/9995964330088_01_01.wav?rlkey=9i3qvvt1dylg7zdqpj32lyhw2&st=jo1cjqyz&dl=1 | N8: wav
A9: 9995964312657 | C9: {=ifs(and(isblank($A9),isblank($B9)),"", not(iserror(vlookup($A9&$B9,'3) Release_Label'!$D:$D&'3) Release_Label'!$E:$E,1,0))),vlookup($A9&$B9,{'3) Release_Label'!$D:$D&'3) Release_Label'!$E:$E,'3) Release_Label'!$F:$F},2,0), or(and(not(isblank($B9)),$B9=$B8,$A9<>$A8),and(not(isblank($A9)),$A9=$A8,$B9<>$B8)),"ID LISTS UNALIGNED",and($A9<>"",countif('3) Release_Label'!$D:$D,$A9)=0),"NO UPC MATCH in Release_Label",and($B9<>"",countif('3) Release_Label'!$E:$E,$B9)=0),"NO CATALOG ID MATCH in Release_Label",iserror(vlookup($A9&$B9,'3) Release_Label'!$D:$D&'3) Release_Label'!$E:$E,1,0)),"NO UPC-CATALOG ID pair MATCH in Release_Label" )} -> Angrej (Original Motion Picture Soundtrack) | D9: {=ifs(and(isblank($A9),isblank($B9)),"", not(iserror(vlookup($A9&$B9,'3) Release_Label'!$D:$D&'3) Release_Label'!$E:$E,1,0))),vlookup($A9&$B9,{'3) Release_Label'!$D:$D&'3) Release_Label'!$E:$E,'3) Release_Label'!$H:$H},2,0), or(and(not(isblank($B9)),$B9=$B8,$A9<>$A8),and(not(isblank($A9)),$A9=$A8,$B9<>$B8)),"ID LISTS UNALIGNED",and($A9<>"",countif('3) Release_Label'!$D:$D,$A9)=0),"NO UPC MATCH in Release_Label",and($B9<>"",countif('3) Release_Label'!$E:$E,$B9)=0),"NO CATALOG ID MATCH in Release_Label",iserror(vlookup($A9&$B9,'3) Release_Label'!$D:$D&'3) Release_Label'!$E:$E,1,0)),"NO UPC-CATALOG ID pair MATCH in Release_Label" )} | E9: =if(and(isblank($A9),isblank($B9)),"",if(not(iserror(find("MATCH in ",D9))),D9,if(or(and(not(isblank($B9)),$B9=$B8,$A9<>$A8),and(not(isblank($A9)),$A9=$A8,$B9<>$B8)),"ID LISTS UNALIGNED",if(not(isblank($A9)),if($A9=$A8,1+E8,1),if($B9=$B8,1+E8,1))))) -> 1 | F9: COL5K1500304 | H9: Mil Ke Baithange | J9: Punjabi | K9: NO | L9: Original | M9: https://www.dropbox.com/scl/fi/xejl12xu41h64xub3t85g/9995964312657_01_01.wav?rlkey=k6c7c6f2qfw0kh53i9pfd1qr6&st=y2r9az98&dl=1 | N9: wav
A10: 9995964312657 | C10: {=ifs(and(isblank($A10),isblank($B10)),"", not(iserror(vlookup($A10&$B10,'3) Release_Label'!$D:$D&'3) Release_Label'!$E:$E,1,0))),vlookup($A10&$B10,{'3) Release_Label'!$D:$D&'3) Release_Label'!$E:$E,'3) Release_Label'!$F:$F},2,0), or(and(not(isblank($B10)),$B10=$B9,$A10<>$A9),and(not(isblank($A10)),$A10=$A9,$B10<>$B9)),"ID LISTS UNALIGNED",and($A10<>"",countif('3) Release_Label'!$D:$D,$A10)=0),"NO UPC MATCH in Release_Label",and($B10<>"",countif('3) Release_Label'!$E:$E,$B10)=0),"NO CATALOG ID MATCH in Release_Label",iserror(vlookup($A10&$B10,'3) Release_Label'!$D:$D&'3) Release_Label'!$E:$E,1,0)),"NO UPC-CATALOG ID pair MATCH in Release_Label" )} -> Angrej (Original Motion Picture Soundtrack) | D10: {=ifs(and(isblank($A10),isblank($B10)),"", not(iserror(vlookup($A10&$B10,'3) Release_Label'!$D:$D&'3) Release_Label'!$E:$E,1,0))),vlookup($A10&$B10,{'3) Release_Label'!$D:$D&'3) Release_Label'!$E:$E,'3) Release_Label'!$H:$H},2,0), or(and(not(isblank($B10)),$B10=$B9,$A10<>$A9),and(not(isblank($A10)),$A10=$A9,$B10<>$B9)),"ID LISTS UNALIGNED",and($A10<>"",countif('3) Release_Label'!$D:$D,$A10)=0),"NO UPC MATCH in Release_Label",and($B10<>"",countif('3) Release_Label'!$E:$E,$B10)=0),"NO CATALOG ID MATCH in Release_Label",iserror(vlookup($A10&$B10,'3) Release_Label'!$D:$D&'3) Release_Label'!$E:$E,1,0)),"NO UPC-CATALOG ID pair MATCH in Release_Label" )} | E10: =if(and(isblank($A10),isblank($B10)),"",if(not(iserror(find("MATCH in ",D10))),D10,if(or(and(not(isblank($B10)),$B10=$B9,$A10<>$A9),and(not(isblank($A10)),$A10=$A9,$B10<>$B9)),"ID LISTS UNALIGNED",if(not(isblank($A10)),if($A10=$A9,1+E9,1),if($B10=$B9,1+E9,1))))) -> 2 | F10: COL5K1500301 | H10: Kurta Suha | J10: Punjabi | K10: NO | L10: Original | M10: https://www.dropbox.com/scl/fi/46kmf4di2gcsizr1ms2w2/9995964312657_01_02.wav?rlkey=x1vh84cdn8upbm7m4a5c4e55f&st=rfq8o6il&dl=1 | N10: wav
A11: 9995964312657 | C11: {=ifs(and(isblank($A11),isblank($B11)),"", not(iserror(vlookup($A11&$B11,'3) Release_Label'!$D:$D&'3) Release_Label'!$E:$E,1,0))),vlookup($A11&$B11,{'3) Release_Label'!$D:$D&'3) Release_Label'!$E:$E,'3) Release_Label'!$F:$F},2,0), or(and(not(isblank($B11)),$B11=$B10,$A11<>$A10),and(not(isblank($A11)),$A11=$A10,$B11<>$B10)),"ID LISTS UNALIGNED",and($A11<>"",countif('3) Release_Label'!$D:$D,$A11)=0),"NO UPC MATCH in Release_Label",and($B11<>"",countif('3) Release_Label'!$E:$E,$B11)=0),"NO CATALOG ID MATCH in Release_Label",iserror(vlookup($A11&$B11,'3) Release_Label'!$D:$D&'3) Release_Label'!$E:$E,1,0)),"NO UPC-CATALOG ID pair MATCH in Release_Label" )} -> Angrej (Original Motion Picture Soundtrack) | D11: {=ifs(and(isblank($A11),isblank($B11)),"", not(iserror(vlookup($A11&$B11,'3) Release_Label'!$D:$D&'3) Release_Label'!$E:$E,1,0))),vlookup($A11&$B11,{'3) Release_Label'!$D:$D&'3) Release_Label'!$E:$E,'3) Release_Label'!$H:$H},2,0), or(and(not(isblank($B11)),$B11=$B10,$A11<>$A10),and(not(isblank($A11)),$A11=$A10,$B11<>$B10)),"ID LISTS UNALIGNED",and($A11<>"",countif('3) Release_Label'!$D:$D,$A11)=0),"NO UPC MATCH in Release_Label",and($B11<>"",countif('3) Release_Label'!$E:$E,$B11)=0),"NO CATALOG ID MATCH in Release_Label",iserror(vlookup($A11&$B11,'3) Release_Label'!$D:$D&'3) Release_Label'!$E:$E,1,0)),"NO UPC-CATALOG ID pair MATCH in Release_Label" )} | E11: =if(and(isblank($A11),isblank($B11)),"",if(not(iserror(find("MATCH in ",D11))),D11,if(or(and(not(isblank($B11)),$B11=$B10,$A11<>$A10),and(not(isblank($A11)),$A11=$A10,$B11<>$B10)),"ID LISTS UNALIGNED",if(not(isblank($A11)),if($A11=$A10,1+E10,1),if($B11=$B10,1+E10,1))))) -> 3 | F11: COL5K1500305 | H11: Family Di Member | J11: Punjabi | K11: NO | L11: Original | M11: https://www.dropbox.com/scl/fi/el72e57se2gibs3nuhbqu/9995964312657_01_03.wav?rlkey=fet0q8s28ncmlnos08xrbfwxp&st=j7sn2dtg&dl=1 | N11: wav
A12: 9995964312657 | C12: {=ifs(and(isblank($A12),isblank($B12)),"", not(iserror(vlookup($A12&$B12,'3) Release_Label'!$D:$D&'3) Release_Label'!$E:$E,1,0))),vlookup($A12&$B12,{'3) Release_Label'!$D:$D&'3) Release_Label'!$E:$E,'3) Release_Label'!$F:$F},2,0), or(and(not(isblank($B12)),$B12=$B11,$A12<>$A11),and(not(isblank($A12)),$A12=$A11,$B12<>$B11)),"ID LISTS UNALIGNED",and($A12<>"",countif('3) Release_Label'!$D:$D,$A12)=0),"NO UPC MATCH in Release_Label",and($B12<>"",countif('3) Release_Label'!$E:$E,$B12)=0),"NO CATALOG ID MATCH in Release_Label",iserror(vlookup($A12&$B12,'3) Release_Label'!$D:$D&'3) Release_Label'!$E:$E,1,0)),"NO UPC-CATALOG ID pair MATCH in Release_Label" )} -> Angrej (Original Motion Picture Soundtrack) | D12: {=ifs(and(isblank($A12),isblank($B12)),"", not(iserror(vlookup($A12&$B12,'3) Release_Label'!$D:$D&'3) Release_Label'!$E:$E,1,0))),vlookup($A12&$B12,{'3) Release_Label'!$D:$D&'3) Release_Label'!$E:$E,'3) Release_Label'!$H:$H},2,0), or(and(not(isblank($B12)),$B12=$B11,$A12<>$A11),and(not(isblank($A12)),$A12=$A11,$B12<>$B11)),"ID LISTS UNALIGNED",and($A12<>"",countif('3) Release_Label'!$D:$D,$A12)=0),"NO UPC MATCH in Release_Label",and($B12<>"",countif('3) Release_Label'!$E:$E,$B12)=0),"NO CATALOG ID MATCH in Release_Label",iserror(vlookup($A12&$B12,'3) Release_Label'!$D:$D&'3) Release_Label'!$E:$E,1,0)),"NO UPC-CATALOG ID pair MATCH in Release_Label" )} | E12: =if(and(isblank($A12),isblank($B12)),"",if(not(iserror(find("MATCH in ",D12))),D12,if(or(and(not(isblank($B12)),$B12=$B11,$A12<>$A11),and(not(isblank($A12)),$A12=$A11,$B12<>$B11)),"ID LISTS UNALIGNED",if(not(isblank($A12)),if($A12=$A11,1+E11,1),if($B12=$B11,1+E11,1))))) -> 4 | F12: COL5K1500306 | H12: Chete Kar Kar Ke | J12: Punjabi | K12: NO | L12: Original | M12: https://www.dropbox.com/scl/fi/mhnq6jkn79av91aomu540/9995964312657_01_04.wav?rlkey=n8fr35g21d0k0oedz5pn8v6b5&st=4t15ykq4&dl=1 | N12: wav
A13: 9995964312657 | C13: {=ifs(and(isblank($A13),isblank($B13)),"", not(iserror(vlookup($A13&$B13,'3) Release_Label'!$D:$D&'3) Release_Label'!$E:$E,1,0))),vlookup($A13&$B13,{'3) Release_Label'!$D:$D&'3) Release_Label'!$E:$E,'3) Release_Label'!$F:$F},2,0), or(and(not(isblank($B13)),$B13=$B12,$A13<>$A12),and(not(isblank($A13)),$A13=$A12,$B13<>$B12)),"ID LISTS UNALIGNED",and($A13<>"",countif('3) Release_Label'!$D:$D,$A13)=0),"NO UPC MATCH in Release_Label",and($B13<>"",countif('3) Release_Label'!$E:$E,$B13)=0),"NO CATALOG ID MATCH in Release_Label",iserror(vlookup($A13&$B13,'3) Release_Label'!$D:$D&'3) Release_Label'!$E:$E,1,0)),"NO UPC-CATALOG ID pair MATCH in Release_Label" )} -> Angrej (Original Motion Picture Soundtrack) | D13: {=ifs(and(isblank($A13),isblank($B13)),"", not(iserror(vlookup($A13&$B13,'3) Release_Label'!$D:$D&'3) Release_Label'!$E:$E,1,0))),vlookup($A13&$B13,{'3) Release_Label'!$D:$D&'3) Release_Label'!$E:$E,'3) Release_Label'!$H:$H},2,0), or(and(not(isblank($B13)),$B13=$B12,$A13<>$A12),and(not(isblank($A13)),$A13=$A12,$B13<>$B12)),"ID LISTS UNALIGNED",and($A13<>"",countif('3) Release_Label'!$D:$D,$A13)=0),"NO UPC MATCH in Release_Label",and($B13<>"",countif('3) Release_Label'!$E:$E,$B13)=0),"NO CATALOG ID MATCH in Release_Label",iserror(vlookup($A13&$B13,'3) Release_Label'!$D:$D&'3) Release_Label'!$E:$E,1,0)),"NO UPC-CATALOG ID pair MATCH in Release_Label" )} | E13: =if(and(isblank($A13),isblank($B13)),"",if(not(iserror(find("MATCH in ",D13))),D13,if(or(and(not(isblank($B13)),$B13=$B12,$A13<>$A12),and(not(isblank($A13)),$A13=$A12,$B13<>$B12)),"ID LISTS UNALIGNED",if(not(isblank($A13)),if($A13=$A12,1+E12,1),if($B13=$B12,1+E12,1))))) -> 5 | F13: COL5K1500302 | H13: Vanjhali Vaja | J13: Punjabi | K13: NO | L13: Original | M13: https://www.dropbox.com/scl/fi/ac5qbi9hg2ytvih0j35aj/9995964312657_01_05.wav?rlkey=r54bzxsw97eyejv6kph3l5vfv&st=fqaxpux2&dl=1 | N13: wav
